date,region,metric,value,unit
2015-01-02,global,aud_usd,0.8118,usd_per_aud
2015-01-05,global,aud_usd,0.8095,usd_per_aud
2015-01-06,global,aud_usd,0.8118,usd_per_aud
2015-01-07,global,aud_usd,0.8049,usd_per_aud
2015-01-08,global,aud_usd,0.8126,usd_per_aud
2015-01-09,global,aud_usd,0.8191,usd_per_aud
2015-01-12,global,aud_usd,0.8165,usd_per_aud
2015-01-13,global,aud_usd,0.8164,usd_per_aud
2015-01-14,global,aud_usd,0.8163,usd_per_aud
2015-01-15,global,aud_usd,0.8212,usd_per_aud
2015-01-16,global,aud_usd,0.8194,usd_per_aud
2015-01-20,global,aud_usd,0.8177,usd_per_aud
2015-01-21,global,aud_usd,0.8101,usd_per_aud
2015-01-22,global,aud_usd,0.8099,usd_per_aud
2015-01-23,global,aud_usd,0.7935,usd_per_aud
2015-01-26,global,aud_usd,0.7934,usd_per_aud
2015-01-27,global,aud_usd,0.7939,usd_per_aud
2015-01-28,global,aud_usd,0.7973,usd_per_aud
2015-01-29,global,aud_usd,0.7758,usd_per_aud
2015-01-30,global,aud_usd,0.7762,usd_per_aud
2015-02-02,global,aud_usd,0.7818,usd_per_aud
2015-02-03,global,aud_usd,0.7737,usd_per_aud
2015-02-04,global,aud_usd,0.7761,usd_per_aud
2015-02-05,global,aud_usd,0.7803,usd_per_aud
2015-02-06,global,aud_usd,0.7807,usd_per_aud
2015-02-09,global,aud_usd,0.7813,usd_per_aud
2015-02-10,global,aud_usd,0.7781,usd_per_aud
2015-02-11,global,aud_usd,0.7713,usd_per_aud
2015-02-12,global,aud_usd,0.7763,usd_per_aud
2015-02-13,global,aud_usd,0.7772,usd_per_aud
2015-02-17,global,aud_usd,0.7816,usd_per_aud
2015-02-18,global,aud_usd,0.7778,usd_per_aud
2015-02-19,global,aud_usd,0.781,usd_per_aud
2015-02-20,global,aud_usd,0.7833,usd_per_aud
2015-02-23,global,aud_usd,0.7807,usd_per_aud
2015-02-24,global,aud_usd,0.7808,usd_per_aud
2015-02-25,global,aud_usd,0.7898,usd_per_aud
2015-02-26,global,aud_usd,0.7816,usd_per_aud
2015-02-27,global,aud_usd,0.781,usd_per_aud
2015-03-02,global,aud_usd,0.778,usd_per_aud
2015-03-03,global,aud_usd,0.784,usd_per_aud
2015-03-04,global,aud_usd,0.7821,usd_per_aud
2015-03-05,global,aud_usd,0.7763,usd_per_aud
2015-03-06,global,aud_usd,0.7712,usd_per_aud
2015-03-09,global,aud_usd,0.7716,usd_per_aud
2015-03-10,global,aud_usd,0.7637,usd_per_aud
2015-03-11,global,aud_usd,0.7582,usd_per_aud
2015-03-12,global,aud_usd,0.7705,usd_per_aud
2015-03-13,global,aud_usd,0.7631,usd_per_aud
2015-03-16,global,aud_usd,0.7656,usd_per_aud
2015-03-17,global,aud_usd,0.7615,usd_per_aud
2015-03-18,global,aud_usd,0.7653,usd_per_aud
2015-03-19,global,aud_usd,0.7618,usd_per_aud
2015-03-20,global,aud_usd,0.7759,usd_per_aud
2015-03-23,global,aud_usd,0.7848,usd_per_aud
2015-03-24,global,aud_usd,0.7869,usd_per_aud
2015-03-25,global,aud_usd,0.7856,usd_per_aud
2015-03-26,global,aud_usd,0.7836,usd_per_aud
2015-03-27,global,aud_usd,0.7754,usd_per_aud
2015-03-30,global,aud_usd,0.7645,usd_per_aud
2015-03-31,global,aud_usd,0.7625,usd_per_aud
2015-04-01,global,aud_usd,0.7615,usd_per_aud
2015-04-02,global,aud_usd,0.7566,usd_per_aud
2015-04-03,global,aud_usd,0.7645,usd_per_aud
2015-04-06,global,aud_usd,0.7657,usd_per_aud
2015-04-07,global,aud_usd,0.7646,usd_per_aud
2015-04-08,global,aud_usd,0.7715,usd_per_aud
2015-04-09,global,aud_usd,0.7706,usd_per_aud
2015-04-10,global,aud_usd,0.7674,usd_per_aud
2015-04-13,global,aud_usd,0.7579,usd_per_aud
2015-04-14,global,aud_usd,0.7638,usd_per_aud
2015-04-15,global,aud_usd,0.761,usd_per_aud
2015-04-16,global,aud_usd,0.7796,usd_per_aud
2015-04-17,global,aud_usd,0.7776,usd_per_aud
2015-04-20,global,aud_usd,0.7727,usd_per_aud
2015-04-21,global,aud_usd,0.7741,usd_per_aud
2015-04-22,global,aud_usd,0.7771,usd_per_aud
2015-04-23,global,aud_usd,0.7782,usd_per_aud
2015-04-24,global,aud_usd,0.7825,usd_per_aud
2015-04-27,global,aud_usd,0.7859,usd_per_aud
2015-04-28,global,aud_usd,0.8017,usd_per_aud
2015-04-29,global,aud_usd,0.8065,usd_per_aud
2015-04-30,global,aud_usd,0.7867,usd_per_aud
2015-05-01,global,aud_usd,0.7813,usd_per_aud
2015-05-04,global,aud_usd,0.7839,usd_per_aud
2015-05-05,global,aud_usd,0.7941,usd_per_aud
2015-05-06,global,aud_usd,0.8005,usd_per_aud
2015-05-07,global,aud_usd,0.7914,usd_per_aud
2015-05-08,global,aud_usd,0.7914,usd_per_aud
2015-05-11,global,aud_usd,0.7899,usd_per_aud
2015-05-12,global,aud_usd,0.7989,usd_per_aud
2015-05-13,global,aud_usd,0.8118,usd_per_aud
2015-05-14,global,aud_usd,0.8082,usd_per_aud
2015-05-15,global,aud_usd,0.8053,usd_per_aud
2015-05-18,global,aud_usd,0.8001,usd_per_aud
2015-05-19,global,aud_usd,0.7918,usd_per_aud
2015-05-20,global,aud_usd,0.7877,usd_per_aud
2015-05-21,global,aud_usd,0.7888,usd_per_aud
2015-05-22,global,aud_usd,0.7828,usd_per_aud
2015-05-26,global,aud_usd,0.7738,usd_per_aud
2015-05-27,global,aud_usd,0.7712,usd_per_aud
2015-05-28,global,aud_usd,0.7631,usd_per_aud
2015-05-29,global,aud_usd,0.7659,usd_per_aud
2015-06-01,global,aud_usd,0.7613,usd_per_aud
2015-06-02,global,aud_usd,0.7748,usd_per_aud
2015-06-03,global,aud_usd,0.7803,usd_per_aud
2015-06-04,global,aud_usd,0.7673,usd_per_aud
2015-06-05,global,aud_usd,0.7622,usd_per_aud
2015-06-08,global,aud_usd,0.765,usd_per_aud
2015-06-09,global,aud_usd,0.7685,usd_per_aud
2015-06-10,global,aud_usd,0.7749,usd_per_aud
2015-06-11,global,aud_usd,0.7726,usd_per_aud
2015-06-12,global,aud_usd,0.7742,usd_per_aud
2015-06-15,global,aud_usd,0.7767,usd_per_aud
2015-06-16,global,aud_usd,0.7753,usd_per_aud
2015-06-17,global,aud_usd,0.7667,usd_per_aud
2015-06-18,global,aud_usd,0.7831,usd_per_aud
2015-06-19,global,aud_usd,0.7758,usd_per_aud
2015-06-22,global,aud_usd,0.7745,usd_per_aud
2015-06-23,global,aud_usd,0.7739,usd_per_aud
2015-06-24,global,aud_usd,0.7689,usd_per_aud
2015-06-25,global,aud_usd,0.7741,usd_per_aud
2015-06-26,global,aud_usd,0.765,usd_per_aud
2015-06-29,global,aud_usd,0.7677,usd_per_aud
2015-06-30,global,aud_usd,0.7704,usd_per_aud
2015-07-01,global,aud_usd,0.7664,usd_per_aud
2015-07-02,global,aud_usd,0.763,usd_per_aud
2015-07-06,global,aud_usd,0.7521,usd_per_aud
2015-07-07,global,aud_usd,0.7435,usd_per_aud
2015-07-08,global,aud_usd,0.7445,usd_per_aud
2015-07-09,global,aud_usd,0.7438,usd_per_aud
2015-07-10,global,aud_usd,0.7427,usd_per_aud
2015-07-13,global,aud_usd,0.7407,usd_per_aud
2015-07-14,global,aud_usd,0.745,usd_per_aud
2015-07-15,global,aud_usd,0.7366,usd_per_aud
2015-07-16,global,aud_usd,0.743,usd_per_aud
2015-07-17,global,aud_usd,0.7371,usd_per_aud
2015-07-20,global,aud_usd,0.738,usd_per_aud
2015-07-21,global,aud_usd,0.7429,usd_per_aud
2015-07-22,global,aud_usd,0.7368,usd_per_aud
2015-07-23,global,aud_usd,0.7375,usd_per_aud
2015-07-24,global,aud_usd,0.7279,usd_per_aud
2015-07-27,global,aud_usd,0.7304,usd_per_aud
2015-07-28,global,aud_usd,0.7325,usd_per_aud
2015-07-29,global,aud_usd,0.7307,usd_per_aud
2015-07-30,global,aud_usd,0.7278,usd_per_aud
2015-07-31,global,aud_usd,0.7332,usd_per_aud
2015-08-03,global,aud_usd,0.7277,usd_per_aud
2015-08-04,global,aud_usd,0.7419,usd_per_aud
2015-08-05,global,aud_usd,0.7346,usd_per_aud
2015-08-06,global,aud_usd,0.7343,usd_per_aud
2015-08-07,global,aud_usd,0.7393,usd_per_aud
2015-08-10,global,aud_usd,0.7404,usd_per_aud
2015-08-11,global,aud_usd,0.7288,usd_per_aud
2015-08-12,global,aud_usd,0.7375,usd_per_aud
2015-08-13,global,aud_usd,0.7361,usd_per_aud
2015-08-14,global,aud_usd,0.7376,usd_per_aud
2015-08-17,global,aud_usd,0.7386,usd_per_aud
2015-08-18,global,aud_usd,0.7334,usd_per_aud
2015-08-19,global,aud_usd,0.7316,usd_per_aud
2015-08-20,global,aud_usd,0.7357,usd_per_aud
2015-08-21,global,aud_usd,0.7343,usd_per_aud
2015-08-24,global,aud_usd,0.7202,usd_per_aud
2015-08-25,global,aud_usd,0.7183,usd_per_aud
2015-08-26,global,aud_usd,0.7087,usd_per_aud
2015-08-27,global,aud_usd,0.7179,usd_per_aud
2015-08-28,global,aud_usd,0.7129,usd_per_aud
2015-08-31,global,aud_usd,0.71,usd_per_aud
2015-09-01,global,aud_usd,0.7036,usd_per_aud
2015-09-02,global,aud_usd,0.7011,usd_per_aud
2015-09-03,global,aud_usd,0.7025,usd_per_aud
2015-09-04,global,aud_usd,0.6917,usd_per_aud
2015-09-08,global,aud_usd,0.7023,usd_per_aud
2015-09-09,global,aud_usd,0.7024,usd_per_aud
2015-09-10,global,aud_usd,0.7086,usd_per_aud
2015-09-11,global,aud_usd,0.7074,usd_per_aud
2015-09-14,global,aud_usd,0.7137,usd_per_aud
2015-09-15,global,aud_usd,0.7092,usd_per_aud
2015-09-16,global,aud_usd,0.7186,usd_per_aud
2015-09-17,global,aud_usd,0.7147,usd_per_aud
2015-09-18,global,aud_usd,0.7222,usd_per_aud
2015-09-21,global,aud_usd,0.7125,usd_per_aud
2015-09-22,global,aud_usd,0.7078,usd_per_aud
2015-09-23,global,aud_usd,0.7004,usd_per_aud
2015-09-24,global,aud_usd,0.6998,usd_per_aud
2015-09-25,global,aud_usd,0.7014,usd_per_aud
2015-09-28,global,aud_usd,0.7005,usd_per_aud
2015-09-29,global,aud_usd,0.7007,usd_per_aud
2015-09-30,global,aud_usd,0.702,usd_per_aud
2015-10-01,global,aud_usd,0.7044,usd_per_aud
2015-10-02,global,aud_usd,0.7025,usd_per_aud
2015-10-05,global,aud_usd,0.7088,usd_per_aud
2015-10-06,global,aud_usd,0.7143,usd_per_aud
2015-10-07,global,aud_usd,0.7213,usd_per_aud
2015-10-08,global,aud_usd,0.7225,usd_per_aud
2015-10-09,global,aud_usd,0.7328,usd_per_aud
2015-10-13,global,aud_usd,0.7283,usd_per_aud
2015-10-14,global,aud_usd,0.7256,usd_per_aud
2015-10-15,global,aud_usd,0.7316,usd_per_aud
2015-10-16,global,aud_usd,0.7261,usd_per_aud
2015-10-19,global,aud_usd,0.7254,usd_per_aud
2015-10-20,global,aud_usd,0.7256,usd_per_aud
2015-10-21,global,aud_usd,0.7226,usd_per_aud
2015-10-22,global,aud_usd,0.722,usd_per_aud
2015-10-23,global,aud_usd,0.7215,usd_per_aud
2015-10-26,global,aud_usd,0.7262,usd_per_aud
2015-10-27,global,aud_usd,0.7233,usd_per_aud
2015-10-28,global,aud_usd,0.7143,usd_per_aud
2015-10-29,global,aud_usd,0.7081,usd_per_aud
2015-10-30,global,aud_usd,0.7133,usd_per_aud
2015-11-02,global,aud_usd,0.7141,usd_per_aud
2015-11-03,global,aud_usd,0.7173,usd_per_aud
2015-11-04,global,aud_usd,0.7148,usd_per_aud
2015-11-05,global,aud_usd,0.7148,usd_per_aud
2015-11-06,global,aud_usd,0.7034,usd_per_aud
2015-11-09,global,aud_usd,0.7046,usd_per_aud
2015-11-10,global,aud_usd,0.703,usd_per_aud
2015-11-12,global,aud_usd,0.7116,usd_per_aud
2015-11-13,global,aud_usd,0.7118,usd_per_aud
2015-11-16,global,aud_usd,0.7085,usd_per_aud
2015-11-17,global,aud_usd,0.7115,usd_per_aud
2015-11-18,global,aud_usd,0.7078,usd_per_aud
2015-11-19,global,aud_usd,0.7208,usd_per_aud
2015-11-20,global,aud_usd,0.7233,usd_per_aud
2015-11-23,global,aud_usd,0.7188,usd_per_aud
2015-11-24,global,aud_usd,0.7241,usd_per_aud
2015-11-25,global,aud_usd,0.7246,usd_per_aud
2015-11-27,global,aud_usd,0.7192,usd_per_aud
2015-11-30,global,aud_usd,0.7235,usd_per_aud
2015-12-01,global,aud_usd,0.732,usd_per_aud
2015-12-02,global,aud_usd,0.7309,usd_per_aud
2015-12-03,global,aud_usd,0.731,usd_per_aud
2015-12-04,global,aud_usd,0.7346,usd_per_aud
2015-12-07,global,aud_usd,0.7268,usd_per_aud
2015-12-08,global,aud_usd,0.7211,usd_per_aud
2015-12-09,global,aud_usd,0.7204,usd_per_aud
2015-12-10,global,aud_usd,0.7299,usd_per_aud
2015-12-11,global,aud_usd,0.7214,usd_per_aud
2015-12-14,global,aud_usd,0.7258,usd_per_aud
2015-12-15,global,aud_usd,0.7176,usd_per_aud
2015-12-16,global,aud_usd,0.7207,usd_per_aud
2015-12-17,global,aud_usd,0.71,usd_per_aud
2015-12-18,global,aud_usd,0.7197,usd_per_aud
2015-12-21,global,aud_usd,0.7172,usd_per_aud
2015-12-22,global,aud_usd,0.7231,usd_per_aud
2015-12-23,global,aud_usd,0.7221,usd_per_aud
2015-12-24,global,aud_usd,0.7269,usd_per_aud
2015-12-28,global,aud_usd,0.7262,usd_per_aud
2015-12-29,global,aud_usd,0.7293,usd_per_aud
2015-12-30,global,aud_usd,0.7284,usd_per_aud
2015-12-31,global,aud_usd,0.7286,usd_per_aud
2016-01-04,global,aud_usd,0.7166,usd_per_aud
2016-01-05,global,aud_usd,0.7151,usd_per_aud
2016-01-06,global,aud_usd,0.707,usd_per_aud
2016-01-07,global,aud_usd,0.7025,usd_per_aud
2016-01-08,global,aud_usd,0.6976,usd_per_aud
2016-01-11,global,aud_usd,0.6992,usd_per_aud
2016-01-12,global,aud_usd,0.6975,usd_per_aud
2016-01-13,global,aud_usd,0.6996,usd_per_aud
2016-01-14,global,aud_usd,0.698,usd_per_aud
2016-01-15,global,aud_usd,0.6864,usd_per_aud
2016-01-19,global,aud_usd,0.6929,usd_per_aud
2016-01-20,global,aud_usd,0.6855,usd_per_aud
2016-01-21,global,aud_usd,0.7003,usd_per_aud
2016-01-22,global,aud_usd,0.7014,usd_per_aud
2016-01-25,global,aud_usd,0.697,usd_per_aud
2016-01-26,global,aud_usd,0.7005,usd_per_aud
2016-01-27,global,aud_usd,0.7074,usd_per_aud
2016-01-28,global,aud_usd,0.7085,usd_per_aud
2016-01-29,global,aud_usd,0.7071,usd_per_aud
2016-02-01,global,aud_usd,0.7084,usd_per_aud
2016-02-02,global,aud_usd,0.7058,usd_per_aud
2016-02-03,global,aud_usd,0.7134,usd_per_aud
2016-02-04,global,aud_usd,0.7216,usd_per_aud
2016-02-05,global,aud_usd,0.7084,usd_per_aud
2016-02-08,global,aud_usd,0.7103,usd_per_aud
2016-02-09,global,aud_usd,0.7065,usd_per_aud
2016-02-10,global,aud_usd,0.7089,usd_per_aud
2016-02-11,global,aud_usd,0.7096,usd_per_aud
2016-02-12,global,aud_usd,0.7098,usd_per_aud
2016-02-16,global,aud_usd,0.7103,usd_per_aud
2016-02-17,global,aud_usd,0.7168,usd_per_aud
2016-02-18,global,aud_usd,0.715,usd_per_aud
2016-02-19,global,aud_usd,0.7125,usd_per_aud
2016-02-22,global,aud_usd,0.7238,usd_per_aud
2016-02-23,global,aud_usd,0.7209,usd_per_aud
2016-02-24,global,aud_usd,0.7177,usd_per_aud
2016-02-25,global,aud_usd,0.7208,usd_per_aud
2016-02-26,global,aud_usd,0.713,usd_per_aud
2016-02-29,global,aud_usd,0.7152,usd_per_aud
2016-03-01,global,aud_usd,0.7172,usd_per_aud
2016-03-02,global,aud_usd,0.7268,usd_per_aud
2016-03-03,global,aud_usd,0.736,usd_per_aud
2016-03-04,global,aud_usd,0.7425,usd_per_aud
2016-03-07,global,aud_usd,0.7467,usd_per_aud
2016-03-08,global,aud_usd,0.7451,usd_per_aud
2016-03-09,global,aud_usd,0.7528,usd_per_aud
2016-03-10,global,aud_usd,0.7444,usd_per_aud
2016-03-11,global,aud_usd,0.7572,usd_per_aud
2016-03-14,global,aud_usd,0.7515,usd_per_aud
2016-03-15,global,aud_usd,0.7465,usd_per_aud
2016-03-16,global,aud_usd,0.7435,usd_per_aud
2016-03-17,global,aud_usd,0.7637,usd_per_aud
2016-03-18,global,aud_usd,0.7618,usd_per_aud
2016-03-21,global,aud_usd,0.7594,usd_per_aud
2016-03-22,global,aud_usd,0.7625,usd_per_aud
2016-03-23,global,aud_usd,0.7533,usd_per_aud
2016-03-24,global,aud_usd,0.7516,usd_per_aud
2016-03-25,global,aud_usd,0.7518,usd_per_aud
2016-03-28,global,aud_usd,0.7549,usd_per_aud
2016-03-29,global,aud_usd,0.7567,usd_per_aud
2016-03-30,global,aud_usd,0.7667,usd_per_aud
2016-03-31,global,aud_usd,0.7677,usd_per_aud
2016-04-01,global,aud_usd,0.7672,usd_per_aud
2016-04-04,global,aud_usd,0.7614,usd_per_aud
2016-04-05,global,aud_usd,0.7519,usd_per_aud
2016-04-06,global,aud_usd,0.7613,usd_per_aud
2016-04-07,global,aud_usd,0.7504,usd_per_aud
2016-04-08,global,aud_usd,0.7554,usd_per_aud
2016-04-11,global,aud_usd,0.7599,usd_per_aud
2016-04-12,global,aud_usd,0.7659,usd_per_aud
2016-04-13,global,aud_usd,0.7649,usd_per_aud
2016-04-14,global,aud_usd,0.7705,usd_per_aud
2016-04-15,global,aud_usd,0.7717,usd_per_aud
2016-04-18,global,aud_usd,0.7746,usd_per_aud
2016-04-19,global,aud_usd,0.7806,usd_per_aud
2016-04-20,global,aud_usd,0.7817,usd_per_aud
2016-04-21,global,aud_usd,0.7758,usd_per_aud
2016-04-22,global,aud_usd,0.7713,usd_per_aud
2016-04-25,global,aud_usd,0.7717,usd_per_aud
2016-04-26,global,aud_usd,0.7741,usd_per_aud
2016-04-27,global,aud_usd,0.7594,usd_per_aud
2016-04-28,global,aud_usd,0.7635,usd_per_aud
2016-04-29,global,aud_usd,0.7612,usd_per_aud
2016-05-02,global,aud_usd,0.7641,usd_per_aud
2016-05-03,global,aud_usd,0.7492,usd_per_aud
2016-05-04,global,aud_usd,0.7454,usd_per_aud
2016-05-05,global,aud_usd,0.7465,usd_per_aud
2016-05-06,global,aud_usd,0.7358,usd_per_aud
2016-05-09,global,aud_usd,0.7323,usd_per_aud
2016-05-10,global,aud_usd,0.7351,usd_per_aud
2016-05-11,global,aud_usd,0.7398,usd_per_aud
2016-05-12,global,aud_usd,0.7314,usd_per_aud
2016-05-13,global,aud_usd,0.7273,usd_per_aud
2016-05-16,global,aud_usd,0.73,usd_per_aud
2016-05-17,global,aud_usd,0.7352,usd_per_aud
2016-05-18,global,aud_usd,0.7285,usd_per_aud
2016-05-19,global,aud_usd,0.7213,usd_per_aud
2016-05-20,global,aud_usd,0.7215,usd_per_aud
2016-05-23,global,aud_usd,0.7203,usd_per_aud
2016-05-24,global,aud_usd,0.7184,usd_per_aud
2016-05-25,global,aud_usd,0.7186,usd_per_aud
2016-05-26,global,aud_usd,0.7227,usd_per_aud
2016-05-27,global,aud_usd,0.7205,usd_per_aud
2016-05-31,global,aud_usd,0.7242,usd_per_aud
2016-06-01,global,aud_usd,0.7242,usd_per_aud
2016-06-02,global,aud_usd,0.7225,usd_per_aud
2016-06-03,global,aud_usd,0.7339,usd_per_aud
2016-06-06,global,aud_usd,0.7362,usd_per_aud
2016-06-07,global,aud_usd,0.7452,usd_per_aud
2016-06-08,global,aud_usd,0.7479,usd_per_aud
2016-06-09,global,aud_usd,0.7431,usd_per_aud
2016-06-10,global,aud_usd,0.7395,usd_per_aud
2016-06-13,global,aud_usd,0.7394,usd_per_aud
2016-06-14,global,aud_usd,0.736,usd_per_aud
2016-06-15,global,aud_usd,0.7404,usd_per_aud
2016-06-16,global,aud_usd,0.7312,usd_per_aud
2016-06-17,global,aud_usd,0.7385,usd_per_aud
2016-06-20,global,aud_usd,0.7458,usd_per_aud
2016-06-21,global,aud_usd,0.7461,usd_per_aud
2016-06-22,global,aud_usd,0.7491,usd_per_aud
2016-06-23,global,aud_usd,0.7598,usd_per_aud
2016-06-24,global,aud_usd,0.7451,usd_per_aud
2016-06-27,global,aud_usd,0.7357,usd_per_aud
2016-06-28,global,aud_usd,0.7353,usd_per_aud
2016-06-29,global,aud_usd,0.7444,usd_per_aud
2016-06-30,global,aud_usd,0.7432,usd_per_aud
2016-07-01,global,aud_usd,0.7485,usd_per_aud
2016-07-05,global,aud_usd,0.7456,usd_per_aud
2016-07-06,global,aud_usd,0.7511,usd_per_aud
2016-07-07,global,aud_usd,0.7488,usd_per_aud
2016-07-08,global,aud_usd,0.7559,usd_per_aud
2016-07-11,global,aud_usd,0.7534,usd_per_aud
2016-07-12,global,aud_usd,0.7631,usd_per_aud
2016-07-13,global,aud_usd,0.7624,usd_per_aud
2016-07-14,global,aud_usd,0.7632,usd_per_aud
2016-07-15,global,aud_usd,0.7587,usd_per_aud
2016-07-18,global,aud_usd,0.7597,usd_per_aud
2016-07-19,global,aud_usd,0.7496,usd_per_aud
2016-07-20,global,aud_usd,0.7486,usd_per_aud
2016-07-21,global,aud_usd,0.7497,usd_per_aud
2016-07-22,global,aud_usd,0.7453,usd_per_aud
2016-07-25,global,aud_usd,0.7458,usd_per_aud
2016-07-26,global,aud_usd,0.7516,usd_per_aud
2016-07-27,global,aud_usd,0.746,usd_per_aud
2016-07-28,global,aud_usd,0.7511,usd_per_aud
2016-07-29,global,aud_usd,0.7599,usd_per_aud
2016-08-01,global,aud_usd,0.7567,usd_per_aud
2016-08-02,global,aud_usd,0.7611,usd_per_aud
2016-08-03,global,aud_usd,0.7592,usd_per_aud
2016-08-04,global,aud_usd,0.7637,usd_per_aud
2016-08-05,global,aud_usd,0.7615,usd_per_aud
2016-08-08,global,aud_usd,0.7656,usd_per_aud
2016-08-09,global,aud_usd,0.7677,usd_per_aud
2016-08-10,global,aud_usd,0.7717,usd_per_aud
2016-08-11,global,aud_usd,0.771,usd_per_aud
2016-08-12,global,aud_usd,0.7669,usd_per_aud
2016-08-15,global,aud_usd,0.7687,usd_per_aud
2016-08-16,global,aud_usd,0.7697,usd_per_aud
2016-08-17,global,aud_usd,0.7619,usd_per_aud
2016-08-18,global,aud_usd,0.7684,usd_per_aud
2016-08-19,global,aud_usd,0.762,usd_per_aud
2016-08-22,global,aud_usd,0.7629,usd_per_aud
2016-08-23,global,aud_usd,0.7632,usd_per_aud
2016-08-24,global,aud_usd,0.7605,usd_per_aud
2016-08-25,global,aud_usd,0.7611,usd_per_aud
2016-08-26,global,aud_usd,0.7614,usd_per_aud
2016-08-29,global,aud_usd,0.7576,usd_per_aud
2016-08-30,global,aud_usd,0.7516,usd_per_aud
2016-08-31,global,aud_usd,0.7519,usd_per_aud
2016-09-01,global,aud_usd,0.7542,usd_per_aud
2016-09-02,global,aud_usd,0.7557,usd_per_aud
2016-09-06,global,aud_usd,0.7674,usd_per_aud
2016-09-07,global,aud_usd,0.7675,usd_per_aud
2016-09-08,global,aud_usd,0.7666,usd_per_aud
2016-09-09,global,aud_usd,0.7549,usd_per_aud
2016-09-12,global,aud_usd,0.7526,usd_per_aud
2016-09-13,global,aud_usd,0.747,usd_per_aud
2016-09-14,global,aud_usd,0.7485,usd_per_aud
2016-09-15,global,aud_usd,0.7512,usd_per_aud
2016-09-16,global,aud_usd,0.7489,usd_per_aud
2016-09-19,global,aud_usd,0.756,usd_per_aud
2016-09-20,global,aud_usd,0.7552,usd_per_aud
2016-09-21,global,aud_usd,0.7589,usd_per_aud
2016-09-22,global,aud_usd,0.7644,usd_per_aud
2016-09-23,global,aud_usd,0.7621,usd_per_aud
2016-09-26,global,aud_usd,0.7642,usd_per_aud
2016-09-27,global,aud_usd,0.7658,usd_per_aud
2016-09-28,global,aud_usd,0.7659,usd_per_aud
2016-09-29,global,aud_usd,0.7676,usd_per_aud
2016-09-30,global,aud_usd,0.7667,usd_per_aud
2016-10-03,global,aud_usd,0.7664,usd_per_aud
2016-10-04,global,aud_usd,0.7644,usd_per_aud
2016-10-05,global,aud_usd,0.7618,usd_per_aud
2016-10-06,global,aud_usd,0.758,usd_per_aud
2016-10-07,global,aud_usd,0.7556,usd_per_aud
2016-10-11,global,aud_usd,0.7545,usd_per_aud
2016-10-12,global,aud_usd,0.7553,usd_per_aud
2016-10-13,global,aud_usd,0.7558,usd_per_aud
2016-10-14,global,aud_usd,0.761,usd_per_aud
2016-10-17,global,aud_usd,0.7626,usd_per_aud
2016-10-18,global,aud_usd,0.7679,usd_per_aud
2016-10-19,global,aud_usd,0.7715,usd_per_aud
2016-10-20,global,aud_usd,0.764,usd_per_aud
2016-10-21,global,aud_usd,0.7597,usd_per_aud
2016-10-24,global,aud_usd,0.7603,usd_per_aud
2016-10-25,global,aud_usd,0.7652,usd_per_aud
2016-10-26,global,aud_usd,0.7657,usd_per_aud
2016-10-27,global,aud_usd,0.7606,usd_per_aud
2016-10-28,global,aud_usd,0.7578,usd_per_aud
2016-10-31,global,aud_usd,0.7611,usd_per_aud
2016-11-01,global,aud_usd,0.7659,usd_per_aud
2016-11-02,global,aud_usd,0.7667,usd_per_aud
2016-11-03,global,aud_usd,0.7681,usd_per_aud
2016-11-04,global,aud_usd,0.7669,usd_per_aud
2016-11-07,global,aud_usd,0.77,usd_per_aud
2016-11-08,global,aud_usd,0.7733,usd_per_aud
2016-11-09,global,aud_usd,0.7674,usd_per_aud
2016-11-10,global,aud_usd,0.759,usd_per_aud
2016-11-14,global,aud_usd,0.7532,usd_per_aud
2016-11-15,global,aud_usd,0.754,usd_per_aud
2016-11-16,global,aud_usd,0.7492,usd_per_aud
2016-11-17,global,aud_usd,0.7455,usd_per_aud
2016-11-18,global,aud_usd,0.7345,usd_per_aud
2016-11-21,global,aud_usd,0.7357,usd_per_aud
2016-11-22,global,aud_usd,0.7388,usd_per_aud
2016-11-23,global,aud_usd,0.7391,usd_per_aud
2016-11-25,global,aud_usd,0.7425,usd_per_aud
2016-11-28,global,aud_usd,0.7478,usd_per_aud
2016-11-29,global,aud_usd,0.7469,usd_per_aud
2016-11-30,global,aud_usd,0.7387,usd_per_aud
2016-12-01,global,aud_usd,0.7411,usd_per_aud
2016-12-02,global,aud_usd,0.7445,usd_per_aud
2016-12-05,global,aud_usd,0.7476,usd_per_aud
2016-12-06,global,aud_usd,0.7454,usd_per_aud
2016-12-07,global,aud_usd,0.7479,usd_per_aud
2016-12-08,global,aud_usd,0.7448,usd_per_aud
2016-12-09,global,aud_usd,0.7442,usd_per_aud
2016-12-12,global,aud_usd,0.7486,usd_per_aud
2016-12-13,global,aud_usd,0.7494,usd_per_aud
2016-12-14,global,aud_usd,0.7512,usd_per_aud
2016-12-15,global,aud_usd,0.7343,usd_per_aud
2016-12-16,global,aud_usd,0.7298,usd_per_aud
2016-12-19,global,aud_usd,0.7264,usd_per_aud
2016-12-20,global,aud_usd,0.7252,usd_per_aud
2016-12-21,global,aud_usd,0.7244,usd_per_aud
2016-12-22,global,aud_usd,0.7216,usd_per_aud
2016-12-23,global,aud_usd,0.7174,usd_per_aud
2016-12-27,global,aud_usd,0.7189,usd_per_aud
2016-12-28,global,aud_usd,0.7185,usd_per_aud
2016-12-29,global,aud_usd,0.722,usd_per_aud
2016-12-30,global,aud_usd,0.723,usd_per_aud
2017-01-03,global,aud_usd,0.7231,usd_per_aud
2017-01-04,global,aud_usd,0.727,usd_per_aud
2017-01-05,global,aud_usd,0.7334,usd_per_aud
2017-01-06,global,aud_usd,0.7305,usd_per_aud
2017-01-09,global,aud_usd,0.7364,usd_per_aud
2017-01-10,global,aud_usd,0.737,usd_per_aud
2017-01-11,global,aud_usd,0.74,usd_per_aud
2017-01-12,global,aud_usd,0.7508,usd_per_aud
2017-01-13,global,aud_usd,0.7481,usd_per_aud
2017-01-17,global,aud_usd,0.754,usd_per_aud
2017-01-18,global,aud_usd,0.7553,usd_per_aud
2017-01-19,global,aud_usd,0.7545,usd_per_aud
2017-01-23,global,aud_usd,0.7564,usd_per_aud
2017-01-24,global,aud_usd,0.7584,usd_per_aud
2017-01-25,global,aud_usd,0.7565,usd_per_aud
2017-01-26,global,aud_usd,0.7531,usd_per_aud
2017-01-27,global,aud_usd,0.7549,usd_per_aud
2017-01-30,global,aud_usd,0.7556,usd_per_aud
2017-01-31,global,aud_usd,0.7582,usd_per_aud
2017-02-01,global,aud_usd,0.7564,usd_per_aud
2017-02-02,global,aud_usd,0.7673,usd_per_aud
2017-02-03,global,aud_usd,0.7686,usd_per_aud
2017-02-06,global,aud_usd,0.7641,usd_per_aud
2017-02-07,global,aud_usd,0.7636,usd_per_aud
2017-02-08,global,aud_usd,0.7648,usd_per_aud
2017-02-09,global,aud_usd,0.7623,usd_per_aud
2017-02-10,global,aud_usd,0.7686,usd_per_aud
2017-02-13,global,aud_usd,0.7644,usd_per_aud
2017-02-14,global,aud_usd,0.7638,usd_per_aud
2017-02-15,global,aud_usd,0.7698,usd_per_aud
2017-02-16,global,aud_usd,0.7694,usd_per_aud
2017-02-17,global,aud_usd,0.7657,usd_per_aud
2017-02-21,global,aud_usd,0.7672,usd_per_aud
2017-02-22,global,aud_usd,0.7683,usd_per_aud
2017-02-23,global,aud_usd,0.7716,usd_per_aud
2017-02-24,global,aud_usd,0.7681,usd_per_aud
2017-02-27,global,aud_usd,0.7693,usd_per_aud
2017-02-28,global,aud_usd,0.7686,usd_per_aud
2017-03-01,global,aud_usd,0.7664,usd_per_aud
2017-03-02,global,aud_usd,0.7578,usd_per_aud
2017-03-03,global,aud_usd,0.7559,usd_per_aud
2017-03-06,global,aud_usd,0.7583,usd_per_aud
2017-03-07,global,aud_usd,0.7603,usd_per_aud
2017-03-08,global,aud_usd,0.7544,usd_per_aud
2017-03-09,global,aud_usd,0.7517,usd_per_aud
2017-03-10,global,aud_usd,0.7531,usd_per_aud
2017-03-13,global,aud_usd,0.7581,usd_per_aud
2017-03-14,global,aud_usd,0.7575,usd_per_aud
2017-03-15,global,aud_usd,0.7593,usd_per_aud
2017-03-16,global,aud_usd,0.7673,usd_per_aud
2017-03-17,global,aud_usd,0.769,usd_per_aud
2017-03-20,global,aud_usd,0.7733,usd_per_aud
2017-03-21,global,aud_usd,0.7717,usd_per_aud
2017-03-22,global,aud_usd,0.7674,usd_per_aud
2017-03-23,global,aud_usd,0.7644,usd_per_aud
2017-03-24,global,aud_usd,0.7619,usd_per_aud
2017-03-27,global,aud_usd,0.7623,usd_per_aud
2017-03-28,global,aud_usd,0.7651,usd_per_aud
2017-03-29,global,aud_usd,0.766,usd_per_aud
2017-03-30,global,aud_usd,0.7666,usd_per_aud
2017-03-31,global,aud_usd,0.7638,usd_per_aud
2017-04-03,global,aud_usd,0.7601,usd_per_aud
2017-04-04,global,aud_usd,0.7567,usd_per_aud
2017-04-05,global,aud_usd,0.7575,usd_per_aud
2017-04-06,global,aud_usd,0.7549,usd_per_aud
2017-04-07,global,aud_usd,0.7516,usd_per_aud
2017-04-10,global,aud_usd,0.75,usd_per_aud
2017-04-11,global,aud_usd,0.7497,usd_per_aud
2017-04-12,global,aud_usd,0.7485,usd_per_aud
2017-04-13,global,aud_usd,0.7585,usd_per_aud
2017-04-14,global,aud_usd,0.7575,usd_per_aud
2017-04-17,global,aud_usd,0.7604,usd_per_aud
2017-04-18,global,aud_usd,0.7553,usd_per_aud
2017-04-19,global,aud_usd,0.75,usd_per_aud
2017-04-20,global,aud_usd,0.754,usd_per_aud
2017-04-21,global,aud_usd,0.7539,usd_per_aud
2017-04-24,global,aud_usd,0.7558,usd_per_aud
2017-04-25,global,aud_usd,0.7538,usd_per_aud
2017-04-26,global,aud_usd,0.7462,usd_per_aud
2017-04-27,global,aud_usd,0.7452,usd_per_aud
2017-04-28,global,aud_usd,0.7475,usd_per_aud
2017-05-01,global,aud_usd,0.7534,usd_per_aud
2017-05-02,global,aud_usd,0.7523,usd_per_aud
2017-05-03,global,aud_usd,0.7451,usd_per_aud
2017-05-04,global,aud_usd,0.7403,usd_per_aud
2017-05-05,global,aud_usd,0.7414,usd_per_aud
2017-05-08,global,aud_usd,0.7386,usd_per_aud
2017-05-09,global,aud_usd,0.7352,usd_per_aud
2017-05-10,global,aud_usd,0.7383,usd_per_aud
2017-05-11,global,aud_usd,0.7374,usd_per_aud
2017-05-12,global,aud_usd,0.7397,usd_per_aud
2017-05-15,global,aud_usd,0.7425,usd_per_aud
2017-05-16,global,aud_usd,0.7429,usd_per_aud
2017-05-17,global,aud_usd,0.7426,usd_per_aud
2017-05-18,global,aud_usd,0.7432,usd_per_aud
2017-05-19,global,aud_usd,0.7449,usd_per_aud
2017-05-22,global,aud_usd,0.7476,usd_per_aud
2017-05-23,global,aud_usd,0.7485,usd_per_aud
2017-05-24,global,aud_usd,0.7463,usd_per_aud
2017-05-25,global,aud_usd,0.7466,usd_per_aud
2017-05-26,global,aud_usd,0.744,usd_per_aud
2017-05-30,global,aud_usd,0.7465,usd_per_aud
2017-05-31,global,aud_usd,0.7437,usd_per_aud
2017-06-01,global,aud_usd,0.7387,usd_per_aud
2017-06-02,global,aud_usd,0.7441,usd_per_aud
2017-06-05,global,aud_usd,0.7479,usd_per_aud
2017-06-06,global,aud_usd,0.7514,usd_per_aud
2017-06-07,global,aud_usd,0.755,usd_per_aud
2017-06-08,global,aud_usd,0.7543,usd_per_aud
2017-06-09,global,aud_usd,0.7532,usd_per_aud
2017-06-12,global,aud_usd,0.7539,usd_per_aud
2017-06-13,global,aud_usd,0.754,usd_per_aud
2017-06-14,global,aud_usd,0.7619,usd_per_aud
2017-06-15,global,aud_usd,0.7582,usd_per_aud
2017-06-16,global,aud_usd,0.7622,usd_per_aud
2017-06-19,global,aud_usd,0.7605,usd_per_aud
2017-06-20,global,aud_usd,0.7575,usd_per_aud
2017-06-21,global,aud_usd,0.7549,usd_per_aud
2017-06-22,global,aud_usd,0.7542,usd_per_aud
2017-06-23,global,aud_usd,0.7578,usd_per_aud
2017-06-26,global,aud_usd,0.759,usd_per_aud
2017-06-27,global,aud_usd,0.7588,usd_per_aud
2017-06-28,global,aud_usd,0.7638,usd_per_aud
2017-06-29,global,aud_usd,0.768,usd_per_aud
2017-06-30,global,aud_usd,0.7676,usd_per_aud
2017-07-03,global,aud_usd,0.7652,usd_per_aud
2017-07-05,global,aud_usd,0.7588,usd_per_aud
2017-07-06,global,aud_usd,0.7584,usd_per_aud
2017-07-07,global,aud_usd,0.7599,usd_per_aud
2017-07-10,global,aud_usd,0.7599,usd_per_aud
2017-07-11,global,aud_usd,0.7614,usd_per_aud
2017-07-12,global,aud_usd,0.7673,usd_per_aud
2017-07-13,global,aud_usd,0.7728,usd_per_aud
2017-07-14,global,aud_usd,0.7813,usd_per_aud
2017-07-17,global,aud_usd,0.7811,usd_per_aud
2017-07-18,global,aud_usd,0.7923,usd_per_aud
2017-07-19,global,aud_usd,0.7946,usd_per_aud
2017-07-20,global,aud_usd,0.7958,usd_per_aud
2017-07-21,global,aud_usd,0.7911,usd_per_aud
2017-07-24,global,aud_usd,0.7926,usd_per_aud
2017-07-25,global,aud_usd,0.7949,usd_per_aud
2017-07-26,global,aud_usd,0.7922,usd_per_aud
2017-07-27,global,aud_usd,0.7962,usd_per_aud
2017-07-28,global,aud_usd,0.7991,usd_per_aud
2017-07-31,global,aud_usd,0.7988,usd_per_aud
2017-08-01,global,aud_usd,0.7974,usd_per_aud
2017-08-02,global,aud_usd,0.7983,usd_per_aud
2017-08-03,global,aud_usd,0.7945,usd_per_aud
2017-08-04,global,aud_usd,0.7924,usd_per_aud
2017-08-07,global,aud_usd,0.7905,usd_per_aud
2017-08-08,global,aud_usd,0.7905,usd_per_aud
2017-08-09,global,aud_usd,0.7872,usd_per_aud
2017-08-10,global,aud_usd,0.7888,usd_per_aud
2017-08-11,global,aud_usd,0.788,usd_per_aud
2017-08-14,global,aud_usd,0.7864,usd_per_aud
2017-08-15,global,aud_usd,0.7822,usd_per_aud
2017-08-16,global,aud_usd,0.7882,usd_per_aud
2017-08-17,global,aud_usd,0.7918,usd_per_aud
2017-08-18,global,aud_usd,0.7933,usd_per_aud
2017-08-21,global,aud_usd,0.7936,usd_per_aud
2017-08-22,global,aud_usd,0.7913,usd_per_aud
2017-08-23,global,aud_usd,0.7893,usd_per_aud
2017-08-24,global,aud_usd,0.7905,usd_per_aud
2017-08-25,global,aud_usd,0.7929,usd_per_aud
2017-08-28,global,aud_usd,0.7956,usd_per_aud
2017-08-29,global,aud_usd,0.7973,usd_per_aud
2017-08-30,global,aud_usd,0.7905,usd_per_aud
2017-08-31,global,aud_usd,0.7932,usd_per_aud
2017-09-01,global,aud_usd,0.798,usd_per_aud
2017-09-05,global,aud_usd,0.801,usd_per_aud
2017-09-06,global,aud_usd,0.8016,usd_per_aud
2017-09-07,global,aud_usd,0.8038,usd_per_aud
2017-09-08,global,aud_usd,0.8071,usd_per_aud
2017-09-11,global,aud_usd,0.8024,usd_per_aud
2017-09-12,global,aud_usd,0.8042,usd_per_aud
2017-09-13,global,aud_usd,0.7987,usd_per_aud
2017-09-14,global,aud_usd,0.798,usd_per_aud
2017-09-15,global,aud_usd,0.8007,usd_per_aud
2017-09-18,global,aud_usd,0.7966,usd_per_aud
2017-09-19,global,aud_usd,0.8014,usd_per_aud
2017-09-20,global,aud_usd,0.807,usd_per_aud
2017-09-21,global,aud_usd,0.794,usd_per_aud
2017-09-22,global,aud_usd,0.7975,usd_per_aud
2017-09-25,global,aud_usd,0.7937,usd_per_aud
2017-09-26,global,aud_usd,0.788,usd_per_aud
2017-09-27,global,aud_usd,0.7866,usd_per_aud
2017-09-28,global,aud_usd,0.7831,usd_per_aud
2017-09-29,global,aud_usd,0.784,usd_per_aud
2017-10-02,global,aud_usd,0.7825,usd_per_aud
2017-10-03,global,aud_usd,0.7828,usd_per_aud
2017-10-04,global,aud_usd,0.7856,usd_per_aud
2017-10-05,global,aud_usd,0.78,usd_per_aud
2017-10-06,global,aud_usd,0.7765,usd_per_aud
2017-10-10,global,aud_usd,0.7788,usd_per_aud
2017-10-11,global,aud_usd,0.7781,usd_per_aud
2017-10-12,global,aud_usd,0.7827,usd_per_aud
2017-10-13,global,aud_usd,0.7885,usd_per_aud
2017-10-16,global,aud_usd,0.7859,usd_per_aud
2017-10-17,global,aud_usd,0.7833,usd_per_aud
2017-10-18,global,aud_usd,0.7838,usd_per_aud
2017-10-19,global,aud_usd,0.7878,usd_per_aud
2017-10-20,global,aud_usd,0.7812,usd_per_aud
2017-10-23,global,aud_usd,0.7807,usd_per_aud
2017-10-24,global,aud_usd,0.778,usd_per_aud
2017-10-25,global,aud_usd,0.7694,usd_per_aud
2017-10-26,global,aud_usd,0.7688,usd_per_aud
2017-10-27,global,aud_usd,0.766,usd_per_aud
2017-10-30,global,aud_usd,0.7678,usd_per_aud
2017-10-31,global,aud_usd,0.7668,usd_per_aud
2017-11-01,global,aud_usd,0.7676,usd_per_aud
2017-11-02,global,aud_usd,0.7722,usd_per_aud
2017-11-03,global,aud_usd,0.765,usd_per_aud
2017-11-06,global,aud_usd,0.7673,usd_per_aud
2017-11-07,global,aud_usd,0.7637,usd_per_aud
2017-11-08,global,aud_usd,0.7677,usd_per_aud
2017-11-09,global,aud_usd,0.7668,usd_per_aud
2017-11-13,global,aud_usd,0.7622,usd_per_aud
2017-11-14,global,aud_usd,0.7628,usd_per_aud
2017-11-15,global,aud_usd,0.7576,usd_per_aud
2017-11-16,global,aud_usd,0.759,usd_per_aud
2017-11-17,global,aud_usd,0.7563,usd_per_aud
2017-11-20,global,aud_usd,0.7551,usd_per_aud
2017-11-21,global,aud_usd,0.7582,usd_per_aud
2017-11-22,global,aud_usd,0.7591,usd_per_aud
2017-11-24,global,aud_usd,0.7619,usd_per_aud
2017-11-27,global,aud_usd,0.7605,usd_per_aud
2017-11-28,global,aud_usd,0.7617,usd_per_aud
2017-11-29,global,aud_usd,0.7572,usd_per_aud
2017-11-30,global,aud_usd,0.7572,usd_per_aud
2017-12-01,global,aud_usd,0.7624,usd_per_aud
2017-12-04,global,aud_usd,0.7598,usd_per_aud
2017-12-05,global,aud_usd,0.7606,usd_per_aud
2017-12-06,global,aud_usd,0.7565,usd_per_aud
2017-12-07,global,aud_usd,0.7526,usd_per_aud
2017-12-08,global,aud_usd,0.7507,usd_per_aud
2017-12-11,global,aud_usd,0.754,usd_per_aud
2017-12-12,global,aud_usd,0.755,usd_per_aud
2017-12-13,global,aud_usd,0.7605,usd_per_aud
2017-12-14,global,aud_usd,0.7672,usd_per_aud
2017-12-15,global,aud_usd,0.7646,usd_per_aud
2017-12-18,global,aud_usd,0.7675,usd_per_aud
2017-12-19,global,aud_usd,0.7652,usd_per_aud
2017-12-20,global,aud_usd,0.7673,usd_per_aud
2017-12-21,global,aud_usd,0.7703,usd_per_aud
2017-12-22,global,aud_usd,0.7713,usd_per_aud
2017-12-26,global,aud_usd,0.7728,usd_per_aud
2017-12-27,global,aud_usd,0.7772,usd_per_aud
2017-12-28,global,aud_usd,0.7793,usd_per_aud
2017-12-29,global,aud_usd,0.7815,usd_per_aud
2018-01-02,global,aud_usd,0.7824,usd_per_aud
2018-01-03,global,aud_usd,0.784,usd_per_aud
2018-01-04,global,aud_usd,0.7856,usd_per_aud
2018-01-05,global,aud_usd,0.7859,usd_per_aud
2018-01-08,global,aud_usd,0.7838,usd_per_aud
2018-01-09,global,aud_usd,0.7822,usd_per_aud
2018-01-10,global,aud_usd,0.7841,usd_per_aud
2018-01-11,global,aud_usd,0.7885,usd_per_aud
2018-01-12,global,aud_usd,0.7886,usd_per_aud
2018-01-16,global,aud_usd,0.7958,usd_per_aud
2018-01-17,global,aud_usd,0.7982,usd_per_aud
2018-01-18,global,aud_usd,0.7993,usd_per_aud
2018-01-19,global,aud_usd,0.8001,usd_per_aud
2018-01-22,global,aud_usd,0.8004,usd_per_aud
2018-01-23,global,aud_usd,0.7984,usd_per_aud
2018-01-24,global,aud_usd,0.8066,usd_per_aud
2018-01-25,global,aud_usd,0.8089,usd_per_aud
2018-01-26,global,aud_usd,0.8105,usd_per_aud
2018-01-29,global,aud_usd,0.8089,usd_per_aud
2018-01-30,global,aud_usd,0.8076,usd_per_aud
2018-01-31,global,aud_usd,0.8069,usd_per_aud
2018-02-01,global,aud_usd,0.8028,usd_per_aud
2018-02-02,global,aud_usd,0.7929,usd_per_aud
2018-02-05,global,aud_usd,0.7926,usd_per_aud
2018-02-06,global,aud_usd,0.7877,usd_per_aud
2018-02-07,global,aud_usd,0.7842,usd_per_aud
2018-02-08,global,aud_usd,0.7789,usd_per_aud
2018-02-09,global,aud_usd,0.7809,usd_per_aud
2018-02-12,global,aud_usd,0.7836,usd_per_aud
2018-02-13,global,aud_usd,0.7857,usd_per_aud
2018-02-14,global,aud_usd,0.7873,usd_per_aud
2018-02-15,global,aud_usd,0.7912,usd_per_aud
2018-02-16,global,aud_usd,0.7925,usd_per_aud
2018-02-20,global,aud_usd,0.7903,usd_per_aud
2018-02-21,global,aud_usd,0.7833,usd_per_aud
2018-02-22,global,aud_usd,0.785,usd_per_aud
2018-02-23,global,aud_usd,0.7827,usd_per_aud
2018-02-26,global,aud_usd,0.7843,usd_per_aud
2018-02-27,global,aud_usd,0.7804,usd_per_aud
2018-02-28,global,aud_usd,0.7801,usd_per_aud
2018-03-01,global,aud_usd,0.7762,usd_per_aud
2018-03-02,global,aud_usd,0.7754,usd_per_aud
2018-03-05,global,aud_usd,0.7759,usd_per_aud
2018-03-06,global,aud_usd,0.7822,usd_per_aud
2018-03-07,global,aud_usd,0.7796,usd_per_aud
2018-03-08,global,aud_usd,0.7787,usd_per_aud
2018-03-09,global,aud_usd,0.7849,usd_per_aud
2018-03-12,global,aud_usd,0.7864,usd_per_aud
2018-03-13,global,aud_usd,0.7881,usd_per_aud
2018-03-14,global,aud_usd,0.7877,usd_per_aud
2018-03-15,global,aud_usd,0.7816,usd_per_aud
2018-03-16,global,aud_usd,0.7733,usd_per_aud
2018-03-19,global,aud_usd,0.7705,usd_per_aud
2018-03-20,global,aud_usd,0.7691,usd_per_aud
2018-03-21,global,aud_usd,0.7708,usd_per_aud
2018-03-22,global,aud_usd,0.7696,usd_per_aud
2018-03-23,global,aud_usd,0.7721,usd_per_aud
2018-03-26,global,aud_usd,0.7727,usd_per_aud
2018-03-27,global,aud_usd,0.7717,usd_per_aud
2018-03-28,global,aud_usd,0.7681,usd_per_aud
2018-03-29,global,aud_usd,0.7672,usd_per_aud
2018-03-30,global,aud_usd,0.769,usd_per_aud
2018-04-02,global,aud_usd,0.7658,usd_per_aud
2018-04-03,global,aud_usd,0.7674,usd_per_aud
2018-04-04,global,aud_usd,0.7701,usd_per_aud
2018-04-05,global,aud_usd,0.7688,usd_per_aud
2018-04-06,global,aud_usd,0.7684,usd_per_aud
2018-04-09,global,aud_usd,0.7708,usd_per_aud
2018-04-10,global,aud_usd,0.7762,usd_per_aud
2018-04-11,global,aud_usd,0.7765,usd_per_aud
2018-04-12,global,aud_usd,0.7757,usd_per_aud
2018-04-13,global,aud_usd,0.7768,usd_per_aud
2018-04-16,global,aud_usd,0.7777,usd_per_aud
2018-04-17,global,aud_usd,0.7768,usd_per_aud
2018-04-18,global,aud_usd,0.7784,usd_per_aud
2018-04-19,global,aud_usd,0.7751,usd_per_aud
2018-04-20,global,aud_usd,0.7671,usd_per_aud
2018-04-23,global,aud_usd,0.7614,usd_per_aud
2018-04-24,global,aud_usd,0.7598,usd_per_aud
2018-04-25,global,aud_usd,0.7559,usd_per_aud
2018-04-26,global,aud_usd,0.756,usd_per_aud
2018-04-27,global,aud_usd,0.7566,usd_per_aud
2018-04-30,global,aud_usd,0.7543,usd_per_aud
2018-05-01,global,aud_usd,0.7488,usd_per_aud
2018-05-02,global,aud_usd,0.7501,usd_per_aud
2018-05-03,global,aud_usd,0.7513,usd_per_aud
2018-05-04,global,aud_usd,0.7534,usd_per_aud
2018-05-07,global,aud_usd,0.7526,usd_per_aud
2018-05-08,global,aud_usd,0.7445,usd_per_aud
2018-05-09,global,aud_usd,0.7456,usd_per_aud
2018-05-10,global,aud_usd,0.7515,usd_per_aud
2018-05-11,global,aud_usd,0.7544,usd_per_aud
2018-05-14,global,aud_usd,0.7554,usd_per_aud
2018-05-15,global,aud_usd,0.7477,usd_per_aud
2018-05-16,global,aud_usd,0.7504,usd_per_aud
2018-05-17,global,aud_usd,0.7508,usd_per_aud
2018-05-18,global,aud_usd,0.7511,usd_per_aud
2018-05-21,global,aud_usd,0.7565,usd_per_aud
2018-05-22,global,aud_usd,0.7595,usd_per_aud
2018-05-23,global,aud_usd,0.7534,usd_per_aud
2018-05-24,global,aud_usd,0.7567,usd_per_aud
2018-05-25,global,aud_usd,0.7558,usd_per_aud
2018-05-29,global,aud_usd,0.7514,usd_per_aud
2018-05-30,global,aud_usd,0.7574,usd_per_aud
2018-05-31,global,aud_usd,0.757,usd_per_aud
2018-06-01,global,aud_usd,0.7566,usd_per_aud
2018-06-04,global,aud_usd,0.7648,usd_per_aud
2018-06-05,global,aud_usd,0.7606,usd_per_aud
2018-06-06,global,aud_usd,0.7677,usd_per_aud
2018-06-07,global,aud_usd,0.763,usd_per_aud
2018-06-08,global,aud_usd,0.7601,usd_per_aud
2018-06-11,global,aud_usd,0.7616,usd_per_aud
2018-06-12,global,aud_usd,0.7607,usd_per_aud
2018-06-13,global,aud_usd,0.7604,usd_per_aud
2018-06-14,global,aud_usd,0.7514,usd_per_aud
2018-06-15,global,aud_usd,0.7455,usd_per_aud
2018-06-18,global,aud_usd,0.7419,usd_per_aud
2018-06-19,global,aud_usd,0.7386,usd_per_aud
2018-06-20,global,aud_usd,0.7387,usd_per_aud
2018-06-21,global,aud_usd,0.7374,usd_per_aud
2018-06-22,global,aud_usd,0.7424,usd_per_aud
2018-06-25,global,aud_usd,0.7406,usd_per_aud
2018-06-26,global,aud_usd,0.7402,usd_per_aud
2018-06-27,global,aud_usd,0.7373,usd_per_aud
2018-06-28,global,aud_usd,0.7355,usd_per_aud
2018-06-29,global,aud_usd,0.7399,usd_per_aud
2018-07-02,global,aud_usd,0.7322,usd_per_aud
2018-07-03,global,aud_usd,0.7385,usd_per_aud
2018-07-05,global,aud_usd,0.7388,usd_per_aud
2018-07-06,global,aud_usd,0.7421,usd_per_aud
2018-07-09,global,aud_usd,0.7466,usd_per_aud
2018-07-10,global,aud_usd,0.7464,usd_per_aud
2018-07-11,global,aud_usd,0.74,usd_per_aud
2018-07-12,global,aud_usd,0.7418,usd_per_aud
2018-07-13,global,aud_usd,0.741,usd_per_aud
2018-07-16,global,aud_usd,0.7416,usd_per_aud
2018-07-17,global,aud_usd,0.7392,usd_per_aud
2018-07-18,global,aud_usd,0.7392,usd_per_aud
2018-07-19,global,aud_usd,0.7332,usd_per_aud
2018-07-20,global,aud_usd,0.741,usd_per_aud
2018-07-23,global,aud_usd,0.7383,usd_per_aud
2018-07-24,global,aud_usd,0.7416,usd_per_aud
2018-07-25,global,aud_usd,0.7412,usd_per_aud
2018-07-26,global,aud_usd,0.7384,usd_per_aud
2018-07-27,global,aud_usd,0.741,usd_per_aud
2018-07-30,global,aud_usd,0.7408,usd_per_aud
2018-07-31,global,aud_usd,0.7438,usd_per_aud
2018-08-01,global,aud_usd,0.7402,usd_per_aud
2018-08-02,global,aud_usd,0.7379,usd_per_aud
2018-08-03,global,aud_usd,0.7406,usd_per_aud
2018-08-06,global,aud_usd,0.7393,usd_per_aud
2018-08-07,global,aud_usd,0.7428,usd_per_aud
2018-08-08,global,aud_usd,0.742,usd_per_aud
2018-08-09,global,aud_usd,0.7394,usd_per_aud
2018-08-10,global,aud_usd,0.7298,usd_per_aud
2018-08-13,global,aud_usd,0.727,usd_per_aud
2018-08-14,global,aud_usd,0.724,usd_per_aud
2018-08-15,global,aud_usd,0.7233,usd_per_aud
2018-08-16,global,aud_usd,0.7276,usd_per_aud
2018-08-17,global,aud_usd,0.7282,usd_per_aud
2018-08-20,global,aud_usd,0.7308,usd_per_aud
2018-08-21,global,aud_usd,0.7352,usd_per_aud
2018-08-22,global,aud_usd,0.7352,usd_per_aud
2018-08-23,global,aud_usd,0.7264,usd_per_aud
2018-08-24,global,aud_usd,0.7332,usd_per_aud
2018-08-27,global,aud_usd,0.7346,usd_per_aud
2018-08-28,global,aud_usd,0.7352,usd_per_aud
2018-08-29,global,aud_usd,0.7292,usd_per_aud
2018-08-30,global,aud_usd,0.7262,usd_per_aud
2018-08-31,global,aud_usd,0.7192,usd_per_aud
2018-09-04,global,aud_usd,0.7174,usd_per_aud
2018-09-05,global,aud_usd,0.7189,usd_per_aud
2018-09-06,global,aud_usd,0.7198,usd_per_aud
2018-09-07,global,aud_usd,0.7135,usd_per_aud
2018-09-10,global,aud_usd,0.7118,usd_per_aud
2018-09-11,global,aud_usd,0.7107,usd_per_aud
2018-09-12,global,aud_usd,0.7161,usd_per_aud
2018-09-13,global,aud_usd,0.7192,usd_per_aud
2018-09-14,global,aud_usd,0.7178,usd_per_aud
2018-09-17,global,aud_usd,0.7186,usd_per_aud
2018-09-18,global,aud_usd,0.722,usd_per_aud
2018-09-19,global,aud_usd,0.7273,usd_per_aud
2018-09-20,global,aud_usd,0.7276,usd_per_aud
2018-09-21,global,aud_usd,0.7278,usd_per_aud
2018-09-24,global,aud_usd,0.7263,usd_per_aud
2018-09-25,global,aud_usd,0.7251,usd_per_aud
2018-09-26,global,aud_usd,0.726,usd_per_aud
2018-09-27,global,aud_usd,0.7218,usd_per_aud
2018-09-28,global,aud_usd,0.7238,usd_per_aud
2018-10-01,global,aud_usd,0.7223,usd_per_aud
2018-10-02,global,aud_usd,0.7199,usd_per_aud
2018-10-03,global,aud_usd,0.7138,usd_per_aud
2018-10-04,global,aud_usd,0.7078,usd_per_aud
2018-10-05,global,aud_usd,0.7048,usd_per_aud
2018-10-09,global,aud_usd,0.7092,usd_per_aud
2018-10-10,global,aud_usd,0.71,usd_per_aud
2018-10-11,global,aud_usd,0.7112,usd_per_aud
2018-10-12,global,aud_usd,0.7116,usd_per_aud
2018-10-15,global,aud_usd,0.7142,usd_per_aud
2018-10-16,global,aud_usd,0.714,usd_per_aud
2018-10-17,global,aud_usd,0.713,usd_per_aud
2018-10-18,global,aud_usd,0.7118,usd_per_aud
2018-10-19,global,aud_usd,0.7132,usd_per_aud
2018-10-22,global,aud_usd,0.7086,usd_per_aud
2018-10-23,global,aud_usd,0.7074,usd_per_aud
2018-10-24,global,aud_usd,0.7072,usd_per_aud
2018-10-25,global,aud_usd,0.7084,usd_per_aud
2018-10-26,global,aud_usd,0.7088,usd_per_aud
2018-10-29,global,aud_usd,0.7074,usd_per_aud
2018-10-30,global,aud_usd,0.7112,usd_per_aud
2018-10-31,global,aud_usd,0.709,usd_per_aud
2018-11-01,global,aud_usd,0.7189,usd_per_aud
2018-11-02,global,aud_usd,0.7199,usd_per_aud
2018-11-05,global,aud_usd,0.7198,usd_per_aud
2018-11-06,global,aud_usd,0.7221,usd_per_aud
2018-11-07,global,aud_usd,0.7282,usd_per_aud
2018-11-08,global,aud_usd,0.7286,usd_per_aud
2018-11-09,global,aud_usd,0.7226,usd_per_aud
2018-11-13,global,aud_usd,0.722,usd_per_aud
2018-11-14,global,aud_usd,0.7219,usd_per_aud
2018-11-15,global,aud_usd,0.7269,usd_per_aud
2018-11-16,global,aud_usd,0.7312,usd_per_aud
2018-11-19,global,aud_usd,0.7291,usd_per_aud
2018-11-20,global,aud_usd,0.7246,usd_per_aud
2018-11-21,global,aud_usd,0.7267,usd_per_aud
2018-11-23,global,aud_usd,0.7225,usd_per_aud
2018-11-26,global,aud_usd,0.723,usd_per_aud
2018-11-27,global,aud_usd,0.7206,usd_per_aud
2018-11-28,global,aud_usd,0.7233,usd_per_aud
2018-11-29,global,aud_usd,0.7314,usd_per_aud
2018-11-30,global,aud_usd,0.7311,usd_per_aud
2018-12-03,global,aud_usd,0.736,usd_per_aud
2018-12-04,global,aud_usd,0.7353,usd_per_aud
2018-12-06,global,aud_usd,0.7216,usd_per_aud
2018-12-07,global,aud_usd,0.721,usd_per_aud
2018-12-10,global,aud_usd,0.719,usd_per_aud
2018-12-11,global,aud_usd,0.7204,usd_per_aud
2018-12-12,global,aud_usd,0.7223,usd_per_aud
2018-12-13,global,aud_usd,0.7228,usd_per_aud
2018-12-14,global,aud_usd,0.7176,usd_per_aud
2018-12-17,global,aud_usd,0.7182,usd_per_aud
2018-12-18,global,aud_usd,0.7172,usd_per_aud
2018-12-19,global,aud_usd,0.7172,usd_per_aud
2018-12-20,global,aud_usd,0.7104,usd_per_aud
2018-12-21,global,aud_usd,0.7072,usd_per_aud
2018-12-26,global,aud_usd,0.707,usd_per_aud
2018-12-27,global,aud_usd,0.702,usd_per_aud
2018-12-28,global,aud_usd,0.7044,usd_per_aud
2018-12-31,global,aud_usd,0.7046,usd_per_aud
2019-01-02,global,aud_usd,0.7,usd_per_aud
2019-01-03,global,aud_usd,0.7014,usd_per_aud
2019-01-04,global,aud_usd,0.7108,usd_per_aud
2019-01-07,global,aud_usd,0.7143,usd_per_aud
2019-01-08,global,aud_usd,0.7134,usd_per_aud
2019-01-09,global,aud_usd,0.7172,usd_per_aud
2019-01-10,global,aud_usd,0.719,usd_per_aud
2019-01-11,global,aud_usd,0.7204,usd_per_aud
2019-01-15,global,aud_usd,0.7192,usd_per_aud
2019-01-16,global,aud_usd,0.7184,usd_per_aud
2019-01-17,global,aud_usd,0.7171,usd_per_aud
2019-01-18,global,aud_usd,0.7172,usd_per_aud
2019-01-22,global,aud_usd,0.7133,usd_per_aud
2019-01-23,global,aud_usd,0.7133,usd_per_aud
2019-01-24,global,aud_usd,0.7096,usd_per_aud
2019-01-25,global,aud_usd,0.7172,usd_per_aud
2019-01-28,global,aud_usd,0.7166,usd_per_aud
2019-01-29,global,aud_usd,0.7149,usd_per_aud
2019-01-30,global,aud_usd,0.7196,usd_per_aud
2019-01-31,global,aud_usd,0.7282,usd_per_aud
2019-02-01,global,aud_usd,0.726,usd_per_aud
2019-02-04,global,aud_usd,0.7218,usd_per_aud
2019-02-05,global,aud_usd,0.7234,usd_per_aud
2019-02-06,global,aud_usd,0.7128,usd_per_aud
2019-02-07,global,aud_usd,0.7093,usd_per_aud
2019-02-08,global,aud_usd,0.709,usd_per_aud
2019-02-11,global,aud_usd,0.7065,usd_per_aud
2019-02-12,global,aud_usd,0.7094,usd_per_aud
2019-02-13,global,aud_usd,0.7113,usd_per_aud
2019-02-14,global,aud_usd,0.7091,usd_per_aud
2019-02-15,global,aud_usd,0.7122,usd_per_aud
2019-02-19,global,aud_usd,0.7146,usd_per_aud
2019-02-21,global,aud_usd,0.708,usd_per_aud
2019-02-22,global,aud_usd,0.7138,usd_per_aud
2019-02-25,global,aud_usd,0.7169,usd_per_aud
2019-02-26,global,aud_usd,0.7182,usd_per_aud
2019-02-27,global,aud_usd,0.7134,usd_per_aud
2019-02-28,global,aud_usd,0.7099,usd_per_aud
2019-03-01,global,aud_usd,0.708,usd_per_aud
2019-03-04,global,aud_usd,0.7084,usd_per_aud
2019-03-05,global,aud_usd,0.7073,usd_per_aud
2019-03-06,global,aud_usd,0.7023,usd_per_aud
2019-03-07,global,aud_usd,0.7032,usd_per_aud
2019-03-08,global,aud_usd,0.7048,usd_per_aud
2019-03-11,global,aud_usd,0.7056,usd_per_aud
2019-03-12,global,aud_usd,0.7082,usd_per_aud
2019-03-13,global,aud_usd,0.7087,usd_per_aud
2019-03-14,global,aud_usd,0.7061,usd_per_aud
2019-03-15,global,aud_usd,0.7089,usd_per_aud
2019-03-18,global,aud_usd,0.71,usd_per_aud
2019-03-19,global,aud_usd,0.7102,usd_per_aud
2019-03-20,global,aud_usd,0.7088,usd_per_aud
2019-03-21,global,aud_usd,0.711,usd_per_aud
2019-03-22,global,aud_usd,0.7091,usd_per_aud
2019-03-25,global,aud_usd,0.7114,usd_per_aud
2019-03-26,global,aud_usd,0.714,usd_per_aud
2019-03-27,global,aud_usd,0.707,usd_per_aud
2019-03-28,global,aud_usd,0.7079,usd_per_aud
2019-03-29,global,aud_usd,0.7104,usd_per_aud
2019-04-01,global,aud_usd,0.7117,usd_per_aud
2019-04-02,global,aud_usd,0.7058,usd_per_aud
2019-04-03,global,aud_usd,0.7124,usd_per_aud
2019-04-04,global,aud_usd,0.7112,usd_per_aud
2019-04-05,global,aud_usd,0.7099,usd_per_aud
2019-04-08,global,aud_usd,0.7124,usd_per_aud
2019-04-09,global,aud_usd,0.7129,usd_per_aud
2019-04-10,global,aud_usd,0.7158,usd_per_aud
2019-04-11,global,aud_usd,0.7128,usd_per_aud
2019-04-12,global,aud_usd,0.7176,usd_per_aud
2019-04-15,global,aud_usd,0.7178,usd_per_aud
2019-04-16,global,aud_usd,0.7174,usd_per_aud
2019-04-17,global,aud_usd,0.7168,usd_per_aud
2019-04-18,global,aud_usd,0.715,usd_per_aud
2019-04-19,global,aud_usd,0.715,usd_per_aud
2019-04-22,global,aud_usd,0.7134,usd_per_aud
2019-04-23,global,aud_usd,0.7096,usd_per_aud
2019-04-24,global,aud_usd,0.7026,usd_per_aud
2019-04-25,global,aud_usd,0.701,usd_per_aud
2019-04-26,global,aud_usd,0.7044,usd_per_aud
2019-04-29,global,aud_usd,0.7054,usd_per_aud
2019-04-30,global,aud_usd,0.704,usd_per_aud
2019-05-01,global,aud_usd,0.7038,usd_per_aud
2019-05-02,global,aud_usd,0.7002,usd_per_aud
2019-05-03,global,aud_usd,0.7018,usd_per_aud
2019-05-06,global,aud_usd,0.6995,usd_per_aud
2019-05-07,global,aud_usd,0.7004,usd_per_aud
2019-05-08,global,aud_usd,0.7004,usd_per_aud
2019-05-09,global,aud_usd,0.6976,usd_per_aud
2019-05-10,global,aud_usd,0.6998,usd_per_aud
2019-05-13,global,aud_usd,0.6948,usd_per_aud
2019-05-14,global,aud_usd,0.6946,usd_per_aud
2019-05-15,global,aud_usd,0.693,usd_per_aud
2019-05-16,global,aud_usd,0.6905,usd_per_aud
2019-05-17,global,aud_usd,0.6874,usd_per_aud
2019-05-20,global,aud_usd,0.6913,usd_per_aud
2019-05-21,global,aud_usd,0.6876,usd_per_aud
2019-05-22,global,aud_usd,0.688,usd_per_aud
2019-05-23,global,aud_usd,0.6896,usd_per_aud
2019-05-24,global,aud_usd,0.6914,usd_per_aud
2019-05-28,global,aud_usd,0.693,usd_per_aud
2019-05-29,global,aud_usd,0.6912,usd_per_aud
2019-05-30,global,aud_usd,0.691,usd_per_aud
2019-05-31,global,aud_usd,0.693,usd_per_aud
2019-06-03,global,aud_usd,0.6955,usd_per_aud
2019-06-04,global,aud_usd,0.6987,usd_per_aud
2019-06-05,global,aud_usd,0.6974,usd_per_aud
2019-06-06,global,aud_usd,0.6984,usd_per_aud
2019-06-07,global,aud_usd,0.7002,usd_per_aud
2019-06-10,global,aud_usd,0.6964,usd_per_aud
2019-06-11,global,aud_usd,0.6956,usd_per_aud
2019-06-12,global,aud_usd,0.6942,usd_per_aud
2019-06-13,global,aud_usd,0.691,usd_per_aud
2019-06-14,global,aud_usd,0.6872,usd_per_aud
2019-06-17,global,aud_usd,0.686,usd_per_aud
2019-06-18,global,aud_usd,0.6872,usd_per_aud
2019-06-19,global,aud_usd,0.687,usd_per_aud
2019-06-20,global,aud_usd,0.6917,usd_per_aud
2019-06-21,global,aud_usd,0.692,usd_per_aud
2019-06-24,global,aud_usd,0.6964,usd_per_aud
2019-06-25,global,aud_usd,0.6975,usd_per_aud
2019-06-26,global,aud_usd,0.699,usd_per_aud
2019-06-27,global,aud_usd,0.6998,usd_per_aud
2019-06-28,global,aud_usd,0.7009,usd_per_aud
2019-07-01,global,aud_usd,0.6963,usd_per_aud
2019-07-02,global,aud_usd,0.6992,usd_per_aud
2019-07-03,global,aud_usd,0.7033,usd_per_aud
2019-07-05,global,aud_usd,0.6968,usd_per_aud
2019-07-08,global,aud_usd,0.6968,usd_per_aud
2019-07-09,global,aud_usd,0.6927,usd_per_aud
2019-07-10,global,aud_usd,0.6964,usd_per_aud
2019-07-11,global,aud_usd,0.6982,usd_per_aud
2019-07-12,global,aud_usd,0.7007,usd_per_aud
2019-07-15,global,aud_usd,0.7036,usd_per_aud
2019-07-16,global,aud_usd,0.702,usd_per_aud
2019-07-17,global,aud_usd,0.7021,usd_per_aud
2019-07-18,global,aud_usd,0.7043,usd_per_aud
2019-07-19,global,aud_usd,0.7042,usd_per_aud
2019-07-22,global,aud_usd,0.7042,usd_per_aud
2019-07-23,global,aud_usd,0.6999,usd_per_aud
2019-07-24,global,aud_usd,0.6978,usd_per_aud
2019-07-25,global,aud_usd,0.6954,usd_per_aud
2019-07-26,global,aud_usd,0.6908,usd_per_aud
2019-07-29,global,aud_usd,0.6908,usd_per_aud
2019-07-30,global,aud_usd,0.6872,usd_per_aud
2019-07-31,global,aud_usd,0.6888,usd_per_aud
2019-08-01,global,aud_usd,0.6858,usd_per_aud
2019-08-02,global,aud_usd,0.6806,usd_per_aud
2019-08-05,global,aud_usd,0.678,usd_per_aud
2019-08-06,global,aud_usd,0.677,usd_per_aud
2019-08-07,global,aud_usd,0.6754,usd_per_aud
2019-08-08,global,aud_usd,0.6812,usd_per_aud
2019-08-09,global,aud_usd,0.6796,usd_per_aud
2019-08-12,global,aud_usd,0.6756,usd_per_aud
2019-08-13,global,aud_usd,0.6798,usd_per_aud
2019-08-14,global,aud_usd,0.6742,usd_per_aud
2019-08-15,global,aud_usd,0.6784,usd_per_aud
2019-08-16,global,aud_usd,0.6782,usd_per_aud
2019-08-19,global,aud_usd,0.6772,usd_per_aud
2019-08-20,global,aud_usd,0.6777,usd_per_aud
2019-08-21,global,aud_usd,0.6792,usd_per_aud
2019-08-22,global,aud_usd,0.6764,usd_per_aud
2019-08-23,global,aud_usd,0.6749,usd_per_aud
2019-08-26,global,aud_usd,0.6782,usd_per_aud
2019-08-27,global,aud_usd,0.6758,usd_per_aud
2019-08-28,global,aud_usd,0.6746,usd_per_aud
2019-08-29,global,aud_usd,0.6734,usd_per_aud
2019-08-30,global,aud_usd,0.673,usd_per_aud
2019-09-03,global,aud_usd,0.6758,usd_per_aud
2019-09-04,global,aud_usd,0.6796,usd_per_aud
2019-09-05,global,aud_usd,0.682,usd_per_aud
2019-09-06,global,aud_usd,0.6856,usd_per_aud
2019-09-09,global,aud_usd,0.6874,usd_per_aud
2019-09-10,global,aud_usd,0.6868,usd_per_aud
2019-09-11,global,aud_usd,0.6858,usd_per_aud
2019-09-12,global,aud_usd,0.6871,usd_per_aud
2019-09-13,global,aud_usd,0.6886,usd_per_aud
2019-09-16,global,aud_usd,0.6865,usd_per_aud
2019-09-17,global,aud_usd,0.6858,usd_per_aud
2019-09-18,global,aud_usd,0.6844,usd_per_aud
2019-09-19,global,aud_usd,0.6795,usd_per_aud
2019-09-20,global,aud_usd,0.677,usd_per_aud
2019-09-23,global,aud_usd,0.6772,usd_per_aud
2019-09-24,global,aud_usd,0.6793,usd_per_aud
2019-09-25,global,aud_usd,0.675,usd_per_aud
2019-09-26,global,aud_usd,0.6754,usd_per_aud
2019-09-27,global,aud_usd,0.6764,usd_per_aud
2019-09-30,global,aud_usd,0.6746,usd_per_aud
2019-10-01,global,aud_usd,0.6703,usd_per_aud
2019-10-02,global,aud_usd,0.6698,usd_per_aud
2019-10-03,global,aud_usd,0.6751,usd_per_aud
2019-10-04,global,aud_usd,0.6764,usd_per_aud
2019-10-07,global,aud_usd,0.6742,usd_per_aud
2019-10-08,global,aud_usd,0.6727,usd_per_aud
2019-10-09,global,aud_usd,0.673,usd_per_aud
2019-10-10,global,aud_usd,0.677,usd_per_aud
2019-10-11,global,aud_usd,0.6804,usd_per_aud
2019-10-15,global,aud_usd,0.6757,usd_per_aud
2019-10-16,global,aud_usd,0.6755,usd_per_aud
2019-10-17,global,aud_usd,0.6826,usd_per_aud
2019-10-18,global,aud_usd,0.6846,usd_per_aud
2019-10-21,global,aud_usd,0.6867,usd_per_aud
2019-10-22,global,aud_usd,0.6863,usd_per_aud
2019-10-23,global,aud_usd,0.6847,usd_per_aud
2019-10-24,global,aud_usd,0.6817,usd_per_aud
2019-10-25,global,aud_usd,0.6829,usd_per_aud
2019-10-28,global,aud_usd,0.6839,usd_per_aud
2019-10-29,global,aud_usd,0.6862,usd_per_aud
2019-10-30,global,aud_usd,0.6872,usd_per_aud
2019-10-31,global,aud_usd,0.6888,usd_per_aud
2019-11-01,global,aud_usd,0.6914,usd_per_aud
2019-11-04,global,aud_usd,0.6898,usd_per_aud
2019-11-05,global,aud_usd,0.6892,usd_per_aud
2019-11-06,global,aud_usd,0.6881,usd_per_aud
2019-11-07,global,aud_usd,0.6895,usd_per_aud
2019-11-08,global,aud_usd,0.6854,usd_per_aud
2019-11-12,global,aud_usd,0.6846,usd_per_aud
2019-11-13,global,aud_usd,0.6831,usd_per_aud
2019-11-14,global,aud_usd,0.678,usd_per_aud
2019-11-15,global,aud_usd,0.681,usd_per_aud
2019-11-18,global,aud_usd,0.682,usd_per_aud
2019-11-19,global,aud_usd,0.6826,usd_per_aud
2019-11-20,global,aud_usd,0.6797,usd_per_aud
2019-11-21,global,aud_usd,0.6793,usd_per_aud
2019-11-22,global,aud_usd,0.6784,usd_per_aud
2019-11-25,global,aud_usd,0.677,usd_per_aud
2019-11-26,global,aud_usd,0.6787,usd_per_aud
2019-11-27,global,aud_usd,0.678,usd_per_aud
2019-11-29,global,aud_usd,0.6762,usd_per_aud
2019-12-02,global,aud_usd,0.6819,usd_per_aud
2019-12-03,global,aud_usd,0.6841,usd_per_aud
2019-12-04,global,aud_usd,0.6851,usd_per_aud
2019-12-05,global,aud_usd,0.6834,usd_per_aud
2019-12-06,global,aud_usd,0.6836,usd_per_aud
2019-12-09,global,aud_usd,0.6832,usd_per_aud
2019-12-10,global,aud_usd,0.6814,usd_per_aud
2019-12-11,global,aud_usd,0.6864,usd_per_aud
2019-12-12,global,aud_usd,0.6896,usd_per_aud
2019-12-13,global,aud_usd,0.6871,usd_per_aud
2019-12-16,global,aud_usd,0.6887,usd_per_aud
2019-12-17,global,aud_usd,0.6847,usd_per_aud
2019-12-18,global,aud_usd,0.6854,usd_per_aud
2019-12-19,global,aud_usd,0.6887,usd_per_aud
2019-12-20,global,aud_usd,0.6902,usd_per_aud
2019-12-23,global,aud_usd,0.6917,usd_per_aud
2019-12-24,global,aud_usd,0.6923,usd_per_aud
2019-12-26,global,aud_usd,0.6939,usd_per_aud
2019-12-27,global,aud_usd,0.6978,usd_per_aud
2019-12-30,global,aud_usd,0.7004,usd_per_aud
2019-12-31,global,aud_usd,0.703,usd_per_aud
2020-01-02,global,aud_usd,0.6982,usd_per_aud
2020-01-03,global,aud_usd,0.6963,usd_per_aud
2020-01-06,global,aud_usd,0.6932,usd_per_aud
2020-01-07,global,aud_usd,0.6861,usd_per_aud
2020-01-08,global,aud_usd,0.687,usd_per_aud
2020-01-09,global,aud_usd,0.6856,usd_per_aud
2020-01-10,global,aud_usd,0.6903,usd_per_aud
2020-01-13,global,aud_usd,0.6911,usd_per_aud
2020-01-14,global,aud_usd,0.6905,usd_per_aud
2020-01-15,global,aud_usd,0.6911,usd_per_aud
2020-01-16,global,aud_usd,0.6895,usd_per_aud
2020-01-17,global,aud_usd,0.6877,usd_per_aud
2020-01-21,global,aud_usd,0.6853,usd_per_aud
2020-01-22,global,aud_usd,0.6836,usd_per_aud
2020-01-23,global,aud_usd,0.6834,usd_per_aud
2020-01-24,global,aud_usd,0.6824,usd_per_aud
2020-01-27,global,aud_usd,0.6757,usd_per_aud
2020-01-28,global,aud_usd,0.6753,usd_per_aud
2020-01-29,global,aud_usd,0.6744,usd_per_aud
2020-01-30,global,aud_usd,0.6715,usd_per_aud
2020-01-31,global,aud_usd,0.6699,usd_per_aud
2020-02-03,global,aud_usd,0.6688,usd_per_aud
2020-02-04,global,aud_usd,0.6732,usd_per_aud
2020-02-05,global,aud_usd,0.6748,usd_per_aud
2020-02-06,global,aud_usd,0.6738,usd_per_aud
2020-02-07,global,aud_usd,0.6679,usd_per_aud
2020-02-10,global,aud_usd,0.6674,usd_per_aud
2020-02-11,global,aud_usd,0.6712,usd_per_aud
2020-02-12,global,aud_usd,0.6746,usd_per_aud
2020-02-13,global,aud_usd,0.6729,usd_per_aud
2020-02-14,global,aud_usd,0.6719,usd_per_aud
2020-02-18,global,aud_usd,0.6693,usd_per_aud
2020-02-19,global,aud_usd,0.6673,usd_per_aud
2020-02-20,global,aud_usd,0.6618,usd_per_aud
2020-02-21,global,aud_usd,0.6632,usd_per_aud
2020-02-24,global,aud_usd,0.6612,usd_per_aud
2020-02-25,global,aud_usd,0.6597,usd_per_aud
2020-02-26,global,aud_usd,0.6556,usd_per_aud
2020-02-27,global,aud_usd,0.6582,usd_per_aud
2020-02-28,global,aud_usd,0.6495,usd_per_aud
2020-03-02,global,aud_usd,0.6524,usd_per_aud
2020-03-03,global,aud_usd,0.6617,usd_per_aud
2020-03-04,global,aud_usd,0.6609,usd_per_aud
2020-03-05,global,aud_usd,0.66,usd_per_aud
2020-03-06,global,aud_usd,0.6634,usd_per_aud
2020-03-09,global,aud_usd,0.6654,usd_per_aud
2020-03-10,global,aud_usd,0.647,usd_per_aud
2020-03-11,global,aud_usd,0.6512,usd_per_aud
2020-03-12,global,aud_usd,0.628,usd_per_aud
2020-03-13,global,aud_usd,0.6161,usd_per_aud
2020-03-16,global,aud_usd,0.6132,usd_per_aud
2020-03-17,global,aud_usd,0.5976,usd_per_aud
2020-03-18,global,aud_usd,0.582,usd_per_aud
2020-03-19,global,aud_usd,0.5859,usd_per_aud
2020-03-20,global,aud_usd,0.5841,usd_per_aud
2020-03-23,global,aud_usd,0.5755,usd_per_aud
2020-03-24,global,aud_usd,0.5927,usd_per_aud
2020-03-25,global,aud_usd,0.5957,usd_per_aud
2020-03-26,global,aud_usd,0.6054,usd_per_aud
2020-03-27,global,aud_usd,0.6126,usd_per_aud
2020-03-30,global,aud_usd,0.6145,usd_per_aud
2020-03-31,global,aud_usd,0.6139,usd_per_aud
2020-04-01,global,aud_usd,0.6107,usd_per_aud
2020-04-02,global,aud_usd,0.6047,usd_per_aud
2020-04-03,global,aud_usd,0.6001,usd_per_aud
2020-04-06,global,aud_usd,0.6096,usd_per_aud
2020-04-07,global,aud_usd,0.6187,usd_per_aud
2020-04-08,global,aud_usd,0.6223,usd_per_aud
2020-04-09,global,aud_usd,0.6309,usd_per_aud
2020-04-10,global,aud_usd,0.6349,usd_per_aud
2020-04-13,global,aud_usd,0.638,usd_per_aud
2020-04-14,global,aud_usd,0.6419,usd_per_aud
2020-04-15,global,aud_usd,0.6328,usd_per_aud
2020-04-16,global,aud_usd,0.6301,usd_per_aud
2020-04-17,global,aud_usd,0.6357,usd_per_aud
2020-04-20,global,aud_usd,0.6387,usd_per_aud
2020-04-21,global,aud_usd,0.6279,usd_per_aud
2020-04-22,global,aud_usd,0.632,usd_per_aud
2020-04-23,global,aud_usd,0.6388,usd_per_aud
2020-04-24,global,aud_usd,0.6377,usd_per_aud
2020-04-27,global,aud_usd,0.646,usd_per_aud
2020-04-28,global,aud_usd,0.6499,usd_per_aud
2020-04-29,global,aud_usd,0.6536,usd_per_aud
2020-04-30,global,aud_usd,0.6523,usd_per_aud
2020-05-01,global,aud_usd,0.6424,usd_per_aud
2020-05-04,global,aud_usd,0.6412,usd_per_aud
2020-05-05,global,aud_usd,0.6458,usd_per_aud
2020-05-06,global,aud_usd,0.6414,usd_per_aud
2020-05-07,global,aud_usd,0.65,usd_per_aud
2020-05-08,global,aud_usd,0.6543,usd_per_aud
2020-05-11,global,aud_usd,0.6472,usd_per_aud
2020-05-12,global,aud_usd,0.6509,usd_per_aud
2020-05-13,global,aud_usd,0.6463,usd_per_aud
2020-05-14,global,aud_usd,0.6422,usd_per_aud
2020-05-15,global,aud_usd,0.641,usd_per_aud
2020-05-18,global,aud_usd,0.6513,usd_per_aud
2020-05-19,global,aud_usd,0.6567,usd_per_aud
2020-05-20,global,aud_usd,0.6601,usd_per_aud
2020-05-21,global,aud_usd,0.6562,usd_per_aud
2020-05-22,global,aud_usd,0.6528,usd_per_aud
2020-05-26,global,aud_usd,0.6644,usd_per_aud
2020-05-27,global,aud_usd,0.659,usd_per_aud
2020-05-28,global,aud_usd,0.6664,usd_per_aud
2020-05-29,global,aud_usd,0.6642,usd_per_aud
2020-06-01,global,aud_usd,0.6785,usd_per_aud
2020-06-02,global,aud_usd,0.6872,usd_per_aud
2020-06-03,global,aud_usd,0.6948,usd_per_aud
2020-06-04,global,aud_usd,0.6944,usd_per_aud
2020-06-05,global,aud_usd,0.6983,usd_per_aud
2020-06-08,global,aud_usd,0.6995,usd_per_aud
2020-06-09,global,aud_usd,0.6964,usd_per_aud
2020-06-10,global,aud_usd,0.7004,usd_per_aud
2020-06-11,global,aud_usd,0.6889,usd_per_aud
2020-06-12,global,aud_usd,0.6854,usd_per_aud
2020-06-15,global,aud_usd,0.6851,usd_per_aud
2020-06-16,global,aud_usd,0.6886,usd_per_aud
2020-06-17,global,aud_usd,0.6897,usd_per_aud
2020-06-18,global,aud_usd,0.6847,usd_per_aud
2020-06-19,global,aud_usd,0.6856,usd_per_aud
2020-06-22,global,aud_usd,0.6904,usd_per_aud
2020-06-23,global,aud_usd,0.6955,usd_per_aud
2020-06-24,global,aud_usd,0.6875,usd_per_aud
2020-06-25,global,aud_usd,0.6868,usd_per_aud
2020-06-26,global,aud_usd,0.6861,usd_per_aud
2020-06-29,global,aud_usd,0.6851,usd_per_aud
2020-06-30,global,aud_usd,0.6893,usd_per_aud
2020-07-01,global,aud_usd,0.6917,usd_per_aud
2020-07-02,global,aud_usd,0.6921,usd_per_aud
2020-07-06,global,aud_usd,0.6973,usd_per_aud
2020-07-07,global,aud_usd,0.6972,usd_per_aud
2020-07-08,global,aud_usd,0.6967,usd_per_aud
2020-07-09,global,aud_usd,0.6958,usd_per_aud
2020-07-10,global,aud_usd,0.6959,usd_per_aud
2020-07-13,global,aud_usd,0.6983,usd_per_aud
2020-07-14,global,aud_usd,0.697,usd_per_aud
2020-07-15,global,aud_usd,0.7003,usd_per_aud
2020-07-16,global,aud_usd,0.7008,usd_per_aud
2020-07-17,global,aud_usd,0.6994,usd_per_aud
2020-07-20,global,aud_usd,0.7009,usd_per_aud
2020-07-21,global,aud_usd,0.7111,usd_per_aud
2020-07-22,global,aud_usd,0.7147,usd_per_aud
2020-07-23,global,aud_usd,0.7136,usd_per_aud
2020-07-24,global,aud_usd,0.7094,usd_per_aud
2020-07-27,global,aud_usd,0.7134,usd_per_aud
2020-07-28,global,aud_usd,0.7161,usd_per_aud
2020-07-29,global,aud_usd,0.7168,usd_per_aud
2020-07-30,global,aud_usd,0.7139,usd_per_aud
2020-07-31,global,aud_usd,0.7159,usd_per_aud
2020-08-03,global,aud_usd,0.7107,usd_per_aud
2020-08-04,global,aud_usd,0.715,usd_per_aud
2020-08-05,global,aud_usd,0.7216,usd_per_aud
2020-08-06,global,aud_usd,0.7228,usd_per_aud
2020-08-07,global,aud_usd,0.7163,usd_per_aud
2020-08-10,global,aud_usd,0.7162,usd_per_aud
2020-08-11,global,aud_usd,0.7155,usd_per_aud
2020-08-12,global,aud_usd,0.7167,usd_per_aud
2020-08-13,global,aud_usd,0.716,usd_per_aud
2020-08-14,global,aud_usd,0.7168,usd_per_aud
2020-08-17,global,aud_usd,0.7211,usd_per_aud
2020-08-18,global,aud_usd,0.7235,usd_per_aud
2020-08-19,global,aud_usd,0.7234,usd_per_aud
2020-08-20,global,aud_usd,0.7178,usd_per_aud
2020-08-21,global,aud_usd,0.7156,usd_per_aud
2020-08-24,global,aud_usd,0.7174,usd_per_aud
2020-08-25,global,aud_usd,0.718,usd_per_aud
2020-08-26,global,aud_usd,0.7222,usd_per_aud
2020-08-27,global,aud_usd,0.726,usd_per_aud
2020-08-28,global,aud_usd,0.7352,usd_per_aud
2020-08-31,global,aud_usd,0.7388,usd_per_aud
2020-09-01,global,aud_usd,0.7375,usd_per_aud
2020-09-02,global,aud_usd,0.7319,usd_per_aud
2020-09-03,global,aud_usd,0.7272,usd_per_aud
2020-09-04,global,aud_usd,0.7264,usd_per_aud
2020-09-08,global,aud_usd,0.723,usd_per_aud
2020-09-09,global,aud_usd,0.7275,usd_per_aud
2020-09-10,global,aud_usd,0.7287,usd_per_aud
2020-09-11,global,aud_usd,0.7277,usd_per_aud
2020-09-14,global,aud_usd,0.7299,usd_per_aud
2020-09-15,global,aud_usd,0.7296,usd_per_aud
2020-09-16,global,aud_usd,0.7336,usd_per_aud
2020-09-17,global,aud_usd,0.7289,usd_per_aud
2020-09-18,global,aud_usd,0.7311,usd_per_aud
2020-09-21,global,aud_usd,0.7212,usd_per_aud
2020-09-22,global,aud_usd,0.7173,usd_per_aud
2020-09-23,global,aud_usd,0.7093,usd_per_aud
2020-09-24,global,aud_usd,0.7046,usd_per_aud
2020-09-25,global,aud_usd,0.7012,usd_per_aud
2020-09-28,global,aud_usd,0.7067,usd_per_aud
2020-09-29,global,aud_usd,0.7109,usd_per_aud
2020-09-30,global,aud_usd,0.716,usd_per_aud
2020-10-01,global,aud_usd,0.7189,usd_per_aud
2020-10-02,global,aud_usd,0.7147,usd_per_aud
2020-10-05,global,aud_usd,0.7181,usd_per_aud
2020-10-06,global,aud_usd,0.7149,usd_per_aud
2020-10-07,global,aud_usd,0.714,usd_per_aud
2020-10-08,global,aud_usd,0.7158,usd_per_aud
2020-10-09,global,aud_usd,0.7237,usd_per_aud
2020-10-13,global,aud_usd,0.7165,usd_per_aud
2020-10-14,global,aud_usd,0.7169,usd_per_aud
2020-10-15,global,aud_usd,0.7079,usd_per_aud
2020-10-16,global,aud_usd,0.7083,usd_per_aud
2020-10-19,global,aud_usd,0.709,usd_per_aud
2020-10-20,global,aud_usd,0.7057,usd_per_aud
2020-10-21,global,aud_usd,0.712,usd_per_aud
2020-10-22,global,aud_usd,0.7109,usd_per_aud
2020-10-23,global,aud_usd,0.7118,usd_per_aud
2020-10-26,global,aud_usd,0.712,usd_per_aud
2020-10-27,global,aud_usd,0.7143,usd_per_aud
2020-10-28,global,aud_usd,0.7067,usd_per_aud
2020-10-29,global,aud_usd,0.7006,usd_per_aud
2020-10-30,global,aud_usd,0.7023,usd_per_aud
2020-11-02,global,aud_usd,0.7045,usd_per_aud
2020-11-03,global,aud_usd,0.7159,usd_per_aud
2020-11-04,global,aud_usd,0.7192,usd_per_aud
2020-11-05,global,aud_usd,0.7265,usd_per_aud
2020-11-06,global,aud_usd,0.7268,usd_per_aud
2020-11-09,global,aud_usd,0.7275,usd_per_aud
2020-11-10,global,aud_usd,0.7273,usd_per_aud
2020-11-12,global,aud_usd,0.7267,usd_per_aud
2020-11-13,global,aud_usd,0.7256,usd_per_aud
2020-11-16,global,aud_usd,0.7323,usd_per_aud
2020-11-17,global,aud_usd,0.7298,usd_per_aud
2020-11-18,global,aud_usd,0.7325,usd_per_aud
2020-11-19,global,aud_usd,0.7265,usd_per_aud
2020-11-20,global,aud_usd,0.7315,usd_per_aud
2020-11-23,global,aud_usd,0.7279,usd_per_aud
2020-11-24,global,aud_usd,0.7351,usd_per_aud
2020-11-25,global,aud_usd,0.736,usd_per_aud
2020-11-30,global,aud_usd,0.7351,usd_per_aud
2020-12-01,global,aud_usd,0.7355,usd_per_aud
2020-12-02,global,aud_usd,0.7395,usd_per_aud
2020-12-03,global,aud_usd,0.7444,usd_per_aud
2020-12-04,global,aud_usd,0.7438,usd_per_aud
2020-12-07,global,aud_usd,0.7449,usd_per_aud
2020-12-08,global,aud_usd,0.7414,usd_per_aud
2020-12-09,global,aud_usd,0.7451,usd_per_aud
2020-12-10,global,aud_usd,0.752,usd_per_aud
2020-12-11,global,aud_usd,0.7532,usd_per_aud
2020-12-14,global,aud_usd,0.7537,usd_per_aud
2020-12-15,global,aud_usd,0.7555,usd_per_aud
2020-12-16,global,aud_usd,0.7565,usd_per_aud
2020-12-17,global,aud_usd,0.762,usd_per_aud
2020-12-18,global,aud_usd,0.7615,usd_per_aud
2020-12-21,global,aud_usd,0.7575,usd_per_aud
2020-12-22,global,aud_usd,0.7531,usd_per_aud
2020-12-23,global,aud_usd,0.7587,usd_per_aud
2020-12-28,global,aud_usd,0.7568,usd_per_aud
2020-12-29,global,aud_usd,0.7623,usd_per_aud
2020-12-30,global,aud_usd,0.7682,usd_per_aud
2020-12-31,global,aud_usd,0.7709,usd_per_aud
2021-01-04,global,aud_usd,0.7657,usd_per_aud
2021-01-05,global,aud_usd,0.7752,usd_per_aud
2021-01-06,global,aud_usd,0.7787,usd_per_aud
2021-01-07,global,aud_usd,0.7755,usd_per_aud
2021-01-08,global,aud_usd,0.7778,usd_per_aud
2021-01-11,global,aud_usd,0.7714,usd_per_aud
2021-01-12,global,aud_usd,0.7732,usd_per_aud
2021-01-13,global,aud_usd,0.774,usd_per_aud
2021-01-14,global,aud_usd,0.779,usd_per_aud
2021-01-15,global,aud_usd,0.7723,usd_per_aud
2021-01-19,global,aud_usd,0.7703,usd_per_aud
2021-01-21,global,aud_usd,0.7754,usd_per_aud
2021-01-22,global,aud_usd,0.7728,usd_per_aud
2021-01-25,global,aud_usd,0.7703,usd_per_aud
2021-01-26,global,aud_usd,0.7737,usd_per_aud
2021-01-27,global,aud_usd,0.768,usd_per_aud
2021-01-28,global,aud_usd,0.7674,usd_per_aud
2021-01-29,global,aud_usd,0.7661,usd_per_aud
2021-02-01,global,aud_usd,0.7625,usd_per_aud
2021-02-02,global,aud_usd,0.7586,usd_per_aud
2021-02-03,global,aud_usd,0.7622,usd_per_aud
2021-02-04,global,aud_usd,0.7599,usd_per_aud
2021-02-05,global,aud_usd,0.7656,usd_per_aud
2021-02-08,global,aud_usd,0.7702,usd_per_aud
2021-02-09,global,aud_usd,0.7724,usd_per_aud
2021-02-10,global,aud_usd,0.7735,usd_per_aud
2021-02-11,global,aud_usd,0.7756,usd_per_aud
2021-02-12,global,aud_usd,0.7762,usd_per_aud
2021-02-16,global,aud_usd,0.7759,usd_per_aud
2021-02-17,global,aud_usd,0.774,usd_per_aud
2021-02-18,global,aud_usd,0.775,usd_per_aud
2021-02-19,global,aud_usd,0.7873,usd_per_aud
2021-02-22,global,aud_usd,0.7916,usd_per_aud
2021-02-23,global,aud_usd,0.7902,usd_per_aud
2021-02-24,global,aud_usd,0.7935,usd_per_aud
2021-02-25,global,aud_usd,0.7953,usd_per_aud
2021-02-26,global,aud_usd,0.772,usd_per_aud
2021-03-01,global,aud_usd,0.7776,usd_per_aud
2021-03-02,global,aud_usd,0.7822,usd_per_aud
2021-03-03,global,aud_usd,0.7808,usd_per_aud
2021-03-04,global,aud_usd,0.7807,usd_per_aud
2021-03-05,global,aud_usd,0.7665,usd_per_aud
2021-03-08,global,aud_usd,0.7653,usd_per_aud
2021-03-09,global,aud_usd,0.7699,usd_per_aud
2021-03-10,global,aud_usd,0.7721,usd_per_aud
2021-03-11,global,aud_usd,0.7773,usd_per_aud
2021-03-12,global,aud_usd,0.7772,usd_per_aud
2021-03-15,global,aud_usd,0.7729,usd_per_aud
2021-03-16,global,aud_usd,0.7748,usd_per_aud
2021-03-17,global,aud_usd,0.7709,usd_per_aud
2021-03-18,global,aud_usd,0.7795,usd_per_aud
2021-03-19,global,aud_usd,0.7746,usd_per_aud
2021-03-22,global,aud_usd,0.775,usd_per_aud
2021-03-23,global,aud_usd,0.7682,usd_per_aud
2021-03-24,global,aud_usd,0.7622,usd_per_aud
2021-03-25,global,aud_usd,0.757,usd_per_aud
2021-03-26,global,aud_usd,0.7629,usd_per_aud
2021-03-29,global,aud_usd,0.7643,usd_per_aud
2021-03-30,global,aud_usd,0.7607,usd_per_aud
2021-03-31,global,aud_usd,0.7613,usd_per_aud
2021-04-01,global,aud_usd,0.7604,usd_per_aud
2021-04-02,global,aud_usd,0.7607,usd_per_aud
2021-04-05,global,aud_usd,0.7657,usd_per_aud
2021-04-06,global,aud_usd,0.766,usd_per_aud
2021-04-07,global,aud_usd,0.7627,usd_per_aud
2021-04-08,global,aud_usd,0.764,usd_per_aud
2021-04-09,global,aud_usd,0.7631,usd_per_aud
2021-04-12,global,aud_usd,0.762,usd_per_aud
2021-04-13,global,aud_usd,0.7629,usd_per_aud
2021-04-14,global,aud_usd,0.7731,usd_per_aud
2021-04-15,global,aud_usd,0.7746,usd_per_aud
2021-04-16,global,aud_usd,0.7734,usd_per_aud
2021-04-19,global,aud_usd,0.7759,usd_per_aud
2021-04-20,global,aud_usd,0.7742,usd_per_aud
2021-04-21,global,aud_usd,0.7755,usd_per_aud
2021-04-22,global,aud_usd,0.7725,usd_per_aud
2021-04-23,global,aud_usd,0.7739,usd_per_aud
2021-04-26,global,aud_usd,0.7802,usd_per_aud
2021-04-27,global,aud_usd,0.7775,usd_per_aud
2021-04-28,global,aud_usd,0.7768,usd_per_aud
2021-04-29,global,aud_usd,0.7759,usd_per_aud
2021-04-30,global,aud_usd,0.7716,usd_per_aud
2021-05-03,global,aud_usd,0.7758,usd_per_aud
2021-05-04,global,aud_usd,0.7688,usd_per_aud
2021-05-05,global,aud_usd,0.775,usd_per_aud
2021-05-06,global,aud_usd,0.7768,usd_per_aud
2021-05-07,global,aud_usd,0.7861,usd_per_aud
2021-05-10,global,aud_usd,0.7876,usd_per_aud
2021-05-11,global,aud_usd,0.7843,usd_per_aud
2021-05-12,global,aud_usd,0.7734,usd_per_aud
2021-05-13,global,aud_usd,0.7723,usd_per_aud
2021-05-14,global,aud_usd,0.7776,usd_per_aud
2021-05-17,global,aud_usd,0.7765,usd_per_aud
2021-05-18,global,aud_usd,0.7782,usd_per_aud
2021-05-19,global,aud_usd,0.7753,usd_per_aud
2021-05-20,global,aud_usd,0.778,usd_per_aud
2021-05-21,global,aud_usd,0.7731,usd_per_aud
2021-05-24,global,aud_usd,0.7741,usd_per_aud
2021-05-25,global,aud_usd,0.7741,usd_per_aud
2021-05-26,global,aud_usd,0.7743,usd_per_aud
2021-05-27,global,aud_usd,0.7736,usd_per_aud
2021-05-28,global,aud_usd,0.7706,usd_per_aud
2021-06-01,global,aud_usd,0.7765,usd_per_aud
2021-06-02,global,aud_usd,0.7752,usd_per_aud
2021-06-03,global,aud_usd,0.7652,usd_per_aud
2021-06-04,global,aud_usd,0.7742,usd_per_aud
2021-06-07,global,aud_usd,0.7765,usd_per_aud
2021-06-08,global,aud_usd,0.7741,usd_per_aud
2021-06-09,global,aud_usd,0.7731,usd_per_aud
2021-06-10,global,aud_usd,0.7752,usd_per_aud
2021-06-11,global,aud_usd,0.7696,usd_per_aud
2021-06-14,global,aud_usd,0.7718,usd_per_aud
2021-06-15,global,aud_usd,0.7676,usd_per_aud
2021-06-16,global,aud_usd,0.7712,usd_per_aud
2021-06-17,global,aud_usd,0.7555,usd_per_aud
2021-06-18,global,aud_usd,0.7499,usd_per_aud
2021-06-21,global,aud_usd,0.7528,usd_per_aud
2021-06-22,global,aud_usd,0.7528,usd_per_aud
2021-06-23,global,aud_usd,0.7589,usd_per_aud
2021-06-24,global,aud_usd,0.7573,usd_per_aud
2021-06-25,global,aud_usd,0.7595,usd_per_aud
2021-06-28,global,aud_usd,0.7574,usd_per_aud
2021-06-29,global,aud_usd,0.7517,usd_per_aud
2021-06-30,global,aud_usd,0.7496,usd_per_aud
2021-07-01,global,aud_usd,0.7472,usd_per_aud
2021-07-02,global,aud_usd,0.7499,usd_per_aud
2021-07-06,global,aud_usd,0.7496,usd_per_aud
2021-07-07,global,aud_usd,0.7485,usd_per_aud
2021-07-08,global,aud_usd,0.7437,usd_per_aud
2021-07-09,global,aud_usd,0.748,usd_per_aud
2021-07-12,global,aud_usd,0.749,usd_per_aud
2021-07-13,global,aud_usd,0.7471,usd_per_aud
2021-07-14,global,aud_usd,0.7469,usd_per_aud
2021-07-15,global,aud_usd,0.7436,usd_per_aud
2021-07-16,global,aud_usd,0.7409,usd_per_aud
2021-07-19,global,aud_usd,0.7343,usd_per_aud
2021-07-20,global,aud_usd,0.7325,usd_per_aud
2021-07-21,global,aud_usd,0.7357,usd_per_aud
2021-07-22,global,aud_usd,0.7365,usd_per_aud
2021-07-23,global,aud_usd,0.7364,usd_per_aud
2021-07-26,global,aud_usd,0.7386,usd_per_aud
2021-07-27,global,aud_usd,0.7368,usd_per_aud
2021-07-28,global,aud_usd,0.7349,usd_per_aud
2021-07-29,global,aud_usd,0.74,usd_per_aud
2021-07-30,global,aud_usd,0.7351,usd_per_aud
2021-08-02,global,aud_usd,0.7364,usd_per_aud
2021-08-03,global,aud_usd,0.7385,usd_per_aud
2021-08-04,global,aud_usd,0.7378,usd_per_aud
2021-08-05,global,aud_usd,0.7409,usd_per_aud
2021-08-06,global,aud_usd,0.7357,usd_per_aud
2021-08-09,global,aud_usd,0.734,usd_per_aud
2021-08-10,global,aud_usd,0.7346,usd_per_aud
2021-08-11,global,aud_usd,0.7374,usd_per_aud
2021-08-12,global,aud_usd,0.7345,usd_per_aud
2021-08-13,global,aud_usd,0.7377,usd_per_aud
2021-08-16,global,aud_usd,0.7339,usd_per_aud
2021-08-17,global,aud_usd,0.7254,usd_per_aud
2021-08-18,global,aud_usd,0.7236,usd_per_aud
2021-08-19,global,aud_usd,0.717,usd_per_aud
2021-08-20,global,aud_usd,0.7133,usd_per_aud
2021-08-23,global,aud_usd,0.7208,usd_per_aud
2021-08-24,global,aud_usd,0.7254,usd_per_aud
2021-08-25,global,aud_usd,0.7266,usd_per_aud
2021-08-26,global,aud_usd,0.7248,usd_per_aud
2021-08-27,global,aud_usd,0.7309,usd_per_aud
2021-08-30,global,aud_usd,0.7295,usd_per_aud
2021-08-31,global,aud_usd,0.7307,usd_per_aud
2021-09-01,global,aud_usd,0.7369,usd_per_aud
2021-09-02,global,aud_usd,0.7401,usd_per_aud
2021-09-03,global,aud_usd,0.7442,usd_per_aud
2021-09-07,global,aud_usd,0.7394,usd_per_aud
2021-09-08,global,aud_usd,0.7368,usd_per_aud
2021-09-09,global,aud_usd,0.738,usd_per_aud
2021-09-10,global,aud_usd,0.7366,usd_per_aud
2021-09-13,global,aud_usd,0.737,usd_per_aud
2021-09-14,global,aud_usd,0.7335,usd_per_aud
2021-09-15,global,aud_usd,0.7324,usd_per_aud
2021-09-16,global,aud_usd,0.7288,usd_per_aud
2021-09-17,global,aud_usd,0.7276,usd_per_aud
2021-09-20,global,aud_usd,0.7248,usd_per_aud
2021-09-21,global,aud_usd,0.724,usd_per_aud
2021-09-22,global,aud_usd,0.7264,usd_per_aud
2021-09-23,global,aud_usd,0.7297,usd_per_aud
2021-09-24,global,aud_usd,0.7258,usd_per_aud
2021-09-27,global,aud_usd,0.7284,usd_per_aud
2021-09-28,global,aud_usd,0.7237,usd_per_aud
2021-09-29,global,aud_usd,0.719,usd_per_aud
2021-09-30,global,aud_usd,0.7228,usd_per_aud
2021-10-01,global,aud_usd,0.7271,usd_per_aud
2021-10-04,global,aud_usd,0.7284,usd_per_aud
2021-10-05,global,aud_usd,0.7295,usd_per_aud
2021-10-06,global,aud_usd,0.7258,usd_per_aud
2021-10-07,global,aud_usd,0.7321,usd_per_aud
2021-10-08,global,aud_usd,0.7308,usd_per_aud
2021-10-12,global,aud_usd,0.7366,usd_per_aud
2021-10-13,global,aud_usd,0.7371,usd_per_aud
2021-10-14,global,aud_usd,0.7419,usd_per_aud
2021-10-15,global,aud_usd,0.7416,usd_per_aud
2021-10-18,global,aud_usd,0.7417,usd_per_aud
2021-10-19,global,aud_usd,0.7481,usd_per_aud
2021-10-20,global,aud_usd,0.7512,usd_per_aud
2021-10-21,global,aud_usd,0.7492,usd_per_aud
2021-10-22,global,aud_usd,0.7463,usd_per_aud
2021-10-25,global,aud_usd,0.7494,usd_per_aud
2021-10-26,global,aud_usd,0.7497,usd_per_aud
2021-10-27,global,aud_usd,0.7515,usd_per_aud
2021-10-28,global,aud_usd,0.7547,usd_per_aud
2021-10-29,global,aud_usd,0.751,usd_per_aud
2021-11-01,global,aud_usd,0.7534,usd_per_aud
2021-11-02,global,aud_usd,0.7429,usd_per_aud
2021-11-03,global,aud_usd,0.743,usd_per_aud
2021-11-04,global,aud_usd,0.7402,usd_per_aud
2021-11-05,global,aud_usd,0.7408,usd_per_aud
2021-11-08,global,aud_usd,0.7429,usd_per_aud
2021-11-09,global,aud_usd,0.7369,usd_per_aud
2021-11-10,global,aud_usd,0.736,usd_per_aud
2021-11-12,global,aud_usd,0.7322,usd_per_aud
2021-11-15,global,aud_usd,0.7361,usd_per_aud
2021-11-16,global,aud_usd,0.7309,usd_per_aud
2021-11-17,global,aud_usd,0.7273,usd_per_aud
2021-11-18,global,aud_usd,0.727,usd_per_aud
2021-11-19,global,aud_usd,0.7257,usd_per_aud
2021-11-22,global,aud_usd,0.7235,usd_per_aud
2021-11-23,global,aud_usd,0.7222,usd_per_aud
2021-11-24,global,aud_usd,0.7197,usd_per_aud
2021-11-26,global,aud_usd,0.7124,usd_per_aud
2021-11-29,global,aud_usd,0.7119,usd_per_aud
2021-11-30,global,aud_usd,0.7088,usd_per_aud
2021-12-01,global,aud_usd,0.7132,usd_per_aud
2021-12-02,global,aud_usd,0.7097,usd_per_aud
2021-12-03,global,aud_usd,0.7011,usd_per_aud
2021-12-06,global,aud_usd,0.7044,usd_per_aud
2021-12-07,global,aud_usd,0.7113,usd_per_aud
2021-12-08,global,aud_usd,0.7167,usd_per_aud
2021-12-09,global,aud_usd,0.7146,usd_per_aud
2021-12-10,global,aud_usd,0.7177,usd_per_aud
2021-12-13,global,aud_usd,0.7123,usd_per_aud
2021-12-14,global,aud_usd,0.7103,usd_per_aud
2021-12-15,global,aud_usd,0.7125,usd_per_aud
2021-12-16,global,aud_usd,0.7191,usd_per_aud
2021-12-17,global,aud_usd,0.7148,usd_per_aud
2021-12-20,global,aud_usd,0.7117,usd_per_aud
2021-12-21,global,aud_usd,0.714,usd_per_aud
2021-12-22,global,aud_usd,0.7215,usd_per_aud
2021-12-23,global,aud_usd,0.724,usd_per_aud
2021-12-27,global,aud_usd,0.7238,usd_per_aud
2021-12-28,global,aud_usd,0.7233,usd_per_aud
2021-12-29,global,aud_usd,0.7241,usd_per_aud
2021-12-30,global,aud_usd,0.726,usd_per_aud
2022-01-03,global,aud_usd,0.7195,usd_per_aud
2022-01-04,global,aud_usd,0.7241,usd_per_aud
2022-01-05,global,aud_usd,0.726,usd_per_aud
2022-01-06,global,aud_usd,0.7168,usd_per_aud
2022-01-07,global,aud_usd,0.7186,usd_per_aud
2022-01-10,global,aud_usd,0.717,usd_per_aud
2022-01-11,global,aud_usd,0.7198,usd_per_aud
2022-01-12,global,aud_usd,0.7277,usd_per_aud
2022-01-13,global,aud_usd,0.7299,usd_per_aud
2022-01-14,global,aud_usd,0.7222,usd_per_aud
2022-01-18,global,aud_usd,0.7188,usd_per_aud
2022-01-19,global,aud_usd,0.7226,usd_per_aud
2022-01-20,global,aud_usd,0.7266,usd_per_aud
2022-01-21,global,aud_usd,0.7199,usd_per_aud
2022-01-24,global,aud_usd,0.7101,usd_per_aud
2022-01-25,global,aud_usd,0.7138,usd_per_aud
2022-01-26,global,aud_usd,0.7167,usd_per_aud
2022-01-27,global,aud_usd,0.7044,usd_per_aud
2022-01-28,global,aud_usd,0.6998,usd_per_aud
2022-01-31,global,aud_usd,0.7064,usd_per_aud
2022-02-01,global,aud_usd,0.711,usd_per_aud
2022-02-02,global,aud_usd,0.7125,usd_per_aud
2022-02-03,global,aud_usd,0.7143,usd_per_aud
2022-02-04,global,aud_usd,0.7067,usd_per_aud
2022-02-07,global,aud_usd,0.7111,usd_per_aud
2022-02-08,global,aud_usd,0.7133,usd_per_aud
2022-02-09,global,aud_usd,0.7183,usd_per_aud
2022-02-10,global,aud_usd,0.7245,usd_per_aud
2022-02-11,global,aud_usd,0.7177,usd_per_aud
2022-02-14,global,aud_usd,0.7127,usd_per_aud
2022-02-15,global,aud_usd,0.7152,usd_per_aud
2022-02-16,global,aud_usd,0.7183,usd_per_aud
2022-02-17,global,aud_usd,0.7195,usd_per_aud
2022-02-18,global,aud_usd,0.7174,usd_per_aud
2022-02-22,global,aud_usd,0.7226,usd_per_aud
2022-02-23,global,aud_usd,0.7245,usd_per_aud
2022-02-24,global,aud_usd,0.7133,usd_per_aud
2022-02-25,global,aud_usd,0.7218,usd_per_aud
2022-02-28,global,aud_usd,0.7261,usd_per_aud
2022-03-01,global,aud_usd,0.7248,usd_per_aud
2022-03-02,global,aud_usd,0.7282,usd_per_aud
2022-03-03,global,aud_usd,0.7315,usd_per_aud
2022-03-04,global,aud_usd,0.7362,usd_per_aud
2022-03-07,global,aud_usd,0.7321,usd_per_aud
2022-03-08,global,aud_usd,0.7262,usd_per_aud
2022-03-09,global,aud_usd,0.7323,usd_per_aud
2022-03-10,global,aud_usd,0.7361,usd_per_aud
2022-03-11,global,aud_usd,0.7308,usd_per_aud
2022-03-14,global,aud_usd,0.7228,usd_per_aud
2022-03-15,global,aud_usd,0.7196,usd_per_aud
2022-03-16,global,aud_usd,0.7251,usd_per_aud
2022-03-17,global,aud_usd,0.7388,usd_per_aud
2022-03-18,global,aud_usd,0.7402,usd_per_aud
2022-03-21,global,aud_usd,0.7419,usd_per_aud
2022-03-22,global,aud_usd,0.7438,usd_per_aud
2022-03-23,global,aud_usd,0.7498,usd_per_aud
2022-03-24,global,aud_usd,0.7505,usd_per_aud
2022-03-25,global,aud_usd,0.7501,usd_per_aud
2022-03-28,global,aud_usd,0.7483,usd_per_aud
2022-03-29,global,aud_usd,0.7502,usd_per_aud
2022-03-30,global,aud_usd,0.7508,usd_per_aud
2022-03-31,global,aud_usd,0.7499,usd_per_aud
2022-04-01,global,aud_usd,0.7493,usd_per_aud
2022-04-04,global,aud_usd,0.7549,usd_per_aud
2022-04-05,global,aud_usd,0.7598,usd_per_aud
2022-04-06,global,aud_usd,0.7542,usd_per_aud
2022-04-07,global,aud_usd,0.7472,usd_per_aud
2022-04-08,global,aud_usd,0.7461,usd_per_aud
2022-04-11,global,aud_usd,0.742,usd_per_aud
2022-04-12,global,aud_usd,0.748,usd_per_aud
2022-04-13,global,aud_usd,0.743,usd_per_aud
2022-04-14,global,aud_usd,0.7404,usd_per_aud
2022-04-15,global,aud_usd,0.7401,usd_per_aud
2022-04-18,global,aud_usd,0.7353,usd_per_aud
2022-04-19,global,aud_usd,0.737,usd_per_aud
2022-04-20,global,aud_usd,0.7452,usd_per_aud
2022-04-21,global,aud_usd,0.7376,usd_per_aud
2022-04-22,global,aud_usd,0.7257,usd_per_aud
2022-04-25,global,aud_usd,0.7147,usd_per_aud
2022-04-26,global,aud_usd,0.7145,usd_per_aud
2022-04-27,global,aud_usd,0.7124,usd_per_aud
2022-04-28,global,aud_usd,0.7077,usd_per_aud
2022-04-29,global,aud_usd,0.7101,usd_per_aud
2022-05-02,global,aud_usd,0.7058,usd_per_aud
2022-05-03,global,aud_usd,0.7099,usd_per_aud
2022-05-04,global,aud_usd,0.7145,usd_per_aud
2022-05-05,global,aud_usd,0.7089,usd_per_aud
2022-05-06,global,aud_usd,0.7091,usd_per_aud
2022-05-09,global,aud_usd,0.6989,usd_per_aud
2022-05-10,global,aud_usd,0.6925,usd_per_aud
2022-05-11,global,aud_usd,0.6994,usd_per_aud
2022-05-12,global,aud_usd,0.6852,usd_per_aud
2022-05-13,global,aud_usd,0.6918,usd_per_aud
2022-05-16,global,aud_usd,0.6943,usd_per_aud
2022-05-17,global,aud_usd,0.7013,usd_per_aud
2022-05-18,global,aud_usd,0.6998,usd_per_aud
2022-05-19,global,aud_usd,0.7057,usd_per_aud
2022-05-20,global,aud_usd,0.7032,usd_per_aud
2022-05-23,global,aud_usd,0.7099,usd_per_aud
2022-05-24,global,aud_usd,0.7081,usd_per_aud
2022-05-25,global,aud_usd,0.7066,usd_per_aud
2022-05-26,global,aud_usd,0.7078,usd_per_aud
2022-05-27,global,aud_usd,0.7155,usd_per_aud
2022-05-31,global,aud_usd,0.7188,usd_per_aud
2022-06-01,global,aud_usd,0.7164,usd_per_aud
2022-06-02,global,aud_usd,0.7251,usd_per_aud
2022-06-03,global,aud_usd,0.7209,usd_per_aud
2022-06-06,global,aud_usd,0.7207,usd_per_aud
2022-06-07,global,aud_usd,0.7212,usd_per_aud
2022-06-08,global,aud_usd,0.7218,usd_per_aud
2022-06-09,global,aud_usd,0.712,usd_per_aud
2022-06-10,global,aud_usd,0.7054,usd_per_aud
2022-06-13,global,aud_usd,0.6946,usd_per_aud
2022-06-14,global,aud_usd,0.6885,usd_per_aud
2022-06-15,global,aud_usd,0.6946,usd_per_aud
2022-06-16,global,aud_usd,0.6998,usd_per_aud
2022-06-17,global,aud_usd,0.6923,usd_per_aud
2022-06-21,global,aud_usd,0.6975,usd_per_aud
2022-06-22,global,aud_usd,0.6934,usd_per_aud
2022-06-23,global,aud_usd,0.6893,usd_per_aud
2022-06-24,global,aud_usd,0.6946,usd_per_aud
2022-06-27,global,aud_usd,0.6942,usd_per_aud
2022-06-28,global,aud_usd,0.6916,usd_per_aud
2022-06-29,global,aud_usd,0.6887,usd_per_aud
2022-06-30,global,aud_usd,0.6905,usd_per_aud
2022-07-01,global,aud_usd,0.6789,usd_per_aud
2022-07-05,global,aud_usd,0.6774,usd_per_aud
2022-07-06,global,aud_usd,0.6774,usd_per_aud
2022-07-07,global,aud_usd,0.6827,usd_per_aud
2022-07-08,global,aud_usd,0.6858,usd_per_aud
2022-07-11,global,aud_usd,0.675,usd_per_aud
2022-07-12,global,aud_usd,0.6772,usd_per_aud
2022-07-13,global,aud_usd,0.6786,usd_per_aud
2022-07-14,global,aud_usd,0.6744,usd_per_aud
2022-07-15,global,aud_usd,0.6793,usd_per_aud
2022-07-18,global,aud_usd,0.6838,usd_per_aud
2022-07-19,global,aud_usd,0.6904,usd_per_aud
2022-07-20,global,aud_usd,0.6897,usd_per_aud
2022-07-21,global,aud_usd,0.6896,usd_per_aud
2022-07-22,global,aud_usd,0.6948,usd_per_aud
2022-07-25,global,aud_usd,0.6954,usd_per_aud
2022-07-26,global,aud_usd,0.6939,usd_per_aud
2022-07-27,global,aud_usd,0.6921,usd_per_aud
2022-07-28,global,aud_usd,0.6971,usd_per_aud
2022-07-29,global,aud_usd,0.6985,usd_per_aud
2022-08-01,global,aud_usd,0.7035,usd_per_aud
2022-08-02,global,aud_usd,0.6952,usd_per_aud
2022-08-03,global,aud_usd,0.693,usd_per_aud
2022-08-04,global,aud_usd,0.6966,usd_per_aud
2022-08-05,global,aud_usd,0.6901,usd_per_aud
2022-08-08,global,aud_usd,0.6991,usd_per_aud
2022-08-09,global,aud_usd,0.6973,usd_per_aud
2022-08-10,global,aud_usd,0.7099,usd_per_aud
2022-08-11,global,aud_usd,0.7119,usd_per_aud
2022-08-12,global,aud_usd,0.7106,usd_per_aud
2022-08-15,global,aud_usd,0.7046,usd_per_aud
2022-08-16,global,aud_usd,0.7011,usd_per_aud
2022-08-17,global,aud_usd,0.6914,usd_per_aud
2022-08-18,global,aud_usd,0.693,usd_per_aud
2022-08-19,global,aud_usd,0.687,usd_per_aud
2022-08-22,global,aud_usd,0.6871,usd_per_aud
2022-08-23,global,aud_usd,0.6943,usd_per_aud
2022-08-24,global,aud_usd,0.6913,usd_per_aud
2022-08-25,global,aud_usd,0.6961,usd_per_aud
2022-08-26,global,aud_usd,0.6921,usd_per_aud
2022-08-29,global,aud_usd,0.6909,usd_per_aud
2022-08-30,global,aud_usd,0.6875,usd_per_aud
2022-08-31,global,aud_usd,0.6866,usd_per_aud
2022-09-01,global,aud_usd,0.678,usd_per_aud
2022-09-02,global,aud_usd,0.6845,usd_per_aud
2022-09-06,global,aud_usd,0.675,usd_per_aud
2022-09-07,global,aud_usd,0.6731,usd_per_aud
2022-09-08,global,aud_usd,0.674,usd_per_aud
2022-09-09,global,aud_usd,0.6846,usd_per_aud
2022-09-12,global,aud_usd,0.6887,usd_per_aud
2022-09-13,global,aud_usd,0.6763,usd_per_aud
2022-09-14,global,aud_usd,0.6752,usd_per_aud
2022-09-15,global,aud_usd,0.6708,usd_per_aud
2022-09-16,global,aud_usd,0.6703,usd_per_aud
2022-09-19,global,aud_usd,0.6694,usd_per_aud
2022-09-20,global,aud_usd,0.6704,usd_per_aud
2022-09-21,global,aud_usd,0.6661,usd_per_aud
2022-09-22,global,aud_usd,0.6636,usd_per_aud
2022-09-23,global,aud_usd,0.6543,usd_per_aud
2022-09-26,global,aud_usd,0.6466,usd_per_aud
2022-09-27,global,aud_usd,0.6445,usd_per_aud
2022-09-28,global,aud_usd,0.6512,usd_per_aud
2022-09-29,global,aud_usd,0.649,usd_per_aud
2022-09-30,global,aud_usd,0.6437,usd_per_aud
2022-10-03,global,aud_usd,0.6501,usd_per_aud
2022-10-04,global,aud_usd,0.6493,usd_per_aud
2022-10-05,global,aud_usd,0.6466,usd_per_aud
2022-10-06,global,aud_usd,0.6411,usd_per_aud
2022-10-07,global,aud_usd,0.6393,usd_per_aud
2022-10-11,global,aud_usd,0.6329,usd_per_aud
2022-10-12,global,aud_usd,0.6273,usd_per_aud
2022-10-13,global,aud_usd,0.6285,usd_per_aud
2022-10-14,global,aud_usd,0.6219,usd_per_aud
2022-10-17,global,aud_usd,0.6309,usd_per_aud
2022-10-18,global,aud_usd,0.6281,usd_per_aud
2022-10-19,global,aud_usd,0.6271,usd_per_aud
2022-10-20,global,aud_usd,0.6336,usd_per_aud
2022-10-21,global,aud_usd,0.6368,usd_per_aud
2022-10-24,global,aud_usd,0.631,usd_per_aud
2022-10-25,global,aud_usd,0.6395,usd_per_aud
2022-10-26,global,aud_usd,0.6499,usd_per_aud
2022-10-27,global,aud_usd,0.6477,usd_per_aud
2022-10-28,global,aud_usd,0.6396,usd_per_aud
2022-10-31,global,aud_usd,0.6394,usd_per_aud
2022-11-01,global,aud_usd,0.6392,usd_per_aud
2022-11-02,global,aud_usd,0.6412,usd_per_aud
2022-11-03,global,aud_usd,0.6294,usd_per_aud
2022-11-04,global,aud_usd,0.6435,usd_per_aud
2022-11-07,global,aud_usd,0.6463,usd_per_aud
2022-11-08,global,aud_usd,0.6545,usd_per_aud
2022-11-09,global,aud_usd,0.6448,usd_per_aud
2022-11-10,global,aud_usd,0.659,usd_per_aud
2022-11-14,global,aud_usd,0.6695,usd_per_aud
2022-11-15,global,aud_usd,0.6779,usd_per_aud
2022-11-16,global,aud_usd,0.6733,usd_per_aud
2022-11-17,global,aud_usd,0.6666,usd_per_aud
2022-11-18,global,aud_usd,0.6681,usd_per_aud
2022-11-21,global,aud_usd,0.659,usd_per_aud
2022-11-22,global,aud_usd,0.6635,usd_per_aud
2022-11-23,global,aud_usd,0.6707,usd_per_aud
2022-11-25,global,aud_usd,0.675,usd_per_aud
2022-11-28,global,aud_usd,0.6694,usd_per_aud
2022-11-29,global,aud_usd,0.6691,usd_per_aud
2022-11-30,global,aud_usd,0.6717,usd_per_aud
2022-12-01,global,aud_usd,0.6804,usd_per_aud
2022-12-02,global,aud_usd,0.6801,usd_per_aud
2022-12-05,global,aud_usd,0.6713,usd_per_aud
2022-12-06,global,aud_usd,0.6698,usd_per_aud
2022-12-07,global,aud_usd,0.6722,usd_per_aud
2022-12-08,global,aud_usd,0.6769,usd_per_aud
2022-12-09,global,aud_usd,0.6809,usd_per_aud
2022-12-12,global,aud_usd,0.6741,usd_per_aud
2022-12-13,global,aud_usd,0.6869,usd_per_aud
2022-12-14,global,aud_usd,0.6861,usd_per_aud
2022-12-15,global,aud_usd,0.67,usd_per_aud
2022-12-16,global,aud_usd,0.6691,usd_per_aud
2022-12-19,global,aud_usd,0.6711,usd_per_aud
2022-12-20,global,aud_usd,0.6665,usd_per_aud
2022-12-21,global,aud_usd,0.6696,usd_per_aud
2022-12-22,global,aud_usd,0.6671,usd_per_aud
2022-12-23,global,aud_usd,0.671,usd_per_aud
2022-12-27,global,aud_usd,0.6742,usd_per_aud
2022-12-28,global,aud_usd,0.6752,usd_per_aud
2022-12-29,global,aud_usd,0.6779,usd_per_aud
2022-12-30,global,aud_usd,0.6805,usd_per_aud
2023-01-03,global,aud_usd,0.673,usd_per_aud
2023-01-04,global,aud_usd,0.686,usd_per_aud
2023-01-05,global,aud_usd,0.6744,usd_per_aud
2023-01-06,global,aud_usd,0.6864,usd_per_aud
2023-01-09,global,aud_usd,0.6948,usd_per_aud
2023-01-10,global,aud_usd,0.6883,usd_per_aud
2023-01-11,global,aud_usd,0.6899,usd_per_aud
2023-01-12,global,aud_usd,0.6946,usd_per_aud
2023-01-13,global,aud_usd,0.695,usd_per_aud
2023-01-17,global,aud_usd,0.6986,usd_per_aud
2023-01-18,global,aud_usd,0.6988,usd_per_aud
2023-01-19,global,aud_usd,0.6887,usd_per_aud
2023-01-20,global,aud_usd,0.6953,usd_per_aud
2023-01-23,global,aud_usd,0.7024,usd_per_aud
2023-01-24,global,aud_usd,0.7042,usd_per_aud
2023-01-25,global,aud_usd,0.7083,usd_per_aud
2023-01-26,global,aud_usd,0.7094,usd_per_aud
2023-01-27,global,aud_usd,0.7102,usd_per_aud
2023-01-30,global,aud_usd,0.7076,usd_per_aud
2023-01-31,global,aud_usd,0.705,usd_per_aud
2023-02-01,global,aud_usd,0.7067,usd_per_aud
2023-02-02,global,aud_usd,0.7084,usd_per_aud
2023-02-03,global,aud_usd,0.6946,usd_per_aud
2023-02-06,global,aud_usd,0.6869,usd_per_aud
2023-02-07,global,aud_usd,0.6925,usd_per_aud
2023-02-08,global,aud_usd,0.6941,usd_per_aud
2023-02-09,global,aud_usd,0.6964,usd_per_aud
2023-02-10,global,aud_usd,0.6919,usd_per_aud
2023-02-13,global,aud_usd,0.6964,usd_per_aud
2023-02-14,global,aud_usd,0.6962,usd_per_aud
2023-02-15,global,aud_usd,0.6893,usd_per_aud
2023-02-16,global,aud_usd,0.6889,usd_per_aud
2023-02-17,global,aud_usd,0.6865,usd_per_aud
2023-02-21,global,aud_usd,0.6865,usd_per_aud
2023-02-22,global,aud_usd,0.6819,usd_per_aud
2023-02-23,global,aud_usd,0.6787,usd_per_aud
2023-02-24,global,aud_usd,0.6735,usd_per_aud
2023-02-27,global,aud_usd,0.673,usd_per_aud
2023-02-28,global,aud_usd,0.6744,usd_per_aud
2023-03-01,global,aud_usd,0.6768,usd_per_aud
2023-03-02,global,aud_usd,0.672,usd_per_aud
2023-03-03,global,aud_usd,0.6759,usd_per_aud
2023-03-06,global,aud_usd,0.6738,usd_per_aud
2023-03-07,global,aud_usd,0.66,usd_per_aud
2023-03-08,global,aud_usd,0.6602,usd_per_aud
2023-03-09,global,aud_usd,0.6611,usd_per_aud
2023-03-10,global,aud_usd,0.661,usd_per_aud
2023-03-13,global,aud_usd,0.6686,usd_per_aud
2023-03-14,global,aud_usd,0.6662,usd_per_aud
2023-03-15,global,aud_usd,0.6611,usd_per_aud
2023-03-16,global,aud_usd,0.6652,usd_per_aud
2023-03-17,global,aud_usd,0.6683,usd_per_aud
2023-03-20,global,aud_usd,0.6711,usd_per_aud
2023-03-21,global,aud_usd,0.6652,usd_per_aud
2023-03-22,global,aud_usd,0.6686,usd_per_aud
2023-03-23,global,aud_usd,0.6719,usd_per_aud
2023-03-24,global,aud_usd,0.6643,usd_per_aud
2023-03-27,global,aud_usd,0.6642,usd_per_aud
2023-03-28,global,aud_usd,0.6709,usd_per_aud
2023-03-29,global,aud_usd,0.668,usd_per_aud
2023-03-30,global,aud_usd,0.6701,usd_per_aud
2023-03-31,global,aud_usd,0.6704,usd_per_aud
2023-04-03,global,aud_usd,0.6784,usd_per_aud
2023-04-04,global,aud_usd,0.6742,usd_per_aud
2023-04-05,global,aud_usd,0.6728,usd_per_aud
2023-04-06,global,aud_usd,0.6674,usd_per_aud
2023-04-07,global,aud_usd,0.6668,usd_per_aud
2023-04-10,global,aud_usd,0.6625,usd_per_aud
2023-04-11,global,aud_usd,0.6649,usd_per_aud
2023-04-12,global,aud_usd,0.6688,usd_per_aud
2023-04-13,global,aud_usd,0.6779,usd_per_aud
2023-04-14,global,aud_usd,0.6702,usd_per_aud
2023-04-17,global,aud_usd,0.6692,usd_per_aud
2023-04-18,global,aud_usd,0.6719,usd_per_aud
2023-04-19,global,aud_usd,0.6717,usd_per_aud
2023-04-20,global,aud_usd,0.6754,usd_per_aud
2023-04-21,global,aud_usd,0.6691,usd_per_aud
2023-04-24,global,aud_usd,0.6681,usd_per_aud
2023-04-25,global,aud_usd,0.6628,usd_per_aud
2023-04-26,global,aud_usd,0.6616,usd_per_aud
2023-04-27,global,aud_usd,0.6614,usd_per_aud
2023-04-28,global,aud_usd,0.6617,usd_per_aud
2023-05-01,global,aud_usd,0.6636,usd_per_aud
2023-05-02,global,aud_usd,0.667,usd_per_aud
2023-05-03,global,aud_usd,0.6675,usd_per_aud
2023-05-04,global,aud_usd,0.6676,usd_per_aud
2023-05-05,global,aud_usd,0.6747,usd_per_aud
2023-05-08,global,aud_usd,0.6792,usd_per_aud
2023-05-09,global,aud_usd,0.6752,usd_per_aud
2023-05-10,global,aud_usd,0.6764,usd_per_aud
2023-05-11,global,aud_usd,0.6694,usd_per_aud
2023-05-12,global,aud_usd,0.6649,usd_per_aud
2023-05-15,global,aud_usd,0.6698,usd_per_aud
2023-05-16,global,aud_usd,0.6663,usd_per_aud
2023-05-17,global,aud_usd,0.6651,usd_per_aud
2023-05-18,global,aud_usd,0.6618,usd_per_aud
2023-05-19,global,aud_usd,0.6661,usd_per_aud
2023-05-22,global,aud_usd,0.6644,usd_per_aud
2023-05-23,global,aud_usd,0.6622,usd_per_aud
2023-05-24,global,aud_usd,0.6541,usd_per_aud
2023-05-25,global,aud_usd,0.6506,usd_per_aud
2023-05-26,global,aud_usd,0.6511,usd_per_aud
2023-05-30,global,aud_usd,0.6513,usd_per_aud
2023-05-31,global,aud_usd,0.6473,usd_per_aud
2023-06-01,global,aud_usd,0.6577,usd_per_aud
2023-06-02,global,aud_usd,0.6616,usd_per_aud
2023-06-05,global,aud_usd,0.6626,usd_per_aud
2023-06-06,global,aud_usd,0.6674,usd_per_aud
2023-06-07,global,aud_usd,0.6661,usd_per_aud
2023-06-08,global,aud_usd,0.6707,usd_per_aud
2023-06-09,global,aud_usd,0.674,usd_per_aud
2023-06-12,global,aud_usd,0.6747,usd_per_aud
2023-06-13,global,aud_usd,0.6776,usd_per_aud
2023-06-14,global,aud_usd,0.6832,usd_per_aud
2023-06-15,global,aud_usd,0.6871,usd_per_aud
2023-06-16,global,aud_usd,0.6865,usd_per_aud
2023-06-20,global,aud_usd,0.677,usd_per_aud
2023-06-21,global,aud_usd,0.6781,usd_per_aud
2023-06-22,global,aud_usd,0.6753,usd_per_aud
2023-06-23,global,aud_usd,0.6687,usd_per_aud
2023-06-26,global,aud_usd,0.6683,usd_per_aud
2023-06-27,global,aud_usd,0.6683,usd_per_aud
2023-06-28,global,aud_usd,0.662,usd_per_aud
2023-06-29,global,aud_usd,0.6633,usd_per_aud
2023-06-30,global,aud_usd,0.6663,usd_per_aud
2023-07-03,global,aud_usd,0.6678,usd_per_aud
2023-07-05,global,aud_usd,0.6663,usd_per_aud
2023-07-06,global,aud_usd,0.6619,usd_per_aud
2023-07-07,global,aud_usd,0.6686,usd_per_aud
2023-07-10,global,aud_usd,0.6669,usd_per_aud
2023-07-11,global,aud_usd,0.6664,usd_per_aud
2023-07-12,global,aud_usd,0.6782,usd_per_aud
2023-07-13,global,aud_usd,0.6873,usd_per_aud
2023-07-14,global,aud_usd,0.6843,usd_per_aud
2023-07-17,global,aud_usd,0.6821,usd_per_aud
2023-07-18,global,aud_usd,0.6817,usd_per_aud
2023-07-19,global,aud_usd,0.6763,usd_per_aud
2023-07-20,global,aud_usd,0.6778,usd_per_aud
2023-07-21,global,aud_usd,0.6737,usd_per_aud
2023-07-24,global,aud_usd,0.675,usd_per_aud
2023-07-25,global,aud_usd,0.6791,usd_per_aud
2023-07-26,global,aud_usd,0.6756,usd_per_aud
2023-07-27,global,aud_usd,0.674,usd_per_aud
2023-07-28,global,aud_usd,0.667,usd_per_aud
2023-07-31,global,aud_usd,0.673,usd_per_aud
2023-08-01,global,aud_usd,0.6611,usd_per_aud
2023-08-02,global,aud_usd,0.6542,usd_per_aud
2023-08-03,global,aud_usd,0.6554,usd_per_aud
2023-08-04,global,aud_usd,0.6605,usd_per_aud
2023-08-07,global,aud_usd,0.6564,usd_per_aud
2023-08-08,global,aud_usd,0.6514,usd_per_aud
2023-08-09,global,aud_usd,0.6525,usd_per_aud
2023-08-10,global,aud_usd,0.6557,usd_per_aud
2023-08-11,global,aud_usd,0.6493,usd_per_aud
2023-08-14,global,aud_usd,0.6496,usd_per_aud
2023-08-15,global,aud_usd,0.6484,usd_per_aud
2023-08-16,global,aud_usd,0.644,usd_per_aud
2023-08-17,global,aud_usd,0.6417,usd_per_aud
2023-08-18,global,aud_usd,0.6413,usd_per_aud
2023-08-21,global,aud_usd,0.6393,usd_per_aud
2023-08-22,global,aud_usd,0.6425,usd_per_aud
2023-08-23,global,aud_usd,0.6469,usd_per_aud
2023-08-24,global,aud_usd,0.6426,usd_per_aud
2023-08-25,global,aud_usd,0.6401,usd_per_aud
2023-08-28,global,aud_usd,0.6426,usd_per_aud
2023-08-29,global,aud_usd,0.6459,usd_per_aud
2023-08-30,global,aud_usd,0.6495,usd_per_aud
2023-08-31,global,aud_usd,0.6468,usd_per_aud
2023-09-01,global,aud_usd,0.6449,usd_per_aud
2023-09-05,global,aud_usd,0.6382,usd_per_aud
2023-09-06,global,aud_usd,0.6382,usd_per_aud
2023-09-07,global,aud_usd,0.638,usd_per_aud
2023-09-08,global,aud_usd,0.6386,usd_per_aud
2023-09-11,global,aud_usd,0.6435,usd_per_aud
2023-09-12,global,aud_usd,0.6423,usd_per_aud
2023-09-13,global,aud_usd,0.6425,usd_per_aud
2023-09-14,global,aud_usd,0.6445,usd_per_aud
2023-09-15,global,aud_usd,0.6442,usd_per_aud
2023-09-18,global,aud_usd,0.6442,usd_per_aud
2023-09-19,global,aud_usd,0.6458,usd_per_aud
2023-09-20,global,aud_usd,0.6499,usd_per_aud
2023-09-21,global,aud_usd,0.6422,usd_per_aud
2023-09-22,global,aud_usd,0.6453,usd_per_aud
2023-09-25,global,aud_usd,0.642,usd_per_aud
2023-09-26,global,aud_usd,0.6405,usd_per_aud
2023-09-27,global,aud_usd,0.6368,usd_per_aud
2023-09-28,global,aud_usd,0.6427,usd_per_aud
2023-09-29,global,aud_usd,0.6451,usd_per_aud
2023-10-02,global,aud_usd,0.6375,usd_per_aud
2023-10-03,global,aud_usd,0.6293,usd_per_aud
2023-10-04,global,aud_usd,0.6337,usd_per_aud
2023-10-05,global,aud_usd,0.635,usd_per_aud
2023-10-06,global,aud_usd,0.6394,usd_per_aud
2023-10-10,global,aud_usd,0.643,usd_per_aud
2023-10-11,global,aud_usd,0.6407,usd_per_aud
2023-10-12,global,aud_usd,0.6334,usd_per_aud
2023-10-13,global,aud_usd,0.629,usd_per_aud
2023-10-16,global,aud_usd,0.6339,usd_per_aud
2023-10-17,global,aud_usd,0.6377,usd_per_aud
2023-10-18,global,aud_usd,0.6336,usd_per_aud
2023-10-19,global,aud_usd,0.6325,usd_per_aud
2023-10-20,global,aud_usd,0.6319,usd_per_aud
2023-10-23,global,aud_usd,0.6337,usd_per_aud
2023-10-24,global,aud_usd,0.6349,usd_per_aud
2023-10-25,global,aud_usd,0.6334,usd_per_aud
2023-10-26,global,aud_usd,0.6312,usd_per_aud
2023-10-27,global,aud_usd,0.6352,usd_per_aud
2023-10-30,global,aud_usd,0.6374,usd_per_aud
2023-10-31,global,aud_usd,0.6332,usd_per_aud
2023-11-01,global,aud_usd,0.6363,usd_per_aud
2023-11-02,global,aud_usd,0.6422,usd_per_aud
2023-11-03,global,aud_usd,0.6507,usd_per_aud
2023-11-06,global,aud_usd,0.6503,usd_per_aud
2023-11-07,global,aud_usd,0.6424,usd_per_aud
2023-11-08,global,aud_usd,0.6421,usd_per_aud
2023-11-09,global,aud_usd,0.642,usd_per_aud
2023-11-13,global,aud_usd,0.6387,usd_per_aud
2023-11-14,global,aud_usd,0.6491,usd_per_aud
2023-11-15,global,aud_usd,0.6518,usd_per_aud
2023-11-16,global,aud_usd,0.6464,usd_per_aud
2023-11-17,global,aud_usd,0.6494,usd_per_aud
2023-11-20,global,aud_usd,0.6557,usd_per_aud
2023-11-21,global,aud_usd,0.6568,usd_per_aud
2023-11-22,global,aud_usd,0.6535,usd_per_aud
2023-11-24,global,aud_usd,0.6584,usd_per_aud
2023-11-27,global,aud_usd,0.6597,usd_per_aud
2023-11-28,global,aud_usd,0.6666,usd_per_aud
2023-11-29,global,aud_usd,0.6618,usd_per_aud
2023-11-30,global,aud_usd,0.6614,usd_per_aud
2023-12-01,global,aud_usd,0.666,usd_per_aud
2023-12-04,global,aud_usd,0.662,usd_per_aud
2023-12-05,global,aud_usd,0.6551,usd_per_aud
2023-12-06,global,aud_usd,0.6569,usd_per_aud
2023-12-07,global,aud_usd,0.6601,usd_per_aud
2023-12-08,global,aud_usd,0.6569,usd_per_aud
2023-12-11,global,aud_usd,0.6563,usd_per_aud
2023-12-12,global,aud_usd,0.6561,usd_per_aud
2023-12-13,global,aud_usd,0.6583,usd_per_aud
2023-12-14,global,aud_usd,0.6713,usd_per_aud
2023-12-15,global,aud_usd,0.6715,usd_per_aud
2023-12-18,global,aud_usd,0.6697,usd_per_aud
2023-12-19,global,aud_usd,0.6765,usd_per_aud
2023-12-20,global,aud_usd,0.6764,usd_per_aud
2023-12-21,global,aud_usd,0.679,usd_per_aud
2023-12-22,global,aud_usd,0.6803,usd_per_aud
2023-12-26,global,aud_usd,0.6816,usd_per_aud
2023-12-27,global,aud_usd,0.6844,usd_per_aud
2023-12-28,global,aud_usd,0.6844,usd_per_aud
2023-12-29,global,aud_usd,0.6828,usd_per_aud
2024-01-02,global,aud_usd,0.6771,usd_per_aud
2024-01-03,global,aud_usd,0.672,usd_per_aud
2024-01-04,global,aud_usd,0.671,usd_per_aud
2024-01-05,global,aud_usd,0.6722,usd_per_aud
2024-01-08,global,aud_usd,0.6719,usd_per_aud
2024-01-09,global,aud_usd,0.6692,usd_per_aud
2024-01-10,global,aud_usd,0.6692,usd_per_aud
2024-01-11,global,aud_usd,0.6653,usd_per_aud
2024-01-12,global,aud_usd,0.6692,usd_per_aud
2024-01-16,global,aud_usd,0.6597,usd_per_aud
2024-01-17,global,aud_usd,0.6539,usd_per_aud
2024-01-18,global,aud_usd,0.6564,usd_per_aud
2024-01-19,global,aud_usd,0.6581,usd_per_aud
2024-01-22,global,aud_usd,0.6586,usd_per_aud
2024-01-23,global,aud_usd,0.6566,usd_per_aud
2024-01-24,global,aud_usd,0.6601,usd_per_aud
2024-01-25,global,aud_usd,0.6581,usd_per_aud
2024-01-26,global,aud_usd,0.6589,usd_per_aud
2024-01-29,global,aud_usd,0.6594,usd_per_aud
2024-01-30,global,aud_usd,0.6595,usd_per_aud
2024-01-31,global,aud_usd,0.66,usd_per_aud
2024-02-01,global,aud_usd,0.6566,usd_per_aud
2024-02-02,global,aud_usd,0.651,usd_per_aud
2024-02-05,global,aud_usd,0.6478,usd_per_aud
2024-02-06,global,aud_usd,0.6517,usd_per_aud
2024-02-07,global,aud_usd,0.6523,usd_per_aud
2024-02-08,global,aud_usd,0.649,usd_per_aud
2024-02-09,global,aud_usd,0.6516,usd_per_aud
2024-02-12,global,aud_usd,0.6538,usd_per_aud
2024-02-13,global,aud_usd,0.646,usd_per_aud
2024-02-14,global,aud_usd,0.6489,usd_per_aud
2024-02-15,global,aud_usd,0.6508,usd_per_aud
2024-02-16,global,aud_usd,0.6531,usd_per_aud
2024-02-20,global,aud_usd,0.656,usd_per_aud
2024-02-21,global,aud_usd,0.6546,usd_per_aud
2024-02-22,global,aud_usd,0.6547,usd_per_aud
2024-02-23,global,aud_usd,0.6566,usd_per_aud
2024-02-26,global,aud_usd,0.6539,usd_per_aud
2024-02-27,global,aud_usd,0.6547,usd_per_aud
2024-02-28,global,aud_usd,0.6496,usd_per_aud
2024-02-29,global,aud_usd,0.6503,usd_per_aud
2024-03-01,global,aud_usd,0.6529,usd_per_aud
2024-03-04,global,aud_usd,0.6521,usd_per_aud
2024-03-05,global,aud_usd,0.6507,usd_per_aud
2024-03-06,global,aud_usd,0.6577,usd_per_aud
2024-03-07,global,aud_usd,0.6618,usd_per_aud
2024-03-08,global,aud_usd,0.6627,usd_per_aud
2024-03-11,global,aud_usd,0.6608,usd_per_aud
2024-03-12,global,aud_usd,0.6601,usd_per_aud
2024-03-13,global,aud_usd,0.6623,usd_per_aud
2024-03-14,global,aud_usd,0.6585,usd_per_aud
2024-03-15,global,aud_usd,0.6569,usd_per_aud
2024-03-18,global,aud_usd,0.6562,usd_per_aud
2024-03-19,global,aud_usd,0.6528,usd_per_aud
2024-03-20,global,aud_usd,0.6532,usd_per_aud
2024-03-21,global,aud_usd,0.657,usd_per_aud
2024-03-22,global,aud_usd,0.652,usd_per_aud
2024-03-25,global,aud_usd,0.6539,usd_per_aud
2024-03-26,global,aud_usd,0.6538,usd_per_aud
2024-03-27,global,aud_usd,0.6525,usd_per_aud
2024-03-28,global,aud_usd,0.6525,usd_per_aud
2024-03-29,global,aud_usd,0.6524,usd_per_aud
2024-04-01,global,aud_usd,0.6484,usd_per_aud
2024-04-02,global,aud_usd,0.6513,usd_per_aud
2024-04-03,global,aud_usd,0.6558,usd_per_aud
2024-04-04,global,aud_usd,0.6615,usd_per_aud
2024-04-05,global,aud_usd,0.6584,usd_per_aud
2024-04-08,global,aud_usd,0.6602,usd_per_aud
2024-04-09,global,aud_usd,0.6622,usd_per_aud
2024-04-10,global,aud_usd,0.6509,usd_per_aud
2024-04-11,global,aud_usd,0.6525,usd_per_aud
2024-04-12,global,aud_usd,0.6478,usd_per_aud
2024-04-15,global,aud_usd,0.6469,usd_per_aud
2024-04-16,global,aud_usd,0.6412,usd_per_aud
2024-04-17,global,aud_usd,0.6419,usd_per_aud
2024-04-18,global,aud_usd,0.6437,usd_per_aud
2024-04-19,global,aud_usd,0.6423,usd_per_aud
2024-04-22,global,aud_usd,0.6439,usd_per_aud
2024-04-23,global,aud_usd,0.6479,usd_per_aud
2024-04-24,global,aud_usd,0.6486,usd_per_aud
2024-04-25,global,aud_usd,0.6506,usd_per_aud
2024-04-26,global,aud_usd,0.6528,usd_per_aud
2024-04-29,global,aud_usd,0.6565,usd_per_aud
2024-04-30,global,aud_usd,0.649,usd_per_aud
2024-05-01,global,aud_usd,0.6496,usd_per_aud
2024-05-02,global,aud_usd,0.6547,usd_per_aud
2024-05-03,global,aud_usd,0.6616,usd_per_aud
2024-05-06,global,aud_usd,0.6623,usd_per_aud
2024-05-07,global,aud_usd,0.6608,usd_per_aud
2024-05-08,global,aud_usd,0.6585,usd_per_aud
2024-05-09,global,aud_usd,0.6606,usd_per_aud
2024-05-10,global,aud_usd,0.6607,usd_per_aud
2024-05-13,global,aud_usd,0.6611,usd_per_aud
2024-05-14,global,aud_usd,0.6623,usd_per_aud
2024-05-15,global,aud_usd,0.6674,usd_per_aud
2024-05-16,global,aud_usd,0.6683,usd_per_aud
2024-05-17,global,aud_usd,0.6686,usd_per_aud
2024-05-20,global,aud_usd,0.6675,usd_per_aud
2024-05-21,global,aud_usd,0.6666,usd_per_aud
2024-05-22,global,aud_usd,0.6636,usd_per_aud
2024-05-23,global,aud_usd,0.6629,usd_per_aud
2024-05-24,global,aud_usd,0.6629,usd_per_aud
2024-05-28,global,aud_usd,0.6666,usd_per_aud
2024-05-29,global,aud_usd,0.6619,usd_per_aud
2024-05-30,global,aud_usd,0.6642,usd_per_aud
2024-05-31,global,aud_usd,0.664,usd_per_aud
2024-06-03,global,aud_usd,0.6683,usd_per_aud
2024-06-04,global,aud_usd,0.6643,usd_per_aud
2024-06-05,global,aud_usd,0.6643,usd_per_aud
2024-06-06,global,aud_usd,0.6662,usd_per_aud
2024-06-07,global,aud_usd,0.6589,usd_per_aud
2024-06-10,global,aud_usd,0.6611,usd_per_aud
2024-06-11,global,aud_usd,0.6598,usd_per_aud
2024-06-12,global,aud_usd,0.6701,usd_per_aud
2024-06-13,global,aud_usd,0.6641,usd_per_aud
2024-06-14,global,aud_usd,0.6617,usd_per_aud
2024-06-17,global,aud_usd,0.6599,usd_per_aud
2024-06-18,global,aud_usd,0.6652,usd_per_aud
2024-06-20,global,aud_usd,0.6656,usd_per_aud
2024-06-21,global,aud_usd,0.664,usd_per_aud
2024-06-24,global,aud_usd,0.6655,usd_per_aud
2024-06-25,global,aud_usd,0.6642,usd_per_aud
2024-06-26,global,aud_usd,0.6649,usd_per_aud
2024-06-27,global,aud_usd,0.6648,usd_per_aud
2024-06-28,global,aud_usd,0.6677,usd_per_aud
2024-07-01,global,aud_usd,0.6656,usd_per_aud
2024-07-02,global,aud_usd,0.6659,usd_per_aud
2024-07-03,global,aud_usd,0.6719,usd_per_aud
2024-07-05,global,aud_usd,0.6743,usd_per_aud
2024-07-08,global,aud_usd,0.6741,usd_per_aud
2024-07-09,global,aud_usd,0.6737,usd_per_aud
2024-07-10,global,aud_usd,0.6747,usd_per_aud
2024-07-11,global,aud_usd,0.6776,usd_per_aud
2024-07-12,global,aud_usd,0.6788,usd_per_aud
2024-07-15,global,aud_usd,0.6778,usd_per_aud
2024-07-16,global,aud_usd,0.6726,usd_per_aud
2024-07-17,global,aud_usd,0.6728,usd_per_aud
2024-07-18,global,aud_usd,0.6726,usd_per_aud
2024-07-19,global,aud_usd,0.6694,usd_per_aud
2024-07-22,global,aud_usd,0.6639,usd_per_aud
2024-07-23,global,aud_usd,0.6619,usd_per_aud
2024-07-24,global,aud_usd,0.66,usd_per_aud
2024-07-25,global,aud_usd,0.6552,usd_per_aud
2024-07-26,global,aud_usd,0.6557,usd_per_aud
2024-07-29,global,aud_usd,0.654,usd_per_aud
2024-07-30,global,aud_usd,0.6537,usd_per_aud
2024-07-31,global,aud_usd,0.6535,usd_per_aud
2024-08-01,global,aud_usd,0.6522,usd_per_aud
2024-08-02,global,aud_usd,0.6528,usd_per_aud
2024-08-05,global,aud_usd,0.6488,usd_per_aud
2024-08-06,global,aud_usd,0.6519,usd_per_aud
2024-08-07,global,aud_usd,0.6552,usd_per_aud
2024-08-08,global,aud_usd,0.6581,usd_per_aud
2024-08-09,global,aud_usd,0.6577,usd_per_aud
2024-08-12,global,aud_usd,0.6595,usd_per_aud
2024-08-13,global,aud_usd,0.6613,usd_per_aud
2024-08-14,global,aud_usd,0.6617,usd_per_aud
2024-08-15,global,aud_usd,0.6629,usd_per_aud
2024-08-16,global,aud_usd,0.6649,usd_per_aud
2024-08-19,global,aud_usd,0.6715,usd_per_aud
2024-08-20,global,aud_usd,0.6743,usd_per_aud
2024-08-21,global,aud_usd,0.6753,usd_per_aud
2024-08-22,global,aud_usd,0.6708,usd_per_aud
2024-08-23,global,aud_usd,0.6777,usd_per_aud
2024-08-26,global,aud_usd,0.6772,usd_per_aud
2024-08-27,global,aud_usd,0.6779,usd_per_aud
2024-08-28,global,aud_usd,0.6781,usd_per_aud
2024-08-29,global,aud_usd,0.6807,usd_per_aud
2024-08-30,global,aud_usd,0.6765,usd_per_aud
2024-09-03,global,aud_usd,0.6721,usd_per_aud
2024-09-04,global,aud_usd,0.6724,usd_per_aud
2024-09-05,global,aud_usd,0.6727,usd_per_aud
2024-09-06,global,aud_usd,0.6678,usd_per_aud
2024-09-09,global,aud_usd,0.6664,usd_per_aud
2024-09-10,global,aud_usd,0.6652,usd_per_aud
2024-09-11,global,aud_usd,0.665,usd_per_aud
2024-09-12,global,aud_usd,0.6696,usd_per_aud
2024-09-13,global,aud_usd,0.6712,usd_per_aud
2024-09-16,global,aud_usd,0.6739,usd_per_aud
2024-09-17,global,aud_usd,0.6754,usd_per_aud
2024-09-18,global,aud_usd,0.6761,usd_per_aud
2024-09-19,global,aud_usd,0.6817,usd_per_aud
2024-09-20,global,aud_usd,0.6806,usd_per_aud
2024-09-23,global,aud_usd,0.6848,usd_per_aud
2024-09-24,global,aud_usd,0.6873,usd_per_aud
2024-09-25,global,aud_usd,0.6837,usd_per_aud
2024-09-26,global,aud_usd,0.6902,usd_per_aud
2024-09-27,global,aud_usd,0.6911,usd_per_aud
2024-09-30,global,aud_usd,0.6934,usd_per_aud
2024-10-01,global,aud_usd,0.6888,usd_per_aud
2024-10-02,global,aud_usd,0.6895,usd_per_aud
2024-10-03,global,aud_usd,0.6843,usd_per_aud
2024-10-04,global,aud_usd,0.6797,usd_per_aud
2024-10-07,global,aud_usd,0.6761,usd_per_aud
2024-10-08,global,aud_usd,0.6738,usd_per_aud
2024-10-09,global,aud_usd,0.6725,usd_per_aud
2024-10-10,global,aud_usd,0.6733,usd_per_aud
2024-10-11,global,aud_usd,0.6756,usd_per_aud
2024-10-15,global,aud_usd,0.6709,usd_per_aud
2024-10-16,global,aud_usd,0.6662,usd_per_aud
2024-10-17,global,aud_usd,0.6702,usd_per_aud
2024-10-18,global,aud_usd,0.67,usd_per_aud
2024-10-21,global,aud_usd,0.6661,usd_per_aud
2024-10-22,global,aud_usd,0.6679,usd_per_aud
2024-10-23,global,aud_usd,0.6632,usd_per_aud
2024-10-24,global,aud_usd,0.6629,usd_per_aud
2024-10-25,global,aud_usd,0.6621,usd_per_aud
2024-10-28,global,aud_usd,0.6587,usd_per_aud
2024-10-29,global,aud_usd,0.6557,usd_per_aud
2024-10-30,global,aud_usd,0.6584,usd_per_aud
2024-10-31,global,aud_usd,0.655,usd_per_aud
2024-11-01,global,aud_usd,0.6582,usd_per_aud
2024-11-04,global,aud_usd,0.6584,usd_per_aud
2024-11-05,global,aud_usd,0.6633,usd_per_aud
2024-11-06,global,aud_usd,0.6573,usd_per_aud
2024-11-07,global,aud_usd,0.6671,usd_per_aud
2024-11-08,global,aud_usd,0.6573,usd_per_aud
2024-11-12,global,aud_usd,0.6522,usd_per_aud
2024-11-13,global,aud_usd,0.6486,usd_per_aud
2024-11-14,global,aud_usd,0.6473,usd_per_aud
2024-11-15,global,aud_usd,0.6461,usd_per_aud
2024-11-18,global,aud_usd,0.6498,usd_per_aud
2024-11-19,global,aud_usd,0.6524,usd_per_aud
2024-11-20,global,aud_usd,0.6494,usd_per_aud
2024-11-21,global,aud_usd,0.6503,usd_per_aud
2024-11-22,global,aud_usd,0.6495,usd_per_aud
2024-11-25,global,aud_usd,0.6491,usd_per_aud
2024-11-26,global,aud_usd,0.6461,usd_per_aud
2024-11-27,global,aud_usd,0.6492,usd_per_aud
2024-11-29,global,aud_usd,0.6513,usd_per_aud
2024-12-02,global,aud_usd,0.6459,usd_per_aud
2024-12-03,global,aud_usd,0.6483,usd_per_aud
2024-12-04,global,aud_usd,0.6436,usd_per_aud
2024-12-05,global,aud_usd,0.6439,usd_per_aud
2024-12-06,global,aud_usd,0.6382,usd_per_aud
2024-12-09,global,aud_usd,0.6462,usd_per_aud
2024-12-10,global,aud_usd,0.6377,usd_per_aud
2024-12-11,global,aud_usd,0.6378,usd_per_aud
2024-12-12,global,aud_usd,0.6388,usd_per_aud
2024-12-13,global,aud_usd,0.6359,usd_per_aud
2024-12-16,global,aud_usd,0.6372,usd_per_aud
2024-12-17,global,aud_usd,0.6339,usd_per_aud
2024-12-18,global,aud_usd,0.6302,usd_per_aud
2024-12-19,global,aud_usd,0.6252,usd_per_aud
2024-12-20,global,aud_usd,0.6266,usd_per_aud
2024-12-23,global,aud_usd,0.6243,usd_per_aud
2024-12-24,global,aud_usd,0.623,usd_per_aud
2024-12-26,global,aud_usd,0.6227,usd_per_aud
2024-12-27,global,aud_usd,0.6208,usd_per_aud
2024-12-30,global,aud_usd,0.6219,usd_per_aud
2024-12-31,global,aud_usd,0.6185,usd_per_aud
2025-01-02,global,aud_usd,0.6208,usd_per_aud
2025-01-03,global,aud_usd,0.6209,usd_per_aud
2025-01-06,global,aud_usd,0.6251,usd_per_aud
2025-01-07,global,aud_usd,0.6245,usd_per_aud
2025-01-08,global,aud_usd,0.6217,usd_per_aud
2025-01-09,global,aud_usd,0.6196,usd_per_aud
2025-01-10,global,aud_usd,0.6147,usd_per_aud
2025-01-13,global,aud_usd,0.6155,usd_per_aud
2025-01-14,global,aud_usd,0.6184,usd_per_aud
2025-01-15,global,aud_usd,0.6218,usd_per_aud
2025-01-16,global,aud_usd,0.6221,usd_per_aud
2025-01-17,global,aud_usd,0.621,usd_per_aud
2025-01-21,global,aud_usd,0.6272,usd_per_aud
2025-01-22,global,aud_usd,0.6276,usd_per_aud
2025-01-23,global,aud_usd,0.6287,usd_per_aud
2025-01-24,global,aud_usd,0.6322,usd_per_aud
2025-01-27,global,aud_usd,0.628,usd_per_aud
2025-01-28,global,aud_usd,0.6247,usd_per_aud
2025-01-29,global,aud_usd,0.6228,usd_per_aud
2025-01-30,global,aud_usd,0.6233,usd_per_aud
2025-01-31,global,aud_usd,0.6242,usd_per_aud
2025-02-03,global,aud_usd,0.6177,usd_per_aud
2025-02-04,global,aud_usd,0.6257,usd_per_aud
2025-02-05,global,aud_usd,0.6296,usd_per_aud
2025-02-06,global,aud_usd,0.6279,usd_per_aud
2025-02-07,global,aud_usd,0.6264,usd_per_aud
2025-02-10,global,aud_usd,0.6279,usd_per_aud
2025-02-11,global,aud_usd,0.6294,usd_per_aud
2025-02-12,global,aud_usd,0.6285,usd_per_aud
2025-02-13,global,aud_usd,0.6292,usd_per_aud
2025-02-14,global,aud_usd,0.6359,usd_per_aud
2025-02-18,global,aud_usd,0.6353,usd_per_aud
2025-02-19,global,aud_usd,0.6341,usd_per_aud
2025-02-20,global,aud_usd,0.6393,usd_per_aud
2025-02-21,global,aud_usd,0.6376,usd_per_aud
2025-02-24,global,aud_usd,0.6361,usd_per_aud
2025-02-25,global,aud_usd,0.6332,usd_per_aud
2025-02-26,global,aud_usd,0.6323,usd_per_aud
2025-02-27,global,aud_usd,0.6256,usd_per_aud
2025-02-28,global,aud_usd,0.6211,usd_per_aud
2025-03-03,global,aud_usd,0.6249,usd_per_aud
2025-03-04,global,aud_usd,0.6212,usd_per_aud
2025-03-05,global,aud_usd,0.6312,usd_per_aud
2025-03-06,global,aud_usd,0.6348,usd_per_aud
2025-03-07,global,aud_usd,0.63,usd_per_aud
2025-03-10,global,aud_usd,0.6308,usd_per_aud
2025-03-11,global,aud_usd,0.6285,usd_per_aud
2025-03-12,global,aud_usd,0.6306,usd_per_aud
2025-03-13,global,aud_usd,0.6289,usd_per_aud
2025-03-14,global,aud_usd,0.6318,usd_per_aud
2025-03-17,global,aud_usd,0.6375,usd_per_aud
2025-03-18,global,aud_usd,0.6356,usd_per_aud
2025-03-19,global,aud_usd,0.6331,usd_per_aud
2025-03-20,global,aud_usd,0.6301,usd_per_aud
2025-03-21,global,aud_usd,0.6266,usd_per_aud
2025-03-24,global,aud_usd,0.6281,usd_per_aud
2025-03-25,global,aud_usd,0.6309,usd_per_aud
2025-03-26,global,aud_usd,0.6307,usd_per_aud
2025-03-27,global,aud_usd,0.6308,usd_per_aud
2025-03-28,global,aud_usd,0.63,usd_per_aud
2025-03-31,global,aud_usd,0.6236,usd_per_aud
2025-04-01,global,aud_usd,0.6278,usd_per_aud
2025-04-02,global,aud_usd,0.63,usd_per_aud
2025-04-03,global,aud_usd,0.6352,usd_per_aud
2025-04-04,global,aud_usd,0.6043,usd_per_aud
2025-04-07,global,aud_usd,0.598,usd_per_aud
2025-04-08,global,aud_usd,0.6015,usd_per_aud
2025-04-09,global,aud_usd,0.6003,usd_per_aud
2025-04-10,global,aud_usd,0.6192,usd_per_aud
2025-04-11,global,aud_usd,0.6245,usd_per_aud
2025-04-14,global,aud_usd,0.6312,usd_per_aud
2025-04-15,global,aud_usd,0.6358,usd_per_aud
2025-04-16,global,aud_usd,0.6389,usd_per_aud
2025-04-17,global,aud_usd,0.6382,usd_per_aud
2025-04-18,global,aud_usd,0.6375,usd_per_aud
2025-04-21,global,aud_usd,0.6412,usd_per_aud
2025-04-22,global,aud_usd,0.6391,usd_per_aud
2025-04-23,global,aud_usd,0.6376,usd_per_aud
2025-04-24,global,aud_usd,0.6396,usd_per_aud
2025-04-25,global,aud_usd,0.6396,usd_per_aud
2025-04-28,global,aud_usd,0.6413,usd_per_aud
2025-04-29,global,aud_usd,0.6385,usd_per_aud
2025-04-30,global,aud_usd,0.6399,usd_per_aud
2025-05-01,global,aud_usd,0.6373,usd_per_aud
2025-05-02,global,aud_usd,0.6447,usd_per_aud
2025-05-05,global,aud_usd,0.6472,usd_per_aud
2025-05-06,global,aud_usd,0.6489,usd_per_aud
2025-05-07,global,aud_usd,0.6462,usd_per_aud
2025-05-08,global,aud_usd,0.6416,usd_per_aud
2025-05-09,global,aud_usd,0.6425,usd_per_aud
2025-05-12,global,aud_usd,0.6369,usd_per_aud
2025-05-13,global,aud_usd,0.6472,usd_per_aud
2025-05-14,global,aud_usd,0.6448,usd_per_aud
2025-05-15,global,aud_usd,0.6403,usd_per_aud
2025-05-16,global,aud_usd,0.6395,usd_per_aud
2025-05-19,global,aud_usd,0.6458,usd_per_aud
2025-05-20,global,aud_usd,0.6405,usd_per_aud
2025-05-21,global,aud_usd,0.6468,usd_per_aud
2025-05-22,global,aud_usd,0.6417,usd_per_aud
2025-05-23,global,aud_usd,0.6478,usd_per_aud
2025-05-27,global,aud_usd,0.6437,usd_per_aud
2025-05-28,global,aud_usd,0.6417,usd_per_aud
2025-05-29,global,aud_usd,0.6443,usd_per_aud
2025-05-30,global,aud_usd,0.6434,usd_per_aud
2025-06-02,global,aud_usd,0.6493,usd_per_aud
2025-06-03,global,aud_usd,0.6462,usd_per_aud
2025-06-04,global,aud_usd,0.6499,usd_per_aud
2025-06-05,global,aud_usd,0.6517,usd_per_aud
2025-06-06,global,aud_usd,0.6496,usd_per_aud
2025-06-09,global,aud_usd,0.6526,usd_per_aud
2025-06-10,global,aud_usd,0.6523,usd_per_aud
2025-06-11,global,aud_usd,0.6521,usd_per_aud
2025-06-12,global,aud_usd,0.6525,usd_per_aud
2025-06-13,global,aud_usd,0.6513,usd_per_aud
2025-06-16,global,aud_usd,0.6536,usd_per_aud
2025-06-17,global,aud_usd,0.6515,usd_per_aud
2025-06-18,global,aud_usd,0.652,usd_per_aud
2025-06-20,global,aud_usd,0.6455,usd_per_aud
2025-06-23,global,aud_usd,0.6423,usd_per_aud
2025-06-24,global,aud_usd,0.6499,usd_per_aud
2025-06-25,global,aud_usd,0.6493,usd_per_aud
2025-06-26,global,aud_usd,0.6555,usd_per_aud
2025-06-27,global,aud_usd,0.6535,usd_per_aud
2025-06-30,global,aud_usd,0.6573,usd_per_aud
2025-07-01,global,aud_usd,0.6572,usd_per_aud
2025-07-02,global,aud_usd,0.6571,usd_per_aud
2025-07-03,global,aud_usd,0.6576,usd_per_aud
2025-07-07,global,aud_usd,0.6513,usd_per_aud
2025-07-08,global,aud_usd,0.6524,usd_per_aud
2025-07-09,global,aud_usd,0.6532,usd_per_aud
2025-07-10,global,aud_usd,0.6572,usd_per_aud
2025-07-11,global,aud_usd,0.6577,usd_per_aud
2025-07-14,global,aud_usd,0.655,usd_per_aud
2025-07-15,global,aud_usd,0.652,usd_per_aud
2025-07-16,global,aud_usd,0.6522,usd_per_aud
2025-07-17,global,aud_usd,0.6485,usd_per_aud
2025-07-18,global,aud_usd,0.6527,usd_per_aud
2025-07-21,global,aud_usd,0.6531,usd_per_aud
2025-07-22,global,aud_usd,0.6556,usd_per_aud
2025-07-23,global,aud_usd,0.659,usd_per_aud
2025-07-24,global,aud_usd,0.6601,usd_per_aud
2025-07-25,global,aud_usd,0.6556,usd_per_aud
2025-07-28,global,aud_usd,0.6519,usd_per_aud
2025-07-29,global,aud_usd,0.6509,usd_per_aud
2025-07-30,global,aud_usd,0.6452,usd_per_aud
2025-07-31,global,aud_usd,0.643,usd_per_aud
2025-08-01,global,aud_usd,0.6468,usd_per_aud
2025-08-04,global,aud_usd,0.6467,usd_per_aud
2025-08-05,global,aud_usd,0.6472,usd_per_aud
2025-08-06,global,aud_usd,0.6504,usd_per_aud
2025-08-07,global,aud_usd,0.6502,usd_per_aud
2025-08-08,global,aud_usd,0.6528,usd_per_aud
2025-08-11,global,aud_usd,0.6512,usd_per_aud
2025-08-12,global,aud_usd,0.6532,usd_per_aud
2025-08-13,global,aud_usd,0.6546,usd_per_aud
2025-08-14,global,aud_usd,0.649,usd_per_aud
2025-08-15,global,aud_usd,0.6515,usd_per_aud
2025-08-18,global,aud_usd,0.6494,usd_per_aud
2025-08-19,global,aud_usd,0.6459,usd_per_aud
2025-08-20,global,aud_usd,0.6428,usd_per_aud
2025-08-21,global,aud_usd,0.6421,usd_per_aud
2025-08-22,global,aud_usd,0.6485,usd_per_aud
2025-08-25,global,aud_usd,0.65,usd_per_aud
2025-08-26,global,aud_usd,0.65,usd_per_aud
2025-08-27,global,aud_usd,0.6496,usd_per_aud
2025-08-28,global,aud_usd,0.6532,usd_per_aud
2025-08-29,global,aud_usd,0.6545,usd_per_aud
2025-09-02,global,aud_usd,0.6516,usd_per_aud
2025-09-03,global,aud_usd,0.655,usd_per_aud
2025-09-04,global,aud_usd,0.6514,usd_per_aud
2025-09-05,global,aud_usd,0.657,usd_per_aud
2025-09-08,global,aud_usd,0.6592,usd_per_aud
2025-09-09,global,aud_usd,0.6593,usd_per_aud
2025-09-10,global,aud_usd,0.6626,usd_per_aud
2025-09-11,global,aud_usd,0.6658,usd_per_aud
2025-09-12,global,aud_usd,0.6636,usd_per_aud
2025-09-15,global,aud_usd,0.6671,usd_per_aud
2025-09-16,global,aud_usd,0.6678,usd_per_aud
2025-09-17,global,aud_usd,0.6668,usd_per_aud
2025-09-18,global,aud_usd,0.6613,usd_per_aud
2025-09-19,global,aud_usd,0.6597,usd_per_aud
2025-09-22,global,aud_usd,0.6591,usd_per_aud
2025-09-23,global,aud_usd,0.6601,usd_per_aud
2025-09-24,global,aud_usd,0.6587,usd_per_aud
2025-09-25,global,aud_usd,0.655,usd_per_aud
2025-09-26,global,aud_usd,0.6546,usd_per_aud
2025-09-29,global,aud_usd,0.6578,usd_per_aud
2025-09-30,global,aud_usd,0.6614,usd_per_aud
2025-10-01,global,aud_usd,0.6605,usd_per_aud
2025-10-02,global,aud_usd,0.6588,usd_per_aud
2025-10-03,global,aud_usd,0.6615,usd_per_aud
2025-10-06,global,aud_usd,0.662,usd_per_aud
2025-10-07,global,aud_usd,0.6587,usd_per_aud
2025-10-08,global,aud_usd,0.6582,usd_per_aud
2025-10-09,global,aud_usd,0.6556,usd_per_aud
2025-10-10,global,aud_usd,0.6495,usd_per_aud
2025-10-14,global,aud_usd,0.6492,usd_per_aud
2025-10-15,global,aud_usd,0.6514,usd_per_aud
2025-10-16,global,aud_usd,0.6492,usd_per_aud
2025-10-17,global,aud_usd,0.6486,usd_per_aud
2025-10-20,global,aud_usd,0.6517,usd_per_aud
2025-10-21,global,aud_usd,0.6499,usd_per_aud
2025-10-22,global,aud_usd,0.6502,usd_per_aud
2025-10-23,global,aud_usd,0.6516,usd_per_aud
2025-10-24,global,aud_usd,0.6511,usd_per_aud
2025-10-27,global,aud_usd,0.6554,usd_per_aud
2025-10-28,global,aud_usd,0.6585,usd_per_aud
2025-10-29,global,aud_usd,0.6613,usd_per_aud
2025-10-30,global,aud_usd,0.6555,usd_per_aud
2025-10-31,global,aud_usd,0.6546,usd_per_aud
2025-11-03,global,aud_usd,0.6537,usd_per_aud
2025-11-04,global,aud_usd,0.6502,usd_per_aud
2025-11-05,global,aud_usd,0.6512,usd_per_aud
2025-11-06,global,aud_usd,0.6468,usd_per_aud
2025-11-07,global,aud_usd,0.6476,usd_per_aud
2025-11-10,global,aud_usd,0.6522,usd_per_aud
2025-11-12,global,aud_usd,0.6541,usd_per_aud
2025-11-13,global,aud_usd,0.6553,usd_per_aud
2025-11-14,global,aud_usd,0.6549,usd_per_aud
2025-11-17,global,aud_usd,0.6516,usd_per_aud
2025-11-18,global,aud_usd,0.6505,usd_per_aud
2025-11-19,global,aud_usd,0.6468,usd_per_aud
2025-11-20,global,aud_usd,0.6448,usd_per_aud
2025-11-21,global,aud_usd,0.6457,usd_per_aud
2025-11-24,global,aud_usd,0.6456,usd_per_aud
2025-11-25,global,aud_usd,0.6453,usd_per_aud
2025-11-26,global,aud_usd,0.6516,usd_per_aud
2025-11-28,global,aud_usd,0.6552,usd_per_aud
2025-12-01,global,aud_usd,0.6554,usd_per_aud
2025-12-02,global,aud_usd,0.6556,usd_per_aud
2025-12-03,global,aud_usd,0.6592,usd_per_aud
2025-12-04,global,aud_usd,0.6619,usd_per_aud
2025-12-05,global,aud_usd,0.6635,usd_per_aud
2025-12-08,global,aud_usd,0.6622,usd_per_aud
2025-12-09,global,aud_usd,0.6653,usd_per_aud
2025-12-10,global,aud_usd,0.6642,usd_per_aud
2025-12-11,global,aud_usd,0.6671,usd_per_aud
2025-12-12,global,aud_usd,0.664,usd_per_aud
2025-12-15,global,aud_usd,0.6643,usd_per_aud
2025-12-16,global,aud_usd,0.6637,usd_per_aud
2025-12-17,global,aud_usd,0.6608,usd_per_aud
2025-12-18,global,aud_usd,0.6619,usd_per_aud
2025-12-19,global,aud_usd,0.6617,usd_per_aud
2025-12-22,global,aud_usd,0.6657,usd_per_aud
2025-12-23,global,aud_usd,0.6694,usd_per_aud
2025-12-24,global,aud_usd,0.6707,usd_per_aud
2025-12-26,global,aud_usd,0.671,usd_per_aud
2025-12-29,global,aud_usd,0.669,usd_per_aud
2025-12-30,global,aud_usd,0.6703,usd_per_aud
2025-12-31,global,aud_usd,0.6669,usd_per_aud
2026-01-02,global,aud_usd,0.6684,usd_per_aud
2026-01-05,global,aud_usd,0.6718,usd_per_aud
2026-01-06,global,aud_usd,0.6732,usd_per_aud
2026-01-07,global,aud_usd,0.6728,usd_per_aud
2026-01-08,global,aud_usd,0.6694,usd_per_aud
2026-01-09,global,aud_usd,0.6684,usd_per_aud
2026-01-12,global,aud_usd,0.6716,usd_per_aud
2026-01-13,global,aud_usd,0.6684,usd_per_aud
2026-01-14,global,aud_usd,0.6679,usd_per_aud
2026-01-15,global,aud_usd,0.6705,usd_per_aud
2026-01-16,global,aud_usd,0.6682,usd_per_aud
2026-01-20,global,aud_usd,0.6743,usd_per_aud
2026-01-21,global,aud_usd,0.6765,usd_per_aud
2026-01-22,global,aud_usd,0.6834,usd_per_aud
2026-01-23,global,aud_usd,0.6878,usd_per_aud
2026-01-26,global,aud_usd,0.6933,usd_per_aud
2026-01-27,global,aud_usd,0.6978,usd_per_aud
2026-01-28,global,aud_usd,0.6993,usd_per_aud
2026-01-29,global,aud_usd,0.701,usd_per_aud
2026-01-30,global,aud_usd,0.6995,usd_per_aud
2026-02-02,global,aud_usd,0.696,usd_per_aud
2026-02-03,global,aud_usd,0.7019,usd_per_aud
2026-02-04,global,aud_usd,0.6996,usd_per_aud
2026-02-05,global,aud_usd,0.6974,usd_per_aud
2026-02-06,global,aud_usd,0.7014,usd_per_aud
2026-02-09,global,aud_usd,0.7087,usd_per_aud
2026-02-10,global,aud_usd,0.7072,usd_per_aud
2026-02-11,global,aud_usd,0.7129,usd_per_aud
2026-02-12,global,aud_usd,0.7097,usd_per_aud
2026-02-13,global,aud_usd,0.7068,usd_per_aud
2026-02-17,global,aud_usd,0.7064,usd_per_aud
2026-02-18,global,aud_usd,0.7065,usd_per_aud
2026-02-19,global,aud_usd,0.705,usd_per_aud
2026-02-20,global,aud_usd,0.7082,usd_per_aud
2026-02-23,global,aud_usd,0.7061,usd_per_aud
2026-02-24,global,aud_usd,0.7067,usd_per_aud
2026-02-25,global,aud_usd,0.7116,usd_per_aud
2026-02-26,global,aud_usd,0.7092,usd_per_aud
2026-02-27,global,aud_usd,0.7121,usd_per_aud
2026-03-02,global,aud_usd,0.7067,usd_per_aud
2026-03-03,global,aud_usd,0.7026,usd_per_aud
2026-03-04,global,aud_usd,0.7072,usd_per_aud
2026-03-05,global,aud_usd,0.7005,usd_per_aud
2026-03-06,global,aud_usd,0.7022,usd_per_aud
2026-03-09,global,aud_usd,0.7046,usd_per_aud
2026-03-10,global,aud_usd,0.715,usd_per_aud
2026-03-11,global,aud_usd,0.715,usd_per_aud
2026-03-12,global,aud_usd,0.7089,usd_per_aud
2026-03-13,global,aud_usd,0.7004,usd_per_aud
2026-03-16,global,aud_usd,0.7055,usd_per_aud
2026-03-17,global,aud_usd,0.71,usd_per_aud
2026-03-18,global,aud_usd,0.7078,usd_per_aud
2026-03-19,global,aud_usd,0.7036,usd_per_aud
2026-03-20,global,aud_usd,0.7033,usd_per_aud
2026-03-23,global,aud_usd,0.6995,usd_per_aud
2026-03-24,global,aud_usd,0.6965,usd_per_aud
2026-03-25,global,aud_usd,0.6962,usd_per_aud
2026-03-26,global,aud_usd,0.6913,usd_per_aud
2026-03-27,global,aud_usd,0.689,usd_per_aud
2026-03-30,global,aud_usd,0.6858,usd_per_aud
2026-03-31,global,aud_usd,0.6855,usd_per_aud
2026-04-01,global,aud_usd,0.6944,usd_per_aud
2026-04-02,global,aud_usd,0.6911,usd_per_aud
2026-04-03,global,aud_usd,0.6894,usd_per_aud
2026-04-06,global,aud_usd,0.6919,usd_per_aud
2026-04-07,global,aud_usd,0.6944,usd_per_aud
2026-04-08,global,aud_usd,0.7062,usd_per_aud
2026-04-09,global,aud_usd,0.7086,usd_per_aud
2026-04-10,global,aud_usd,0.7078,usd_per_aud
2026-04-13,global,aud_usd,0.7063,usd_per_aud
2026-04-14,global,aud_usd,0.7131,usd_per_aud
2026-04-15,global,aud_usd,0.7161,usd_per_aud
2026-04-16,global,aud_usd,0.717,usd_per_aud
2026-04-17,global,aud_usd,0.7192,usd_per_aud
2026-04-20,global,aud_usd,0.7175,usd_per_aud
2026-04-21,global,aud_usd,0.7164,usd_per_aud
2026-04-22,global,aud_usd,0.7162,usd_per_aud
2026-04-23,global,aud_usd,0.7156,usd_per_aud
2026-04-24,global,aud_usd,0.7154,usd_per_aud
2026-04-27,global,aud_usd,0.7193,usd_per_aud
2026-04-28,global,aud_usd,0.7181,usd_per_aud
2026-04-29,global,aud_usd,0.713,usd_per_aud
2026-04-30,global,aud_usd,0.7184,usd_per_aud
2026-05-01,global,aud_usd,0.7219,usd_per_aud
2026-05-04,global,aud_usd,0.7167,usd_per_aud
2026-05-05,global,aud_usd,0.7196,usd_per_aud
2026-05-06,global,aud_usd,0.7235,usd_per_aud
2026-05-07,global,aud_usd,0.7241,usd_per_aud
2026-05-08,global,aud_usd,0.7242,usd_per_aud
2026-05-11,global,aud_usd,0.7259,usd_per_aud
2026-05-12,global,aud_usd,0.7224,usd_per_aud
2026-05-13,global,aud_usd,0.7263,usd_per_aud
2026-05-14,global,aud_usd,0.7225,usd_per_aud
2026-05-15,global,aud_usd,0.7151,usd_per_aud
2026-05-18,global,aud_usd,0.716,usd_per_aud
2026-05-19,global,aud_usd,0.7101,usd_per_aud
2026-05-20,global,aud_usd,0.7152,usd_per_aud
2026-05-21,global,aud_usd,0.7134,usd_per_aud
2026-05-22,global,aud_usd,0.7132,usd_per_aud
2026-05-26,global,aud_usd,0.7162,usd_per_aud
2026-05-27,global,aud_usd,0.7137,usd_per_aud
2026-05-28,global,aud_usd,0.7159,usd_per_aud
2026-05-29,global,aud_usd,0.7191,usd_per_aud
2026-06-01,global,aud_usd,0.7153,usd_per_aud
2026-06-02,global,aud_usd,0.7186,usd_per_aud
2026-06-03,global,aud_usd,0.7139,usd_per_aud
2026-06-04,global,aud_usd,0.7143,usd_per_aud
2026-06-05,global,aud_usd,0.706,usd_per_aud
2026-06-08,global,aud_usd,0.7055,usd_per_aud
2026-06-09,global,aud_usd,0.7028,usd_per_aud
2026-06-10,global,aud_usd,0.7022,usd_per_aud
2026-06-11,global,aud_usd,0.6995,usd_per_aud
2026-06-12,global,aud_usd,0.7047,usd_per_aud
2026-06-15,global,aud_usd,0.7081,usd_per_aud
2026-06-16,global,aud_usd,0.7077,usd_per_aud
2026-06-17,global,aud_usd,0.7073,usd_per_aud
2026-06-18,global,aud_usd,0.7019,usd_per_aud
2026-06-22,global,aud_usd,0.7,usd_per_aud
2026-06-23,global,aud_usd,0.6926,usd_per_aud
2026-06-24,global,aud_usd,0.6895,usd_per_aud
2026-06-25,global,aud_usd,0.6922,usd_per_aud
2026-06-26,global,aud_usd,0.6907,usd_per_aud
2026-06-29,global,aud_usd,0.6885,usd_per_aud
2026-06-30,global,aud_usd,0.6915,usd_per_aud
2026-07-01,global,aud_usd,0.6903,usd_per_aud
2026-07-02,global,aud_usd,0.6931,usd_per_aud
2026-07-06,global,aud_usd,0.6944,usd_per_aud
2026-07-07,global,aud_usd,0.6935,usd_per_aud
2026-07-08,global,aud_usd,0.6911,usd_per_aud
2026-07-09,global,aud_usd,0.6944,usd_per_aud
2026-07-10,global,aud_usd,0.6959,usd_per_aud
2026-07-13,global,aud_usd,0.6935,usd_per_aud
2026-07-14,global,aud_usd,0.6974,usd_per_aud
2026-07-15,global,aud_usd,0.6999,usd_per_aud
2026-07-16,global,aud_usd,0.7004,usd_per_aud
2026-07-17,global,aud_usd,0.6985,usd_per_aud
2026-07-20,global,aud_usd,0.7004,usd_per_aud
2026-07-21,global,aud_usd,0.7008,usd_per_aud
2026-07-22,global,aud_usd,0.7,usd_per_aud
2026-07-23,global,aud_usd,0.6975,usd_per_aud
2026-07-24,global,aud_usd,0.6996,usd_per_aud
2026-07-27,global,aud_usd,0.6993,usd_per_aud
2026-07-28,global,aud_usd,0.6984,usd_per_aud
2026-07-29,global,aud_usd,0.693,usd_per_aud
2026-07-30,global,aud_usd,0.7022,usd_per_aud
2026-07-31,global,aud_usd,0.7026,usd_per_aud
2026-08-03,global,aud_usd,0.7001,usd_per_aud
2026-08-04,global,aud_usd,0.7038,usd_per_aud
2026-08-05,global,aud_usd,0.7051,usd_per_aud
2026-08-06,global,aud_usd,0.7028,usd_per_aud
2026-08-07,global,aud_usd,0.7064,usd_per_aud
2026-08-10,global,aud_usd,0.7066,usd_per_aud
2026-08-11,global,aud_usd,0.7062,usd_per_aud
2026-08-12,global,aud_usd,0.707,usd_per_aud
2026-08-13,global,aud_usd,0.7058,usd_per_aud
2026-08-14,global,aud_usd,0.7091,usd_per_aud
2015-01-02,global,brent_crude,55.38,usd_per_barrel
2015-01-05,global,brent_crude,51.08,usd_per_barrel
2015-01-06,global,brent_crude,50.12,usd_per_barrel
2015-01-07,global,brent_crude,49.06,usd_per_barrel
2015-01-08,global,brent_crude,49.43,usd_per_barrel
2015-01-09,global,brent_crude,47.64,usd_per_barrel
2015-01-12,global,brent_crude,46.9,usd_per_barrel
2015-01-13,global,brent_crude,45.13,usd_per_barrel
2015-01-14,global,brent_crude,45.82,usd_per_barrel
2015-01-15,global,brent_crude,47.66,usd_per_barrel
2015-01-16,global,brent_crude,47.38,usd_per_barrel
2015-01-20,global,brent_crude,46.49,usd_per_barrel
2015-01-21,global,brent_crude,46.5,usd_per_barrel
2015-01-22,global,brent_crude,46.09,usd_per_barrel
2015-01-23,global,brent_crude,46.69,usd_per_barrel
2015-01-26,global,brent_crude,46.07,usd_per_barrel
2015-01-27,global,brent_crude,46.55,usd_per_barrel
2015-01-28,global,brent_crude,47.07,usd_per_barrel
2015-01-29,global,brent_crude,46.61,usd_per_barrel
2015-01-30,global,brent_crude,47.52,usd_per_barrel
2015-02-02,global,brent_crude,51.74,usd_per_barrel
2015-02-03,global,brent_crude,54.41,usd_per_barrel
2015-02-04,global,brent_crude,55.07,usd_per_barrel
2015-02-05,global,brent_crude,55.98,usd_per_barrel
2015-02-06,global,brent_crude,55.88,usd_per_barrel
2015-02-09,global,brent_crude,57.0,usd_per_barrel
2015-02-10,global,brent_crude,55.79,usd_per_barrel
2015-02-11,global,brent_crude,53.48,usd_per_barrel
2015-02-12,global,brent_crude,56.23,usd_per_barrel
2015-02-13,global,brent_crude,60.33,usd_per_barrel
2015-02-16,global,brent_crude,61.57,usd_per_barrel
2015-02-17,global,brent_crude,60.78,usd_per_barrel
2015-02-18,global,brent_crude,60.72,usd_per_barrel
2015-02-19,global,brent_crude,58.78,usd_per_barrel
2015-02-20,global,brent_crude,60.99,usd_per_barrel
2015-02-23,global,brent_crude,59.78,usd_per_barrel
2015-02-24,global,brent_crude,60.33,usd_per_barrel
2015-02-25,global,brent_crude,59.77,usd_per_barrel
2015-02-26,global,brent_crude,61.39,usd_per_barrel
2015-02-27,global,brent_crude,61.89,usd_per_barrel
2015-03-02,global,brent_crude,60.75,usd_per_barrel
2015-03-03,global,brent_crude,61.18,usd_per_barrel
2015-03-04,global,brent_crude,59.18,usd_per_barrel
2015-03-05,global,brent_crude,60.33,usd_per_barrel
2015-03-06,global,brent_crude,59.15,usd_per_barrel
2015-03-09,global,brent_crude,58.67,usd_per_barrel
2015-03-10,global,brent_crude,55.95,usd_per_barrel
2015-03-11,global,brent_crude,56.46,usd_per_barrel
2015-03-12,global,brent_crude,56.66,usd_per_barrel
2015-03-13,global,brent_crude,54.8,usd_per_barrel
2015-03-16,global,brent_crude,52.0,usd_per_barrel
2015-03-17,global,brent_crude,52.17,usd_per_barrel
2015-03-18,global,brent_crude,52.59,usd_per_barrel
2015-03-19,global,brent_crude,52.96,usd_per_barrel
2015-03-20,global,brent_crude,53.88,usd_per_barrel
2015-03-23,global,brent_crude,53.82,usd_per_barrel
2015-03-24,global,brent_crude,53.61,usd_per_barrel
2015-03-25,global,brent_crude,54.18,usd_per_barrel
2015-03-26,global,brent_crude,57.02,usd_per_barrel
2015-03-27,global,brent_crude,56.44,usd_per_barrel
2015-03-30,global,brent_crude,53.99,usd_per_barrel
2015-03-31,global,brent_crude,53.69,usd_per_barrel
2015-04-01,global,brent_crude,55.73,usd_per_barrel
2015-04-02,global,brent_crude,55.73,usd_per_barrel
2015-04-06,global,brent_crude,55.73,usd_per_barrel
2015-04-07,global,brent_crude,57.55,usd_per_barrel
2015-04-08,global,brent_crude,56.42,usd_per_barrel
2015-04-09,global,brent_crude,56.04,usd_per_barrel
2015-04-10,global,brent_crude,56.82,usd_per_barrel
2015-04-13,global,brent_crude,57.14,usd_per_barrel
2015-04-14,global,brent_crude,57.69,usd_per_barrel
2015-04-15,global,brent_crude,59.32,usd_per_barrel
2015-04-16,global,brent_crude,60.13,usd_per_barrel
2015-04-17,global,brent_crude,61.31,usd_per_barrel
2015-04-20,global,brent_crude,61.2,usd_per_barrel
2015-04-21,global,brent_crude,60.12,usd_per_barrel
2015-04-22,global,brent_crude,60.12,usd_per_barrel
2015-04-23,global,brent_crude,62.66,usd_per_barrel
2015-04-24,global,brent_crude,62.96,usd_per_barrel
2015-04-27,global,brent_crude,62.86,usd_per_barrel
2015-04-28,global,brent_crude,62.61,usd_per_barrel
2015-04-29,global,brent_crude,63.97,usd_per_barrel
2015-04-30,global,brent_crude,63.9,usd_per_barrel
2015-05-01,global,brent_crude,64.13,usd_per_barrel
2015-05-04,global,brent_crude,64.62,usd_per_barrel
2015-05-05,global,brent_crude,65.44,usd_per_barrel
2015-05-06,global,brent_crude,66.22,usd_per_barrel
2015-05-07,global,brent_crude,64.93,usd_per_barrel
2015-05-08,global,brent_crude,63.82,usd_per_barrel
2015-05-11,global,brent_crude,62.82,usd_per_barrel
2015-05-12,global,brent_crude,65.09,usd_per_barrel
2015-05-13,global,brent_crude,66.33,usd_per_barrel
2015-05-14,global,brent_crude,65.58,usd_per_barrel
2015-05-15,global,brent_crude,64.69,usd_per_barrel
2015-05-18,global,brent_crude,65.15,usd_per_barrel
2015-05-19,global,brent_crude,63.48,usd_per_barrel
2015-05-20,global,brent_crude,63.52,usd_per_barrel
2015-05-21,global,brent_crude,64.7,usd_per_barrel
2015-05-22,global,brent_crude,64.7,usd_per_barrel
2015-05-26,global,brent_crude,61.65,usd_per_barrel
2015-05-27,global,brent_crude,61.35,usd_per_barrel
2015-05-28,global,brent_crude,60.12,usd_per_barrel
2015-05-29,global,brent_crude,63.16,usd_per_barrel
2015-06-01,global,brent_crude,62.87,usd_per_barrel
2015-06-02,global,brent_crude,63.14,usd_per_barrel
2015-06-03,global,brent_crude,62.78,usd_per_barrel
2015-06-04,global,brent_crude,60.34,usd_per_barrel
2015-06-05,global,brent_crude,60.36,usd_per_barrel
2015-06-08,global,brent_crude,61.33,usd_per_barrel
2015-06-09,global,brent_crude,63.23,usd_per_barrel
2015-06-10,global,brent_crude,64.68,usd_per_barrel
2015-06-11,global,brent_crude,63.76,usd_per_barrel
2015-06-12,global,brent_crude,63.19,usd_per_barrel
2015-06-15,global,brent_crude,60.99,usd_per_barrel
2015-06-16,global,brent_crude,60.75,usd_per_barrel
2015-06-17,global,brent_crude,60.75,usd_per_barrel
2015-06-18,global,brent_crude,61.37,usd_per_barrel
2015-06-19,global,brent_crude,59.41,usd_per_barrel
2015-06-22,global,brent_crude,60.54,usd_per_barrel
2015-06-23,global,brent_crude,61.67,usd_per_barrel
2015-06-24,global,brent_crude,61.63,usd_per_barrel
2015-06-25,global,brent_crude,60.24,usd_per_barrel
2015-06-26,global,brent_crude,60.14,usd_per_barrel
2015-06-29,global,brent_crude,59.03,usd_per_barrel
2015-06-30,global,brent_crude,60.31,usd_per_barrel
2015-07-01,global,brent_crude,61.65,usd_per_barrel
2015-07-02,global,brent_crude,61.73,usd_per_barrel
2015-07-03,global,brent_crude,59.06,usd_per_barrel
2015-07-06,global,brent_crude,57.19,usd_per_barrel
2015-07-07,global,brent_crude,54.72,usd_per_barrel
2015-07-08,global,brent_crude,55.7,usd_per_barrel
2015-07-09,global,brent_crude,57.83,usd_per_barrel
2015-07-10,global,brent_crude,57.72,usd_per_barrel
2015-07-13,global,brent_crude,57.63,usd_per_barrel
2015-07-14,global,brent_crude,57.2,usd_per_barrel
2015-07-15,global,brent_crude,57.34,usd_per_barrel
2015-07-16,global,brent_crude,57.31,usd_per_barrel
2015-07-17,global,brent_crude,56.38,usd_per_barrel
2015-07-20,global,brent_crude,56.42,usd_per_barrel
2015-07-21,global,brent_crude,55.94,usd_per_barrel
2015-07-22,global,brent_crude,56.36,usd_per_barrel
2015-07-23,global,brent_crude,55.76,usd_per_barrel
2015-07-24,global,brent_crude,54.29,usd_per_barrel
2015-07-27,global,brent_crude,54.07,usd_per_barrel
2015-07-28,global,brent_crude,54.3,usd_per_barrel
2015-07-29,global,brent_crude,54.73,usd_per_barrel
2015-07-30,global,brent_crude,54.29,usd_per_barrel
2015-07-31,global,brent_crude,53.29,usd_per_barrel
2015-08-03,global,brent_crude,49.49,usd_per_barrel
2015-08-04,global,brent_crude,49.08,usd_per_barrel
2015-08-05,global,brent_crude,49.04,usd_per_barrel
2015-08-06,global,brent_crude,47.8,usd_per_barrel
2015-08-07,global,brent_crude,47.54,usd_per_barrel
2015-08-10,global,brent_crude,48.3,usd_per_barrel
2015-08-11,global,brent_crude,47.33,usd_per_barrel
2015-08-12,global,brent_crude,48.29,usd_per_barrel
2015-08-13,global,brent_crude,48.01,usd_per_barrel
2015-08-14,global,brent_crude,47.79,usd_per_barrel
2015-08-17,global,brent_crude,47.77,usd_per_barrel
2015-08-18,global,brent_crude,47.0,usd_per_barrel
2015-08-19,global,brent_crude,45.75,usd_per_barrel
2015-08-20,global,brent_crude,45.63,usd_per_barrel
2015-08-21,global,brent_crude,43.84,usd_per_barrel
2015-08-24,global,brent_crude,41.59,usd_per_barrel
2015-08-25,global,brent_crude,41.86,usd_per_barrel
2015-08-26,global,brent_crude,41.76,usd_per_barrel
2015-08-27,global,brent_crude,44.46,usd_per_barrel
2015-08-28,global,brent_crude,47.97,usd_per_barrel
2015-09-01,global,brent_crude,48.8,usd_per_barrel
2015-09-02,global,brent_crude,47.67,usd_per_barrel
2015-09-03,global,brent_crude,50.41,usd_per_barrel
2015-09-04,global,brent_crude,48.59,usd_per_barrel
2015-09-07,global,brent_crude,46.42,usd_per_barrel
2015-09-08,global,brent_crude,48.88,usd_per_barrel
2015-09-09,global,brent_crude,48.04,usd_per_barrel
2015-09-10,global,brent_crude,47.77,usd_per_barrel
2015-09-11,global,brent_crude,46.87,usd_per_barrel
2015-09-14,global,brent_crude,45.87,usd_per_barrel
2015-09-15,global,brent_crude,45.91,usd_per_barrel
2015-09-16,global,brent_crude,49.35,usd_per_barrel
2015-09-17,global,brent_crude,48.27,usd_per_barrel
2015-09-18,global,brent_crude,47.28,usd_per_barrel
2015-09-21,global,brent_crude,47.64,usd_per_barrel
2015-09-22,global,brent_crude,46.69,usd_per_barrel
2015-09-23,global,brent_crude,48.0,usd_per_barrel
2015-09-24,global,brent_crude,47.06,usd_per_barrel
2015-09-25,global,brent_crude,47.28,usd_per_barrel
2015-09-28,global,brent_crude,46.04,usd_per_barrel
2015-09-29,global,brent_crude,47.58,usd_per_barrel
2015-09-30,global,brent_crude,47.29,usd_per_barrel
2015-10-01,global,brent_crude,47.48,usd_per_barrel
2015-10-02,global,brent_crude,46.55,usd_per_barrel
2015-10-05,global,brent_crude,49.45,usd_per_barrel
2015-10-06,global,brent_crude,51.34,usd_per_barrel
2015-10-07,global,brent_crude,51.66,usd_per_barrel
2015-10-08,global,brent_crude,52.13,usd_per_barrel
2015-10-09,global,brent_crude,52.08,usd_per_barrel
2015-10-12,global,brent_crude,50.95,usd_per_barrel
2015-10-13,global,brent_crude,48.94,usd_per_barrel
2015-10-14,global,brent_crude,48.25,usd_per_barrel
2015-10-15,global,brent_crude,47.87,usd_per_barrel
2015-10-16,global,brent_crude,48.96,usd_per_barrel
2015-10-19,global,brent_crude,47.51,usd_per_barrel
2015-10-20,global,brent_crude,46.93,usd_per_barrel
2015-10-21,global,brent_crude,46.72,usd_per_barrel
2015-10-22,global,brent_crude,46.59,usd_per_barrel
2015-10-23,global,brent_crude,46.3,usd_per_barrel
2015-10-26,global,brent_crude,46.57,usd_per_barrel
2015-10-27,global,brent_crude,45.54,usd_per_barrel
2015-10-28,global,brent_crude,47.6,usd_per_barrel
2015-10-29,global,brent_crude,48.04,usd_per_barrel
2015-10-30,global,brent_crude,48.0,usd_per_barrel
2015-11-02,global,brent_crude,47.91,usd_per_barrel
2015-11-03,global,brent_crude,48.0,usd_per_barrel
2015-11-04,global,brent_crude,46.96,usd_per_barrel
2015-11-05,global,brent_crude,47.19,usd_per_barrel
2015-11-06,global,brent_crude,46.09,usd_per_barrel
2015-11-09,global,brent_crude,45.38,usd_per_barrel
2015-11-10,global,brent_crude,46.44,usd_per_barrel
2015-11-11,global,brent_crude,44.98,usd_per_barrel
2015-11-12,global,brent_crude,44.98,usd_per_barrel
2015-11-13,global,brent_crude,41.98,usd_per_barrel
2015-11-16,global,brent_crude,40.28,usd_per_barrel
2015-11-17,global,brent_crude,41.28,usd_per_barrel
2015-11-18,global,brent_crude,41.45,usd_per_barrel
2015-11-19,global,brent_crude,42.22,usd_per_barrel
2015-11-20,global,brent_crude,42.49,usd_per_barrel
2015-11-23,global,brent_crude,43.7,usd_per_barrel
2015-11-24,global,brent_crude,44.38,usd_per_barrel
2015-11-25,global,brent_crude,43.56,usd_per_barrel
2015-11-26,global,brent_crude,43.55,usd_per_barrel
2015-11-27,global,brent_crude,43.07,usd_per_barrel
2015-11-30,global,brent_crude,43.73,usd_per_barrel
2015-12-01,global,brent_crude,42.97,usd_per_barrel
2015-12-02,global,brent_crude,41.92,usd_per_barrel
2015-12-03,global,brent_crude,42.0,usd_per_barrel
2015-12-04,global,brent_crude,41.44,usd_per_barrel
2015-12-07,global,brent_crude,39.69,usd_per_barrel
2015-12-08,global,brent_crude,39.44,usd_per_barrel
2015-12-09,global,brent_crude,39.04,usd_per_barrel
2015-12-10,global,brent_crude,38.65,usd_per_barrel
2015-12-11,global,brent_crude,36.99,usd_per_barrel
2015-12-14,global,brent_crude,36.51,usd_per_barrel
2015-12-15,global,brent_crude,37.66,usd_per_barrel
2015-12-16,global,brent_crude,36.96,usd_per_barrel
2015-12-17,global,brent_crude,36.29,usd_per_barrel
2015-12-18,global,brent_crude,36.76,usd_per_barrel
2015-12-21,global,brent_crude,35.34,usd_per_barrel
2015-12-22,global,brent_crude,35.26,usd_per_barrel
2015-12-23,global,brent_crude,35.79,usd_per_barrel
2015-12-24,global,brent_crude,37.22,usd_per_barrel
2015-12-28,global,brent_crude,37.08,usd_per_barrel
2015-12-29,global,brent_crude,36.85,usd_per_barrel
2015-12-30,global,brent_crude,35.65,usd_per_barrel
2015-12-31,global,brent_crude,36.61,usd_per_barrel
2016-01-04,global,brent_crude,36.28,usd_per_barrel
2016-01-05,global,brent_crude,35.56,usd_per_barrel
2016-01-06,global,brent_crude,33.89,usd_per_barrel
2016-01-07,global,brent_crude,33.57,usd_per_barrel
2016-01-08,global,brent_crude,31.67,usd_per_barrel
2016-01-11,global,brent_crude,30.14,usd_per_barrel
2016-01-12,global,brent_crude,29.14,usd_per_barrel
2016-01-13,global,brent_crude,28.58,usd_per_barrel
2016-01-14,global,brent_crude,28.84,usd_per_barrel
2016-01-15,global,brent_crude,28.8,usd_per_barrel
2016-01-18,global,brent_crude,27.36,usd_per_barrel
2016-01-19,global,brent_crude,27.36,usd_per_barrel
2016-01-20,global,brent_crude,26.01,usd_per_barrel
2016-01-21,global,brent_crude,27.59,usd_per_barrel
2016-01-22,global,brent_crude,30.46,usd_per_barrel
2016-01-25,global,brent_crude,29.82,usd_per_barrel
2016-01-26,global,brent_crude,30.94,usd_per_barrel
2016-01-27,global,brent_crude,31.83,usd_per_barrel
2016-01-28,global,brent_crude,33.01,usd_per_barrel
2016-01-29,global,brent_crude,33.14,usd_per_barrel
2016-02-01,global,brent_crude,32.45,usd_per_barrel
2016-02-02,global,brent_crude,30.98,usd_per_barrel
2016-02-03,global,brent_crude,32.38,usd_per_barrel
2016-02-04,global,brent_crude,32.76,usd_per_barrel
2016-02-05,global,brent_crude,32.35,usd_per_barrel
2016-02-08,global,brent_crude,31.64,usd_per_barrel
2016-02-09,global,brent_crude,30.15,usd_per_barrel
2016-02-10,global,brent_crude,29.64,usd_per_barrel
2016-02-11,global,brent_crude,28.82,usd_per_barrel
2016-02-12,global,brent_crude,31.8,usd_per_barrel
2016-02-16,global,brent_crude,31.09,usd_per_barrel
2016-02-17,global,brent_crude,33.21,usd_per_barrel
2016-02-18,global,brent_crude,33.2,usd_per_barrel
2016-02-19,global,brent_crude,31.66,usd_per_barrel
2016-02-22,global,brent_crude,33.59,usd_per_barrel
2016-02-23,global,brent_crude,31.9,usd_per_barrel
2016-02-24,global,brent_crude,31.5,usd_per_barrel
2016-02-25,global,brent_crude,32.83,usd_per_barrel
2016-02-26,global,brent_crude,35.76,usd_per_barrel
2016-02-29,global,brent_crude,35.92,usd_per_barrel
2016-03-01,global,brent_crude,35.73,usd_per_barrel
2016-03-02,global,brent_crude,36.38,usd_per_barrel
2016-03-03,global,brent_crude,35.75,usd_per_barrel
2016-03-04,global,brent_crude,37.61,usd_per_barrel
2016-03-07,global,brent_crude,39.02,usd_per_barrel
2016-03-08,global,brent_crude,39.16,usd_per_barrel
2016-03-09,global,brent_crude,40.26,usd_per_barrel
2016-03-10,global,brent_crude,38.63,usd_per_barrel
2016-03-11,global,brent_crude,39.41,usd_per_barrel
2016-03-14,global,brent_crude,38.06,usd_per_barrel
2016-03-15,global,brent_crude,37.49,usd_per_barrel
2016-03-16,global,brent_crude,38.38,usd_per_barrel
2016-03-17,global,brent_crude,39.29,usd_per_barrel
2016-03-18,global,brent_crude,39.26,usd_per_barrel
2016-03-21,global,brent_crude,39.91,usd_per_barrel
2016-03-22,global,brent_crude,40.54,usd_per_barrel
2016-03-23,global,brent_crude,38.84,usd_per_barrel
2016-03-24,global,brent_crude,38.33,usd_per_barrel
2016-03-28,global,brent_crude,38.33,usd_per_barrel
2016-03-29,global,brent_crude,36.75,usd_per_barrel
2016-03-30,global,brent_crude,36.75,usd_per_barrel
2016-03-31,global,brent_crude,36.75,usd_per_barrel
2016-04-01,global,brent_crude,36.42,usd_per_barrel
2016-04-04,global,brent_crude,36.05,usd_per_barrel
2016-04-05,global,brent_crude,35.88,usd_per_barrel
2016-04-06,global,brent_crude,37.77,usd_per_barrel
2016-04-07,global,brent_crude,37.15,usd_per_barrel
2016-04-08,global,brent_crude,40.71,usd_per_barrel
2016-04-11,global,brent_crude,41.58,usd_per_barrel
2016-04-12,global,brent_crude,43.02,usd_per_barrel
2016-04-13,global,brent_crude,42.81,usd_per_barrel
2016-04-14,global,brent_crude,43.02,usd_per_barrel
2016-04-15,global,brent_crude,41.32,usd_per_barrel
2016-04-18,global,brent_crude,41.64,usd_per_barrel
2016-04-19,global,brent_crude,43.02,usd_per_barrel
2016-04-20,global,brent_crude,43.09,usd_per_barrel
2016-04-21,global,brent_crude,43.48,usd_per_barrel
2016-04-22,global,brent_crude,43.97,usd_per_barrel
2016-04-25,global,brent_crude,42.97,usd_per_barrel
2016-04-26,global,brent_crude,43.94,usd_per_barrel
2016-04-27,global,brent_crude,44.17,usd_per_barrel
2016-04-28,global,brent_crude,45.6,usd_per_barrel
2016-04-29,global,brent_crude,45.64,usd_per_barrel
2016-05-02,global,brent_crude,45.82,usd_per_barrel
2016-05-03,global,brent_crude,43.09,usd_per_barrel
2016-05-04,global,brent_crude,43.08,usd_per_barrel
2016-05-05,global,brent_crude,44.39,usd_per_barrel
2016-05-06,global,brent_crude,44.6,usd_per_barrel
2016-05-09,global,brent_crude,42.43,usd_per_barrel
2016-05-10,global,brent_crude,44.01,usd_per_barrel
2016-05-11,global,brent_crude,46.08,usd_per_barrel
2016-05-12,global,brent_crude,46.43,usd_per_barrel
2016-05-13,global,brent_crude,47.05,usd_per_barrel
2016-05-16,global,brent_crude,48.49,usd_per_barrel
2016-05-17,global,brent_crude,48.71,usd_per_barrel
2016-05-18,global,brent_crude,48.93,usd_per_barrel
2016-05-19,global,brent_crude,47.01,usd_per_barrel
2016-05-20,global,brent_crude,48.54,usd_per_barrel
2016-05-23,global,brent_crude,47.77,usd_per_barrel
2016-05-24,global,brent_crude,48.42,usd_per_barrel
2016-05-25,global,brent_crude,48.87,usd_per_barrel
2016-05-26,global,brent_crude,49.52,usd_per_barrel
2016-05-27,global,brent_crude,49.09,usd_per_barrel
2016-05-31,global,brent_crude,49.26,usd_per_barrel
2016-06-01,global,brent_crude,48.81,usd_per_barrel
2016-06-02,global,brent_crude,49.05,usd_per_barrel
2016-06-03,global,brent_crude,48.5,usd_per_barrel
2016-06-06,global,brent_crude,48.94,usd_per_barrel
2016-06-07,global,brent_crude,49.76,usd_per_barrel
2016-06-08,global,brent_crude,50.73,usd_per_barrel
2016-06-09,global,brent_crude,50.59,usd_per_barrel
2016-06-10,global,brent_crude,49.7,usd_per_barrel
2016-06-13,global,brent_crude,49.36,usd_per_barrel
2016-06-14,global,brent_crude,47.88,usd_per_barrel
2016-06-15,global,brent_crude,47.47,usd_per_barrel
2016-06-16,global,brent_crude,45.66,usd_per_barrel
2016-06-17,global,brent_crude,46.57,usd_per_barrel
2016-06-20,global,brent_crude,48.68,usd_per_barrel
2016-06-21,global,brent_crude,48.18,usd_per_barrel
2016-06-22,global,brent_crude,48.43,usd_per_barrel
2016-06-23,global,brent_crude,48.63,usd_per_barrel
2016-06-24,global,brent_crude,46.69,usd_per_barrel
2016-06-27,global,brent_crude,45.07,usd_per_barrel
2016-06-28,global,brent_crude,46.29,usd_per_barrel
2016-06-29,global,brent_crude,48.4,usd_per_barrel
2016-06-30,global,brent_crude,48.05,usd_per_barrel
2016-07-01,global,brent_crude,47.65,usd_per_barrel
2016-07-04,global,brent_crude,48.02,usd_per_barrel
2016-07-05,global,brent_crude,45.64,usd_per_barrel
2016-07-06,global,brent_crude,45.7,usd_per_barrel
2016-07-07,global,brent_crude,45.93,usd_per_barrel
2016-07-08,global,brent_crude,44.53,usd_per_barrel
2016-07-11,global,brent_crude,44.04,usd_per_barrel
2016-07-12,global,brent_crude,46.72,usd_per_barrel
2016-07-13,global,brent_crude,44.67,usd_per_barrel
2016-07-14,global,brent_crude,46.01,usd_per_barrel
2016-07-15,global,brent_crude,46.25,usd_per_barrel
2016-07-18,global,brent_crude,45.35,usd_per_barrel
2016-07-19,global,brent_crude,45.7,usd_per_barrel
2016-07-20,global,brent_crude,45.82,usd_per_barrel
2016-07-21,global,brent_crude,44.99,usd_per_barrel
2016-07-22,global,brent_crude,44.24,usd_per_barrel
2016-07-25,global,brent_crude,43.76,usd_per_barrel
2016-07-26,global,brent_crude,43.56,usd_per_barrel
2016-07-27,global,brent_crude,42.78,usd_per_barrel
2016-07-28,global,brent_crude,41.87,usd_per_barrel
2016-07-29,global,brent_crude,40.76,usd_per_barrel
2016-08-01,global,brent_crude,40.17,usd_per_barrel
2016-08-02,global,brent_crude,40.0,usd_per_barrel
2016-08-03,global,brent_crude,40.45,usd_per_barrel
2016-08-04,global,brent_crude,41.33,usd_per_barrel
2016-08-05,global,brent_crude,42.47,usd_per_barrel
2016-08-08,global,brent_crude,43.24,usd_per_barrel
2016-08-09,global,brent_crude,43.37,usd_per_barrel
2016-08-10,global,brent_crude,42.19,usd_per_barrel
2016-08-11,global,brent_crude,44.23,usd_per_barrel
2016-08-12,global,brent_crude,45.12,usd_per_barrel
2016-08-15,global,brent_crude,47.31,usd_per_barrel
2016-08-16,global,brent_crude,48.27,usd_per_barrel
2016-08-17,global,brent_crude,48.58,usd_per_barrel
2016-08-18,global,brent_crude,49.46,usd_per_barrel
2016-08-19,global,brent_crude,49.39,usd_per_barrel
2016-08-22,global,brent_crude,48.1,usd_per_barrel
2016-08-23,global,brent_crude,48.7,usd_per_barrel
2016-08-24,global,brent_crude,47.56,usd_per_barrel
2016-08-25,global,brent_crude,49.25,usd_per_barrel
2016-08-26,global,brent_crude,49.66,usd_per_barrel
2016-08-29,global,brent_crude,49.66,usd_per_barrel
2016-08-30,global,brent_crude,47.94,usd_per_barrel
2016-08-31,global,brent_crude,47.94,usd_per_barrel
2016-09-01,global,brent_crude,45.05,usd_per_barrel
2016-09-02,global,brent_crude,45.96,usd_per_barrel
2016-09-05,global,brent_crude,46.72,usd_per_barrel
2016-09-06,global,brent_crude,46.21,usd_per_barrel
2016-09-07,global,brent_crude,47.0,usd_per_barrel
2016-09-08,global,brent_crude,49.23,usd_per_barrel
2016-09-09,global,brent_crude,48.37,usd_per_barrel
2016-09-12,global,brent_crude,47.82,usd_per_barrel
2016-09-13,global,brent_crude,46.48,usd_per_barrel
2016-09-14,global,brent_crude,45.65,usd_per_barrel
2016-09-15,global,brent_crude,45.83,usd_per_barrel
2016-09-16,global,brent_crude,45.26,usd_per_barrel
2016-09-19,global,brent_crude,46.04,usd_per_barrel
2016-09-20,global,brent_crude,45.24,usd_per_barrel
2016-09-21,global,brent_crude,45.99,usd_per_barrel
2016-09-22,global,brent_crude,47.21,usd_per_barrel
2016-09-23,global,brent_crude,46.71,usd_per_barrel
2016-09-26,global,brent_crude,46.61,usd_per_barrel
2016-09-27,global,brent_crude,44.95,usd_per_barrel
2016-09-28,global,brent_crude,45.49,usd_per_barrel
2016-09-29,global,brent_crude,48.43,usd_per_barrel
2016-09-30,global,brent_crude,48.24,usd_per_barrel
2016-10-03,global,brent_crude,48.61,usd_per_barrel
2016-10-04,global,brent_crude,48.81,usd_per_barrel
2016-10-05,global,brent_crude,49.57,usd_per_barrel
2016-10-06,global,brent_crude,50.14,usd_per_barrel
2016-10-07,global,brent_crude,50.49,usd_per_barrel
2016-10-10,global,brent_crude,51.54,usd_per_barrel
2016-10-11,global,brent_crude,50.48,usd_per_barrel
2016-10-12,global,brent_crude,49.53,usd_per_barrel
2016-10-13,global,brent_crude,49.29,usd_per_barrel
2016-10-14,global,brent_crude,48.87,usd_per_barrel
2016-10-17,global,brent_crude,49.31,usd_per_barrel
2016-10-18,global,brent_crude,49.81,usd_per_barrel
2016-10-19,global,brent_crude,51.85,usd_per_barrel
2016-10-20,global,brent_crude,50.42,usd_per_barrel
2016-10-21,global,brent_crude,50.28,usd_per_barrel
2016-10-24,global,brent_crude,49.8,usd_per_barrel
2016-10-25,global,brent_crude,49.08,usd_per_barrel
2016-10-26,global,brent_crude,48.98,usd_per_barrel
2016-10-27,global,brent_crude,49.13,usd_per_barrel
2016-10-28,global,brent_crude,47.78,usd_per_barrel
2016-10-31,global,brent_crude,46.2,usd_per_barrel
2016-11-01,global,brent_crude,45.77,usd_per_barrel
2016-11-02,global,brent_crude,44.26,usd_per_barrel
2016-11-03,global,brent_crude,43.84,usd_per_barrel
2016-11-04,global,brent_crude,43.06,usd_per_barrel
2016-11-07,global,brent_crude,42.83,usd_per_barrel
2016-11-08,global,brent_crude,43.47,usd_per_barrel
2016-11-09,global,brent_crude,43.88,usd_per_barrel
2016-11-10,global,brent_crude,43.67,usd_per_barrel
2016-11-11,global,brent_crude,41.61,usd_per_barrel
2016-11-14,global,brent_crude,41.83,usd_per_barrel
2016-11-15,global,brent_crude,44.15,usd_per_barrel
2016-11-16,global,brent_crude,45.07,usd_per_barrel
2016-11-17,global,brent_crude,44.57,usd_per_barrel
2016-11-18,global,brent_crude,44.41,usd_per_barrel
2016-11-21,global,brent_crude,45.96,usd_per_barrel
2016-11-22,global,brent_crude,46.1,usd_per_barrel
2016-11-23,global,brent_crude,46.54,usd_per_barrel
2016-11-24,global,brent_crude,47.54,usd_per_barrel
2016-11-25,global,brent_crude,46.32,usd_per_barrel
2016-11-28,global,brent_crude,46.64,usd_per_barrel
2016-11-29,global,brent_crude,44.68,usd_per_barrel
2016-11-30,global,brent_crude,47.95,usd_per_barrel
2016-12-01,global,brent_crude,52.28,usd_per_barrel
2016-12-02,global,brent_crude,52.35,usd_per_barrel
2016-12-05,global,brent_crude,53.3,usd_per_barrel
2016-12-06,global,brent_crude,52.31,usd_per_barrel
2016-12-07,global,brent_crude,51.9,usd_per_barrel
2016-12-08,global,brent_crude,51.6,usd_per_barrel
2016-12-09,global,brent_crude,52.19,usd_per_barrel
2016-12-12,global,brent_crude,53.99,usd_per_barrel
2016-12-13,global,brent_crude,53.28,usd_per_barrel
2016-12-14,global,brent_crude,53.15,usd_per_barrel
2016-12-15,global,brent_crude,51.72,usd_per_barrel
2016-12-16,global,brent_crude,54.15,usd_per_barrel
2016-12-19,global,brent_crude,53.53,usd_per_barrel
2016-12-20,global,brent_crude,54.56,usd_per_barrel
2016-12-21,global,brent_crude,53.01,usd_per_barrel
2016-12-22,global,brent_crude,54.04,usd_per_barrel
2016-12-23,global,brent_crude,53.93,usd_per_barrel
2016-12-28,global,brent_crude,54.95,usd_per_barrel
2016-12-29,global,brent_crude,54.97,usd_per_barrel
2016-12-30,global,brent_crude,54.96,usd_per_barrel
2017-01-03,global,brent_crude,55.05,usd_per_barrel
2017-01-04,global,brent_crude,54.57,usd_per_barrel
2017-01-05,global,brent_crude,54.99,usd_per_barrel
2017-01-06,global,brent_crude,55.9,usd_per_barrel
2017-01-09,global,brent_crude,54.39,usd_per_barrel
2017-01-10,global,brent_crude,53.2,usd_per_barrel
2017-01-11,global,brent_crude,53.61,usd_per_barrel
2017-01-12,global,brent_crude,54.51,usd_per_barrel
2017-01-13,global,brent_crude,54.37,usd_per_barrel
2017-01-16,global,brent_crude,54.3,usd_per_barrel
2017-01-17,global,brent_crude,54.68,usd_per_barrel
2017-01-18,global,brent_crude,53.77,usd_per_barrel
2017-01-19,global,brent_crude,53.18,usd_per_barrel
2017-01-20,global,brent_crude,55.04,usd_per_barrel
2017-01-23,global,brent_crude,54.8,usd_per_barrel
2017-01-24,global,brent_crude,54.7,usd_per_barrel
2017-01-25,global,brent_crude,54.34,usd_per_barrel
2017-01-26,global,brent_crude,55.89,usd_per_barrel
2017-01-27,global,brent_crude,54.8,usd_per_barrel
2017-01-30,global,brent_crude,54.77,usd_per_barrel
2017-01-31,global,brent_crude,55.25,usd_per_barrel
2017-02-01,global,brent_crude,55.79,usd_per_barrel
2017-02-02,global,brent_crude,55.94,usd_per_barrel
2017-02-03,global,brent_crude,55.92,usd_per_barrel
2017-02-06,global,brent_crude,55.02,usd_per_barrel
2017-02-07,global,brent_crude,53.79,usd_per_barrel
2017-02-08,global,brent_crude,54.42,usd_per_barrel
2017-02-09,global,brent_crude,53.98,usd_per_barrel
2017-02-10,global,brent_crude,55.2,usd_per_barrel
2017-02-13,global,brent_crude,54.15,usd_per_barrel
2017-02-14,global,brent_crude,54.96,usd_per_barrel
2017-02-15,global,brent_crude,54.57,usd_per_barrel
2017-02-16,global,brent_crude,54.16,usd_per_barrel
2017-02-17,global,brent_crude,54.48,usd_per_barrel
2017-02-20,global,brent_crude,55.25,usd_per_barrel
2017-02-21,global,brent_crude,56.34,usd_per_barrel
2017-02-22,global,brent_crude,54.9,usd_per_barrel
2017-02-23,global,brent_crude,55.82,usd_per_barrel
2017-02-24,global,brent_crude,54.69,usd_per_barrel
2017-02-27,global,brent_crude,54.65,usd_per_barrel
2017-02-28,global,brent_crude,53.36,usd_per_barrel
2017-03-01,global,brent_crude,55.72,usd_per_barrel
2017-03-02,global,brent_crude,54.16,usd_per_barrel
2017-03-03,global,brent_crude,54.12,usd_per_barrel
2017-03-06,global,brent_crude,54.73,usd_per_barrel
2017-03-07,global,brent_crude,54.61,usd_per_barrel
2017-03-08,global,brent_crude,53.3,usd_per_barrel
2017-03-09,global,brent_crude,50.65,usd_per_barrel
2017-03-10,global,brent_crude,50.63,usd_per_barrel
2017-03-13,global,brent_crude,50.1,usd_per_barrel
2017-03-14,global,brent_crude,49.6,usd_per_barrel
2017-03-15,global,brent_crude,50.63,usd_per_barrel
2017-03-16,global,brent_crude,50.56,usd_per_barrel
2017-03-17,global,brent_crude,50.58,usd_per_barrel
2017-03-20,global,brent_crude,50.67,usd_per_barrel
2017-03-21,global,brent_crude,50.14,usd_per_barrel
2017-03-22,global,brent_crude,49.56,usd_per_barrel
2017-03-23,global,brent_crude,50.17,usd_per_barrel
2017-03-24,global,brent_crude,49.97,usd_per_barrel
2017-03-27,global,brent_crude,50.12,usd_per_barrel
2017-03-28,global,brent_crude,50.72,usd_per_barrel
2017-03-29,global,brent_crude,51.36,usd_per_barrel
2017-03-30,global,brent_crude,52.25,usd_per_barrel
2017-03-31,global,brent_crude,52.2,usd_per_barrel
2017-04-03,global,brent_crude,52.04,usd_per_barrel
2017-04-04,global,brent_crude,53.08,usd_per_barrel
2017-04-05,global,brent_crude,53.41,usd_per_barrel
2017-04-06,global,brent_crude,53.62,usd_per_barrel
2017-04-07,global,brent_crude,54.24,usd_per_barrel
2017-04-10,global,brent_crude,54.79,usd_per_barrel
2017-04-11,global,brent_crude,54.73,usd_per_barrel
2017-04-12,global,brent_crude,54.75,usd_per_barrel
2017-04-13,global,brent_crude,55.05,usd_per_barrel
2017-04-17,global,brent_crude,54.79,usd_per_barrel
2017-04-18,global,brent_crude,52.6,usd_per_barrel
2017-04-19,global,brent_crude,52.43,usd_per_barrel
2017-04-20,global,brent_crude,50.66,usd_per_barrel
2017-04-21,global,brent_crude,49.93,usd_per_barrel
2017-04-24,global,brent_crude,49.45,usd_per_barrel
2017-04-25,global,brent_crude,49.37,usd_per_barrel
2017-04-26,global,brent_crude,49.99,usd_per_barrel
2017-04-27,global,brent_crude,49.46,usd_per_barrel
2017-04-28,global,brent_crude,49.46,usd_per_barrel
2017-05-01,global,brent_crude,50.41,usd_per_barrel
2017-05-02,global,brent_crude,49.31,usd_per_barrel
2017-05-03,global,brent_crude,48.82,usd_per_barrel
2017-05-04,global,brent_crude,47.53,usd_per_barrel
2017-05-05,global,brent_crude,47.45,usd_per_barrel
2017-05-08,global,brent_crude,46.61,usd_per_barrel
2017-05-09,global,brent_crude,47.06,usd_per_barrel
2017-05-10,global,brent_crude,48.09,usd_per_barrel
2017-05-11,global,brent_crude,49.18,usd_per_barrel
2017-05-12,global,brent_crude,49.08,usd_per_barrel
2017-05-15,global,brent_crude,51.29,usd_per_barrel
2017-05-16,global,brent_crude,51.21,usd_per_barrel
2017-05-17,global,brent_crude,51.76,usd_per_barrel
2017-05-18,global,brent_crude,51.71,usd_per_barrel
2017-05-19,global,brent_crude,52.78,usd_per_barrel
2017-05-22,global,brent_crude,53.35,usd_per_barrel
2017-05-23,global,brent_crude,53.19,usd_per_barrel
2017-05-24,global,brent_crude,53.29,usd_per_barrel
2017-05-25,global,brent_crude,52.25,usd_per_barrel
2017-05-26,global,brent_crude,50.84,usd_per_barrel
2017-05-29,global,brent_crude,52.25,usd_per_barrel
2017-05-30,global,brent_crude,50.65,usd_per_barrel
2017-05-31,global,brent_crude,49.4,usd_per_barrel
2017-06-01,global,brent_crude,50.41,usd_per_barrel
2017-06-02,global,brent_crude,48.46,usd_per_barrel
2017-06-05,global,brent_crude,48.25,usd_per_barrel
2017-06-06,global,brent_crude,48.11,usd_per_barrel
2017-06-07,global,brent_crude,47.08,usd_per_barrel
2017-06-08,global,brent_crude,46.3,usd_per_barrel
2017-06-09,global,brent_crude,46.64,usd_per_barrel
2017-06-12,global,brent_crude,47.18,usd_per_barrel
2017-06-13,global,brent_crude,46.95,usd_per_barrel
2017-06-14,global,brent_crude,45.47,usd_per_barrel
2017-06-15,global,brent_crude,45.61,usd_per_barrel
2017-06-16,global,brent_crude,45.7,usd_per_barrel
2017-06-19,global,brent_crude,45.93,usd_per_barrel
2017-06-20,global,brent_crude,43.98,usd_per_barrel
2017-06-21,global,brent_crude,44.62,usd_per_barrel
2017-06-22,global,brent_crude,44.46,usd_per_barrel
2017-06-23,global,brent_crude,44.14,usd_per_barrel
2017-06-26,global,brent_crude,44.09,usd_per_barrel
2017-06-27,global,brent_crude,46.17,usd_per_barrel
2017-06-28,global,brent_crude,46.45,usd_per_barrel
2017-06-29,global,brent_crude,47.02,usd_per_barrel
2017-06-30,global,brent_crude,47.08,usd_per_barrel
2017-07-03,global,brent_crude,49.13,usd_per_barrel
2017-07-04,global,brent_crude,49.15,usd_per_barrel
2017-07-05,global,brent_crude,47.58,usd_per_barrel
2017-07-06,global,brent_crude,48.53,usd_per_barrel
2017-07-07,global,brent_crude,46.47,usd_per_barrel
2017-07-10,global,brent_crude,46.57,usd_per_barrel
2017-07-11,global,brent_crude,46.68,usd_per_barrel
2017-07-12,global,brent_crude,46.73,usd_per_barrel
2017-07-13,global,brent_crude,47.65,usd_per_barrel
2017-07-14,global,brent_crude,47.89,usd_per_barrel
2017-07-17,global,brent_crude,47.66,usd_per_barrel
2017-07-18,global,brent_crude,47.92,usd_per_barrel
2017-07-19,global,brent_crude,48.34,usd_per_barrel
2017-07-20,global,brent_crude,48.54,usd_per_barrel
2017-07-21,global,brent_crude,47.47,usd_per_barrel
2017-07-24,global,brent_crude,47.81,usd_per_barrel
2017-07-25,global,brent_crude,49.19,usd_per_barrel
2017-07-26,global,brent_crude,50.08,usd_per_barrel
2017-07-27,global,brent_crude,50.67,usd_per_barrel
2017-07-28,global,brent_crude,52.0,usd_per_barrel
2017-07-31,global,brent_crude,51.99,usd_per_barrel
2017-08-01,global,brent_crude,50.77,usd_per_barrel
2017-08-02,global,brent_crude,52.09,usd_per_barrel
2017-08-03,global,brent_crude,52.88,usd_per_barrel
2017-08-04,global,brent_crude,52.48,usd_per_barrel
2017-08-07,global,brent_crude,51.42,usd_per_barrel
2017-08-08,global,brent_crude,52.18,usd_per_barrel
2017-08-09,global,brent_crude,52.16,usd_per_barrel
2017-08-10,global,brent_crude,52.59,usd_per_barrel
2017-08-11,global,brent_crude,51.47,usd_per_barrel
2017-08-14,global,brent_crude,51.29,usd_per_barrel
2017-08-15,global,brent_crude,49.9,usd_per_barrel
2017-08-16,global,brent_crude,50.39,usd_per_barrel
2017-08-17,global,brent_crude,50.37,usd_per_barrel
2017-08-18,global,brent_crude,50.96,usd_per_barrel
2017-08-21,global,brent_crude,51.94,usd_per_barrel
2017-08-22,global,brent_crude,52.29,usd_per_barrel
2017-08-23,global,brent_crude,52.31,usd_per_barrel
2017-08-24,global,brent_crude,51.73,usd_per_barrel
2017-08-25,global,brent_crude,51.87,usd_per_barrel
2017-08-28,global,brent_crude,51.87,usd_per_barrel
2017-08-29,global,brent_crude,51.64,usd_per_barrel
2017-08-30,global,brent_crude,51.91,usd_per_barrel
2017-08-31,global,brent_crude,52.69,usd_per_barrel
2017-09-01,global,brent_crude,53.15,usd_per_barrel
2017-09-04,global,brent_crude,52.6,usd_per_barrel
2017-09-05,global,brent_crude,53.63,usd_per_barrel
2017-09-06,global,brent_crude,54.48,usd_per_barrel
2017-09-07,global,brent_crude,54.16,usd_per_barrel
2017-09-08,global,brent_crude,54.55,usd_per_barrel
2017-09-11,global,brent_crude,54.2,usd_per_barrel
2017-09-12,global,brent_crude,55.06,usd_per_barrel
2017-09-13,global,brent_crude,55.52,usd_per_barrel
2017-09-14,global,brent_crude,56.76,usd_per_barrel
2017-09-15,global,brent_crude,56.18,usd_per_barrel
2017-09-18,global,brent_crude,55.5,usd_per_barrel
2017-09-19,global,brent_crude,56.58,usd_per_barrel
2017-09-20,global,brent_crude,57.2,usd_per_barrel
2017-09-21,global,brent_crude,57.73,usd_per_barrel
2017-09-22,global,brent_crude,58.16,usd_per_barrel
2017-09-25,global,brent_crude,59.42,usd_per_barrel
2017-09-26,global,brent_crude,59.77,usd_per_barrel
2017-09-27,global,brent_crude,58.74,usd_per_barrel
2017-09-28,global,brent_crude,58.8,usd_per_barrel
2017-09-29,global,brent_crude,57.02,usd_per_barrel
2017-10-02,global,brent_crude,55.67,usd_per_barrel
2017-10-03,global,brent_crude,56.12,usd_per_barrel
2017-10-04,global,brent_crude,56.0,usd_per_barrel
2017-10-05,global,brent_crude,57.09,usd_per_barrel
2017-10-06,global,brent_crude,55.5,usd_per_barrel
2017-10-09,global,brent_crude,55.29,usd_per_barrel
2017-10-10,global,brent_crude,56.62,usd_per_barrel
2017-10-11,global,brent_crude,56.13,usd_per_barrel
2017-10-12,global,brent_crude,56.13,usd_per_barrel
2017-10-13,global,brent_crude,56.86,usd_per_barrel
2017-10-16,global,brent_crude,57.49,usd_per_barrel
2017-10-17,global,brent_crude,57.63,usd_per_barrel
2017-10-18,global,brent_crude,58.05,usd_per_barrel
2017-10-19,global,brent_crude,57.82,usd_per_barrel
2017-10-20,global,brent_crude,57.89,usd_per_barrel
2017-10-23,global,brent_crude,57.69,usd_per_barrel
2017-10-24,global,brent_crude,57.84,usd_per_barrel
2017-10-25,global,brent_crude,58.45,usd_per_barrel
2017-10-26,global,brent_crude,58.75,usd_per_barrel
2017-10-27,global,brent_crude,60.15,usd_per_barrel
2017-10-30,global,brent_crude,60.65,usd_per_barrel
2017-10-31,global,brent_crude,61.35,usd_per_barrel
2017-11-01,global,brent_crude,60.98,usd_per_barrel
2017-11-02,global,brent_crude,60.79,usd_per_barrel
2017-11-03,global,brent_crude,61.42,usd_per_barrel
2017-11-06,global,brent_crude,64.27,usd_per_barrel
2017-11-07,global,brent_crude,64.36,usd_per_barrel
2017-11-08,global,brent_crude,63.96,usd_per_barrel
2017-11-09,global,brent_crude,64.49,usd_per_barrel
2017-11-10,global,brent_crude,64.35,usd_per_barrel
2017-11-13,global,brent_crude,62.94,usd_per_barrel
2017-11-14,global,brent_crude,60.91,usd_per_barrel
2017-11-15,global,brent_crude,61.25,usd_per_barrel
2017-11-16,global,brent_crude,61.18,usd_per_barrel
2017-11-17,global,brent_crude,61.34,usd_per_barrel
2017-11-20,global,brent_crude,61.34,usd_per_barrel
2017-11-21,global,brent_crude,62.28,usd_per_barrel
2017-11-22,global,brent_crude,62.92,usd_per_barrel
2017-11-23,global,brent_crude,63.27,usd_per_barrel
2017-11-24,global,brent_crude,63.58,usd_per_barrel
2017-11-27,global,brent_crude,63.25,usd_per_barrel
2017-11-28,global,brent_crude,63.56,usd_per_barrel
2017-11-29,global,brent_crude,63.74,usd_per_barrel
2017-11-30,global,brent_crude,63.53,usd_per_barrel
2017-12-01,global,brent_crude,64.57,usd_per_barrel
2017-12-04,global,brent_crude,63.45,usd_per_barrel
2017-12-05,global,brent_crude,63.45,usd_per_barrel
2017-12-06,global,brent_crude,62.25,usd_per_barrel
2017-12-07,global,brent_crude,62.37,usd_per_barrel
2017-12-08,global,brent_crude,63.86,usd_per_barrel
2017-12-11,global,brent_crude,65.62,usd_per_barrel
2017-12-12,global,brent_crude,64.96,usd_per_barrel
2017-12-13,global,brent_crude,63.66,usd_per_barrel
2017-12-14,global,brent_crude,63.72,usd_per_barrel
2017-12-15,global,brent_crude,63.81,usd_per_barrel
2017-12-18,global,brent_crude,64.45,usd_per_barrel
2017-12-19,global,brent_crude,63.69,usd_per_barrel
2017-12-20,global,brent_crude,64.43,usd_per_barrel
2017-12-21,global,brent_crude,64.64,usd_per_barrel
2017-12-22,global,brent_crude,64.61,usd_per_barrel
2017-12-27,global,brent_crude,66.03,usd_per_barrel
2017-12-28,global,brent_crude,66.8,usd_per_barrel
2017-12-29,global,brent_crude,66.73,usd_per_barrel
2018-01-02,global,brent_crude,66.65,usd_per_barrel
2018-01-03,global,brent_crude,67.85,usd_per_barrel
2018-01-04,global,brent_crude,68.73,usd_per_barrel
2018-01-05,global,brent_crude,68.01,usd_per_barrel
2018-01-08,global,brent_crude,68.48,usd_per_barrel
2018-01-09,global,brent_crude,69.08,usd_per_barrel
2018-01-10,global,brent_crude,69.79,usd_per_barrel
2018-01-11,global,brent_crude,70.36,usd_per_barrel
2018-01-12,global,brent_crude,69.64,usd_per_barrel
2018-01-15,global,brent_crude,70.31,usd_per_barrel
2018-01-16,global,brent_crude,69.4,usd_per_barrel
2018-01-17,global,brent_crude,69.19,usd_per_barrel
2018-01-18,global,brent_crude,69.48,usd_per_barrel
2018-01-19,global,brent_crude,68.56,usd_per_barrel
2018-01-22,global,brent_crude,69.32,usd_per_barrel
2018-01-23,global,brent_crude,69.81,usd_per_barrel
2018-01-24,global,brent_crude,69.91,usd_per_barrel
2018-01-25,global,brent_crude,71.08,usd_per_barrel
2018-01-26,global,brent_crude,70.08,usd_per_barrel
2018-01-29,global,brent_crude,68.41,usd_per_barrel
2018-01-30,global,brent_crude,67.78,usd_per_barrel
2018-01-31,global,brent_crude,67.78,usd_per_barrel
2018-02-01,global,brent_crude,68.6,usd_per_barrel
2018-02-02,global,brent_crude,67.45,usd_per_barrel
2018-02-05,global,brent_crude,67.69,usd_per_barrel
2018-02-06,global,brent_crude,66.75,usd_per_barrel
2018-02-07,global,brent_crude,65.74,usd_per_barrel
2018-02-08,global,brent_crude,64.26,usd_per_barrel
2018-02-09,global,brent_crude,63.04,usd_per_barrel
2018-02-12,global,brent_crude,62.2,usd_per_barrel
2018-02-13,global,brent_crude,61.94,usd_per_barrel
2018-02-14,global,brent_crude,62.29,usd_per_barrel
2018-02-15,global,brent_crude,62.86,usd_per_barrel
2018-02-16,global,brent_crude,64.3,usd_per_barrel
2018-02-19,global,brent_crude,64.95,usd_per_barrel
2018-02-20,global,brent_crude,64.68,usd_per_barrel
2018-02-21,global,brent_crude,64.81,usd_per_barrel
2018-02-22,global,brent_crude,66.12,usd_per_barrel
2018-02-23,global,brent_crude,67.04,usd_per_barrel
2018-02-26,global,brent_crude,67.96,usd_per_barrel
2018-02-27,global,brent_crude,67.59,usd_per_barrel
2018-02-28,global,brent_crude,66.08,usd_per_barrel
2018-03-01,global,brent_crude,64.23,usd_per_barrel
2018-03-02,global,brent_crude,64.26,usd_per_barrel
2018-03-05,global,brent_crude,65.78,usd_per_barrel
2018-03-06,global,brent_crude,65.67,usd_per_barrel
2018-03-07,global,brent_crude,65.09,usd_per_barrel
2018-03-08,global,brent_crude,63.87,usd_per_barrel
2018-03-09,global,brent_crude,65.19,usd_per_barrel
2018-03-12,global,brent_crude,64.53,usd_per_barrel
2018-03-13,global,brent_crude,64.2,usd_per_barrel
2018-03-14,global,brent_crude,63.61,usd_per_barrel
2018-03-15,global,brent_crude,63.67,usd_per_barrel
2018-03-16,global,brent_crude,64.68,usd_per_barrel
2018-03-19,global,brent_crude,64.82,usd_per_barrel
2018-03-20,global,brent_crude,66.0,usd_per_barrel
2018-03-21,global,brent_crude,68.15,usd_per_barrel
2018-03-22,global,brent_crude,68.98,usd_per_barrel
2018-03-23,global,brent_crude,69.03,usd_per_barrel
2018-03-26,global,brent_crude,68.81,usd_per_barrel
2018-03-27,global,brent_crude,68.63,usd_per_barrel
2018-03-28,global,brent_crude,68.13,usd_per_barrel
2018-03-29,global,brent_crude,69.02,usd_per_barrel
2018-04-03,global,brent_crude,69.02,usd_per_barrel
2018-04-04,global,brent_crude,66.04,usd_per_barrel
2018-04-05,global,brent_crude,66.54,usd_per_barrel
2018-04-06,global,brent_crude,66.51,usd_per_barrel
2018-04-09,global,brent_crude,68.19,usd_per_barrel
2018-04-10,global,brent_crude,70.67,usd_per_barrel
2018-04-11,global,brent_crude,72.74,usd_per_barrel
2018-04-12,global,brent_crude,71.44,usd_per_barrel
2018-04-13,global,brent_crude,73.18,usd_per_barrel
2018-04-16,global,brent_crude,72.05,usd_per_barrel
2018-04-17,global,brent_crude,71.71,usd_per_barrel
2018-04-18,global,brent_crude,73.73,usd_per_barrel
2018-04-19,global,brent_crude,74.85,usd_per_barrel
2018-04-20,global,brent_crude,74.62,usd_per_barrel
2018-04-23,global,brent_crude,74.54,usd_per_barrel
2018-04-24,global,brent_crude,75.86,usd_per_barrel
2018-04-25,global,brent_crude,73.79,usd_per_barrel
2018-04-26,global,brent_crude,75.39,usd_per_barrel
2018-04-27,global,brent_crude,75.33,usd_per_barrel
2018-04-30,global,brent_crude,75.92,usd_per_barrel
2018-05-01,global,brent_crude,74.85,usd_per_barrel
2018-05-02,global,brent_crude,73.14,usd_per_barrel
2018-05-03,global,brent_crude,73.45,usd_per_barrel
2018-05-04,global,brent_crude,74.75,usd_per_barrel
2018-05-08,global,brent_crude,74.16,usd_per_barrel
2018-05-09,global,brent_crude,77.6,usd_per_barrel
2018-05-10,global,brent_crude,77.59,usd_per_barrel
2018-05-11,global,brent_crude,77.37,usd_per_barrel
2018-05-14,global,brent_crude,78.17,usd_per_barrel
2018-05-15,global,brent_crude,78.94,usd_per_barrel
2018-05-16,global,brent_crude,78.19,usd_per_barrel
2018-05-17,global,brent_crude,80.09,usd_per_barrel
2018-05-18,global,brent_crude,78.38,usd_per_barrel
2018-05-21,global,brent_crude,78.34,usd_per_barrel
2018-05-22,global,brent_crude,80.42,usd_per_barrel
2018-05-23,global,brent_crude,78.69,usd_per_barrel
2018-05-24,global,brent_crude,78.9,usd_per_barrel
2018-05-25,global,brent_crude,76.6,usd_per_barrel
2018-05-29,global,brent_crude,74.51,usd_per_barrel
2018-05-30,global,brent_crude,75.89,usd_per_barrel
2018-05-31,global,brent_crude,76.45,usd_per_barrel
2018-06-01,global,brent_crude,74.54,usd_per_barrel
2018-06-04,global,brent_crude,73.41,usd_per_barrel
2018-06-05,global,brent_crude,72.91,usd_per_barrel
2018-06-06,global,brent_crude,73.23,usd_per_barrel
2018-06-07,global,brent_crude,75.23,usd_per_barrel
2018-06-08,global,brent_crude,75.11,usd_per_barrel
2018-06-11,global,brent_crude,74.58,usd_per_barrel
2018-06-12,global,brent_crude,74.86,usd_per_barrel
2018-06-13,global,brent_crude,75.07,usd_per_barrel
2018-06-14,global,brent_crude,74.77,usd_per_barrel
2018-06-15,global,brent_crude,72.02,usd_per_barrel
2018-06-18,global,brent_crude,74.87,usd_per_barrel
2018-06-19,global,brent_crude,74.92,usd_per_barrel
2018-06-20,global,brent_crude,74.25,usd_per_barrel
2018-06-21,global,brent_crude,72.87,usd_per_barrel
2018-06-22,global,brent_crude,73.67,usd_per_barrel
2018-06-25,global,brent_crude,72.82,usd_per_barrel
2018-06-26,global,brent_crude,73.58,usd_per_barrel
2018-06-27,global,brent_crude,76.09,usd_per_barrel
2018-06-28,global,brent_crude,76.26,usd_per_barrel
2018-06-29,global,brent_crude,77.44,usd_per_barrel
2018-07-02,global,brent_crude,76.71,usd_per_barrel
2018-07-03,global,brent_crude,75.87,usd_per_barrel
2018-07-04,global,brent_crude,76.99,usd_per_barrel
2018-07-05,global,brent_crude,77.09,usd_per_barrel
2018-07-06,global,brent_crude,74.98,usd_per_barrel
2018-07-09,global,brent_crude,77.08,usd_per_barrel
2018-07-10,global,brent_crude,77.8,usd_per_barrel
2018-07-11,global,brent_crude,75.35,usd_per_barrel
2018-07-12,global,brent_crude,72.11,usd_per_barrel
2018-07-13,global,brent_crude,74.11,usd_per_barrel
2018-07-16,global,brent_crude,71.03,usd_per_barrel
2018-07-17,global,brent_crude,70.87,usd_per_barrel
2018-07-18,global,brent_crude,70.52,usd_per_barrel
2018-07-19,global,brent_crude,71.94,usd_per_barrel
2018-07-20,global,brent_crude,71.99,usd_per_barrel
2018-07-23,global,brent_crude,73.45,usd_per_barrel
2018-07-24,global,brent_crude,73.53,usd_per_barrel
2018-07-25,global,brent_crude,73.67,usd_per_barrel
2018-07-26,global,brent_crude,74.51,usd_per_barrel
2018-07-27,global,brent_crude,74.84,usd_per_barrel
2018-07-30,global,brent_crude,74.99,usd_per_barrel
2018-07-31,global,brent_crude,74.16,usd_per_barrel
2018-08-01,global,brent_crude,72.28,usd_per_barrel
2018-08-02,global,brent_crude,72.95,usd_per_barrel
2018-08-03,global,brent_crude,72.48,usd_per_barrel
2018-08-06,global,brent_crude,72.51,usd_per_barrel
2018-08-07,global,brent_crude,72.31,usd_per_barrel
2018-08-08,global,brent_crude,70.71,usd_per_barrel
2018-08-09,global,brent_crude,70.55,usd_per_barrel
2018-08-10,global,brent_crude,71.0,usd_per_barrel
2018-08-13,global,brent_crude,70.62,usd_per_barrel
2018-08-14,global,brent_crude,70.77,usd_per_barrel
2018-08-15,global,brent_crude,68.38,usd_per_barrel
2018-08-16,global,brent_crude,69.21,usd_per_barrel
2018-08-17,global,brent_crude,70.14,usd_per_barrel
2018-08-20,global,brent_crude,71.11,usd_per_barrel
2018-08-21,global,brent_crude,71.65,usd_per_barrel
2018-08-22,global,brent_crude,72.96,usd_per_barrel
2018-08-23,global,brent_crude,73.73,usd_per_barrel
2018-08-24,global,brent_crude,74.41,usd_per_barrel
2018-08-27,global,brent_crude,74.41,usd_per_barrel
2018-08-28,global,brent_crude,75.91,usd_per_barrel
2018-08-29,global,brent_crude,76.07,usd_per_barrel
2018-08-30,global,brent_crude,77.05,usd_per_barrel
2018-08-31,global,brent_crude,76.94,usd_per_barrel
2018-09-03,global,brent_crude,77.81,usd_per_barrel
2018-09-04,global,brent_crude,77.51,usd_per_barrel
2018-09-05,global,brent_crude,76.68,usd_per_barrel
2018-09-06,global,brent_crude,75.67,usd_per_barrel
2018-09-07,global,brent_crude,75.55,usd_per_barrel
2018-09-10,global,brent_crude,76.77,usd_per_barrel
2018-09-11,global,brent_crude,78.22,usd_per_barrel
2018-09-12,global,brent_crude,80.02,usd_per_barrel
2018-09-13,global,brent_crude,77.66,usd_per_barrel
2018-09-14,global,brent_crude,77.87,usd_per_barrel
2018-09-17,global,brent_crude,78.22,usd_per_barrel
2018-09-18,global,brent_crude,79.25,usd_per_barrel
2018-09-19,global,brent_crude,79.43,usd_per_barrel
2018-09-20,global,brent_crude,79.03,usd_per_barrel
2018-09-21,global,brent_crude,78.9,usd_per_barrel
2018-09-24,global,brent_crude,80.89,usd_per_barrel
2018-09-25,global,brent_crude,82.21,usd_per_barrel
2018-09-26,global,brent_crude,81.87,usd_per_barrel
2018-09-27,global,brent_crude,81.54,usd_per_barrel
2018-09-28,global,brent_crude,82.72,usd_per_barrel
2018-10-01,global,brent_crude,84.94,usd_per_barrel
2018-10-02,global,brent_crude,85.63,usd_per_barrel
2018-10-03,global,brent_crude,85.45,usd_per_barrel
2018-10-04,global,brent_crude,86.07,usd_per_barrel
2018-10-05,global,brent_crude,85.12,usd_per_barrel
2018-10-08,global,brent_crude,84.22,usd_per_barrel
2018-10-09,global,brent_crude,85.16,usd_per_barrel
2018-10-10,global,brent_crude,83.82,usd_per_barrel
2018-10-11,global,brent_crude,81.35,usd_per_barrel
2018-10-12,global,brent_crude,80.71,usd_per_barrel
2018-10-15,global,brent_crude,80.91,usd_per_barrel
2018-10-16,global,brent_crude,80.53,usd_per_barrel
2018-10-17,global,brent_crude,79.91,usd_per_barrel
2018-10-18,global,brent_crude,80.3,usd_per_barrel
2018-10-19,global,brent_crude,80.38,usd_per_barrel
2018-10-22,global,brent_crude,80.45,usd_per_barrel
2018-10-23,global,brent_crude,78.67,usd_per_barrel
2018-10-24,global,brent_crude,77.34,usd_per_barrel
2018-10-25,global,brent_crude,77.3,usd_per_barrel
2018-10-26,global,brent_crude,77.4,usd_per_barrel
2018-10-29,global,brent_crude,77.56,usd_per_barrel
2018-10-30,global,brent_crude,75.68,usd_per_barrel
2018-10-31,global,brent_crude,74.84,usd_per_barrel
2018-11-01,global,brent_crude,71.25,usd_per_barrel
2018-11-02,global,brent_crude,71.11,usd_per_barrel
2018-11-05,global,brent_crude,72.68,usd_per_barrel
2018-11-06,global,brent_crude,70.64,usd_per_barrel
2018-11-07,global,brent_crude,70.1,usd_per_barrel
2018-11-08,global,brent_crude,69.29,usd_per_barrel
2018-11-09,global,brent_crude,69.01,usd_per_barrel
2018-11-12,global,brent_crude,69.81,usd_per_barrel
2018-11-13,global,brent_crude,65.45,usd_per_barrel
2018-11-14,global,brent_crude,64.88,usd_per_barrel
2018-11-15,global,brent_crude,65.61,usd_per_barrel
2018-11-16,global,brent_crude,65.29,usd_per_barrel
2018-11-19,global,brent_crude,64.14,usd_per_barrel
2018-11-20,global,brent_crude,61.5,usd_per_barrel
2018-11-21,global,brent_crude,61.65,usd_per_barrel
2018-11-22,global,brent_crude,61.11,usd_per_barrel
2018-11-23,global,brent_crude,57.69,usd_per_barrel
2018-11-26,global,brent_crude,59.7,usd_per_barrel
2018-11-27,global,brent_crude,59.58,usd_per_barrel
2018-11-28,global,brent_crude,57.97,usd_per_barrel
2018-11-29,global,brent_crude,58.29,usd_per_barrel
2018-11-30,global,brent_crude,57.71,usd_per_barrel
2018-12-03,global,brent_crude,60.17,usd_per_barrel
2018-12-04,global,brent_crude,61.22,usd_per_barrel
2018-12-05,global,brent_crude,61.4,usd_per_barrel
2018-12-06,global,brent_crude,57.83,usd_per_barrel
2018-12-07,global,brent_crude,61.71,usd_per_barrel
2018-12-10,global,brent_crude,60.29,usd_per_barrel
2018-12-11,global,brent_crude,59.73,usd_per_barrel
2018-12-12,global,brent_crude,59.94,usd_per_barrel
2018-12-13,global,brent_crude,59.03,usd_per_barrel
2018-12-14,global,brent_crude,58.56,usd_per_barrel
2018-12-17,global,brent_crude,57.59,usd_per_barrel
2018-12-18,global,brent_crude,55.26,usd_per_barrel
2018-12-19,global,brent_crude,55.6,usd_per_barrel
2018-12-20,global,brent_crude,52.84,usd_per_barrel
2018-12-21,global,brent_crude,51.93,usd_per_barrel
2018-12-27,global,brent_crude,51.49,usd_per_barrel
2018-12-28,global,brent_crude,50.57,usd_per_barrel
2019-01-02,global,brent_crude,54.06,usd_per_barrel
2019-01-03,global,brent_crude,53.23,usd_per_barrel
2019-01-04,global,brent_crude,55.64,usd_per_barrel
2019-01-07,global,brent_crude,57.1,usd_per_barrel
2019-01-08,global,brent_crude,56.91,usd_per_barrel
2019-01-09,global,brent_crude,59.46,usd_per_barrel
2019-01-10,global,brent_crude,60.47,usd_per_barrel
2019-01-11,global,brent_crude,59.24,usd_per_barrel
2019-01-14,global,brent_crude,58.8,usd_per_barrel
2019-01-15,global,brent_crude,58.65,usd_per_barrel
2019-01-16,global,brent_crude,59.81,usd_per_barrel
2019-01-17,global,brent_crude,59.85,usd_per_barrel
2019-01-18,global,brent_crude,62.04,usd_per_barrel
2019-01-21,global,brent_crude,62.18,usd_per_barrel
2019-01-22,global,brent_crude,60.9,usd_per_barrel
2019-01-23,global,brent_crude,61.05,usd_per_barrel
2019-01-24,global,brent_crude,61.09,usd_per_barrel
2019-01-25,global,brent_crude,61.49,usd_per_barrel
2019-01-28,global,brent_crude,59.71,usd_per_barrel
2019-01-29,global,brent_crude,60.98,usd_per_barrel
2019-01-30,global,brent_crude,61.89,usd_per_barrel
2019-01-31,global,brent_crude,62.46,usd_per_barrel
2019-02-01,global,brent_crude,61.86,usd_per_barrel
2019-02-04,global,brent_crude,62.26,usd_per_barrel
2019-02-05,global,brent_crude,61.67,usd_per_barrel
2019-02-06,global,brent_crude,62.22,usd_per_barrel
2019-02-07,global,brent_crude,61.01,usd_per_barrel
2019-02-08,global,brent_crude,61.37,usd_per_barrel
2019-02-11,global,brent_crude,61.3,usd_per_barrel
2019-02-12,global,brent_crude,62.58,usd_per_barrel
2019-02-13,global,brent_crude,63.27,usd_per_barrel
2019-02-14,global,brent_crude,64.0,usd_per_barrel
2019-02-15,global,brent_crude,65.65,usd_per_barrel
2019-02-18,global,brent_crude,66.41,usd_per_barrel
2019-02-19,global,brent_crude,65.86,usd_per_barrel
2019-02-20,global,brent_crude,66.82,usd_per_barrel
2019-02-21,global,brent_crude,66.91,usd_per_barrel
2019-02-22,global,brent_crude,66.91,usd_per_barrel
2019-02-25,global,brent_crude,64.02,usd_per_barrel
2019-02-26,global,brent_crude,64.51,usd_per_barrel
2019-02-27,global,brent_crude,65.55,usd_per_barrel
2019-02-28,global,brent_crude,65.03,usd_per_barrel
2019-03-01,global,brent_crude,63.71,usd_per_barrel
2019-03-04,global,brent_crude,64.44,usd_per_barrel
2019-03-05,global,brent_crude,64.24,usd_per_barrel
2019-03-06,global,brent_crude,64.51,usd_per_barrel
2019-03-07,global,brent_crude,64.82,usd_per_barrel
2019-03-08,global,brent_crude,65.66,usd_per_barrel
2019-03-11,global,brent_crude,65.06,usd_per_barrel
2019-03-12,global,brent_crude,65.33,usd_per_barrel
2019-03-13,global,brent_crude,65.89,usd_per_barrel
2019-03-14,global,brent_crude,66.18,usd_per_barrel
2019-03-15,global,brent_crude,66.11,usd_per_barrel
2019-03-18,global,brent_crude,66.65,usd_per_barrel
2019-03-19,global,brent_crude,67.13,usd_per_barrel
2019-03-20,global,brent_crude,68.35,usd_per_barrel
2019-03-21,global,brent_crude,68.3,usd_per_barrel
2019-03-22,global,brent_crude,66.29,usd_per_barrel
2019-03-25,global,brent_crude,67.37,usd_per_barrel
2019-03-26,global,brent_crude,67.51,usd_per_barrel
2019-03-27,global,brent_crude,67.35,usd_per_barrel
2019-03-28,global,brent_crude,66.08,usd_per_barrel
2019-03-29,global,brent_crude,67.93,usd_per_barrel
2019-04-01,global,brent_crude,69.08,usd_per_barrel
2019-04-02,global,brent_crude,69.68,usd_per_barrel
2019-04-03,global,brent_crude,69.21,usd_per_barrel
2019-04-04,global,brent_crude,69.8,usd_per_barrel
2019-04-05,global,brent_crude,69.93,usd_per_barrel
2019-04-08,global,brent_crude,71.12,usd_per_barrel
2019-04-09,global,brent_crude,71.02,usd_per_barrel
2019-04-10,global,brent_crude,71.63,usd_per_barrel
2019-04-11,global,brent_crude,71.3,usd_per_barrel
2019-04-12,global,brent_crude,71.57,usd_per_barrel
2019-04-15,global,brent_crude,70.9,usd_per_barrel
2019-04-16,global,brent_crude,70.74,usd_per_barrel
2019-04-17,global,brent_crude,71.14,usd_per_barrel
2019-04-18,global,brent_crude,70.71,usd_per_barrel
2019-04-22,global,brent_crude,70.71,usd_per_barrel
2019-04-23,global,brent_crude,74.39,usd_per_barrel
2019-04-24,global,brent_crude,73.59,usd_per_barrel
2019-04-25,global,brent_crude,74.94,usd_per_barrel
2019-04-26,global,brent_crude,71.03,usd_per_barrel
2019-04-29,global,brent_crude,71.22,usd_per_barrel
2019-04-30,global,brent_crude,72.19,usd_per_barrel
2019-05-01,global,brent_crude,72.01,usd_per_barrel
2019-05-02,global,brent_crude,70.56,usd_per_barrel
2019-05-03,global,brent_crude,71.95,usd_per_barrel
2019-05-06,global,brent_crude,71.95,usd_per_barrel
2019-05-07,global,brent_crude,70.98,usd_per_barrel
2019-05-08,global,brent_crude,71.09,usd_per_barrel
2019-05-09,global,brent_crude,70.61,usd_per_barrel
2019-05-10,global,brent_crude,71.63,usd_per_barrel
2019-05-13,global,brent_crude,72.35,usd_per_barrel
2019-05-14,global,brent_crude,72.53,usd_per_barrel
2019-05-15,global,brent_crude,73.09,usd_per_barrel
2019-05-16,global,brent_crude,74.7,usd_per_barrel
2019-05-17,global,brent_crude,73.94,usd_per_barrel
2019-05-20,global,brent_crude,73.21,usd_per_barrel
2019-05-21,global,brent_crude,72.94,usd_per_barrel
2019-05-22,global,brent_crude,71.94,usd_per_barrel
2019-05-23,global,brent_crude,68.37,usd_per_barrel
2019-05-24,global,brent_crude,67.98,usd_per_barrel
2019-05-28,global,brent_crude,70.19,usd_per_barrel
2019-05-29,global,brent_crude,70.64,usd_per_barrel
2019-05-30,global,brent_crude,69.55,usd_per_barrel
2019-05-31,global,brent_crude,66.78,usd_per_barrel
2019-06-03,global,brent_crude,63.16,usd_per_barrel
2019-06-04,global,brent_crude,63.56,usd_per_barrel
2019-06-05,global,brent_crude,62.14,usd_per_barrel
2019-06-06,global,brent_crude,62.77,usd_per_barrel
2019-06-07,global,brent_crude,64.1,usd_per_barrel
2019-06-10,global,brent_crude,64.31,usd_per_barrel
2019-06-11,global,brent_crude,63.56,usd_per_barrel
2019-06-12,global,brent_crude,61.66,usd_per_barrel
2019-06-13,global,brent_crude,63.28,usd_per_barrel
2019-06-14,global,brent_crude,63.13,usd_per_barrel
2019-06-17,global,brent_crude,62.56,usd_per_barrel
2019-06-18,global,brent_crude,63.35,usd_per_barrel
2019-06-19,global,brent_crude,62.85,usd_per_barrel
2019-06-20,global,brent_crude,65.44,usd_per_barrel
2019-06-21,global,brent_crude,65.99,usd_per_barrel
2019-06-24,global,brent_crude,65.16,usd_per_barrel
2019-06-25,global,brent_crude,66.24,usd_per_barrel
2019-06-26,global,brent_crude,66.85,usd_per_barrel
2019-06-27,global,brent_crude,66.78,usd_per_barrel
2019-06-28,global,brent_crude,67.52,usd_per_barrel
2019-07-01,global,brent_crude,65.1,usd_per_barrel
2019-07-02,global,brent_crude,62.72,usd_per_barrel
2019-07-03,global,brent_crude,63.53,usd_per_barrel
2019-07-04,global,brent_crude,63.62,usd_per_barrel
2019-07-05,global,brent_crude,64.23,usd_per_barrel
2019-07-08,global,brent_crude,64.89,usd_per_barrel
2019-07-09,global,brent_crude,64.3,usd_per_barrel
2019-07-10,global,brent_crude,66.41,usd_per_barrel
2019-07-11,global,brent_crude,67.64,usd_per_barrel
2019-07-12,global,brent_crude,66.65,usd_per_barrel
2019-07-15,global,brent_crude,66.86,usd_per_barrel
2019-07-16,global,brent_crude,65.87,usd_per_barrel
2019-07-17,global,brent_crude,63.67,usd_per_barrel
2019-07-18,global,brent_crude,60.7,usd_per_barrel
2019-07-19,global,brent_crude,61.04,usd_per_barrel
2019-07-22,global,brent_crude,61.96,usd_per_barrel
2019-07-23,global,brent_crude,62.28,usd_per_barrel
2019-07-24,global,brent_crude,63.83,usd_per_barrel
2019-07-25,global,brent_crude,63.47,usd_per_barrel
2019-07-26,global,brent_crude,62.46,usd_per_barrel
2019-07-29,global,brent_crude,62.29,usd_per_barrel
2019-07-30,global,brent_crude,62.55,usd_per_barrel
2019-07-31,global,brent_crude,64.07,usd_per_barrel
2019-08-01,global,brent_crude,62.9,usd_per_barrel
2019-08-02,global,brent_crude,61.12,usd_per_barrel
2019-08-05,global,brent_crude,59.32,usd_per_barrel
2019-08-06,global,brent_crude,58.63,usd_per_barrel
2019-08-07,global,brent_crude,55.03,usd_per_barrel
2019-08-08,global,brent_crude,56.29,usd_per_barrel
2019-08-09,global,brent_crude,57.37,usd_per_barrel
2019-08-12,global,brent_crude,57.13,usd_per_barrel
2019-08-13,global,brent_crude,59.9,usd_per_barrel
2019-08-14,global,brent_crude,57.86,usd_per_barrel
2019-08-15,global,brent_crude,57.37,usd_per_barrel
2019-08-16,global,brent_crude,59.0,usd_per_barrel
2019-08-19,global,brent_crude,59.79,usd_per_barrel
2019-08-20,global,brent_crude,59.03,usd_per_barrel
2019-08-21,global,brent_crude,60.6,usd_per_barrel
2019-08-22,global,brent_crude,59.81,usd_per_barrel
2019-08-23,global,brent_crude,58.64,usd_per_barrel
2019-08-26,global,brent_crude,58.64,usd_per_barrel
2019-08-27,global,brent_crude,58.44,usd_per_barrel
2019-08-28,global,brent_crude,60.42,usd_per_barrel
2019-08-29,global,brent_crude,60.59,usd_per_barrel
2019-08-30,global,brent_crude,61.04,usd_per_barrel
2019-09-02,global,brent_crude,58.55,usd_per_barrel
2019-09-03,global,brent_crude,57.93,usd_per_barrel
2019-09-04,global,brent_crude,60.68,usd_per_barrel
2019-09-05,global,brent_crude,62.7,usd_per_barrel
2019-09-06,global,brent_crude,61.28,usd_per_barrel
2019-09-09,global,brent_crude,63.99,usd_per_barrel
2019-09-10,global,brent_crude,64.67,usd_per_barrel
2019-09-11,global,brent_crude,63.02,usd_per_barrel
2019-09-12,global,brent_crude,60.76,usd_per_barrel
2019-09-13,global,brent_crude,61.25,usd_per_barrel
2019-09-16,global,brent_crude,68.42,usd_per_barrel
2019-09-17,global,brent_crude,65.59,usd_per_barrel
2019-09-18,global,brent_crude,64.29,usd_per_barrel
2019-09-19,global,brent_crude,64.25,usd_per_barrel
2019-09-20,global,brent_crude,65.23,usd_per_barrel
2019-09-23,global,brent_crude,64.66,usd_per_barrel
2019-09-24,global,brent_crude,64.13,usd_per_barrel
2019-09-25,global,brent_crude,62.41,usd_per_barrel
2019-09-26,global,brent_crude,62.08,usd_per_barrel
2019-09-27,global,brent_crude,62.48,usd_per_barrel
2019-09-30,global,brent_crude,60.99,usd_per_barrel
2019-10-01,global,brent_crude,60.06,usd_per_barrel
2019-10-02,global,brent_crude,57.92,usd_per_barrel
2019-10-03,global,brent_crude,58.01,usd_per_barrel
2019-10-04,global,brent_crude,59.13,usd_per_barrel
2019-10-07,global,brent_crude,59.46,usd_per_barrel
2019-10-08,global,brent_crude,58.14,usd_per_barrel
2019-10-09,global,brent_crude,59.7,usd_per_barrel
2019-10-10,global,brent_crude,59.08,usd_per_barrel
2019-10-11,global,brent_crude,60.59,usd_per_barrel
2019-10-14,global,brent_crude,58.81,usd_per_barrel
2019-10-15,global,brent_crude,59.19,usd_per_barrel
2019-10-16,global,brent_crude,59.3,usd_per_barrel
2019-10-17,global,brent_crude,59.35,usd_per_barrel
2019-10-18,global,brent_crude,59.96,usd_per_barrel
2019-10-21,global,brent_crude,58.95,usd_per_barrel
2019-10-22,global,brent_crude,60.5,usd_per_barrel
2019-10-23,global,brent_crude,60.52,usd_per_barrel
2019-10-24,global,brent_crude,61.71,usd_per_barrel
2019-10-25,global,brent_crude,62.06,usd_per_barrel
2019-10-28,global,brent_crude,60.39,usd_per_barrel
2019-10-29,global,brent_crude,61.05,usd_per_barrel
2019-10-30,global,brent_crude,60.22,usd_per_barrel
2019-10-31,global,brent_crude,59.3,usd_per_barrel
2019-11-01,global,brent_crude,60.17,usd_per_barrel
2019-11-04,global,brent_crude,62.52,usd_per_barrel
2019-11-05,global,brent_crude,62.72,usd_per_barrel
2019-11-06,global,brent_crude,62.11,usd_per_barrel
2019-11-07,global,brent_crude,62.6,usd_per_barrel
2019-11-08,global,brent_crude,62.0,usd_per_barrel
2019-11-11,global,brent_crude,62.58,usd_per_barrel
2019-11-12,global,brent_crude,62.19,usd_per_barrel
2019-11-13,global,brent_crude,62.27,usd_per_barrel
2019-11-14,global,brent_crude,62.46,usd_per_barrel
2019-11-15,global,brent_crude,63.32,usd_per_barrel
2019-11-18,global,brent_crude,62.82,usd_per_barrel
2019-11-19,global,brent_crude,62.37,usd_per_barrel
2019-11-20,global,brent_crude,63.8,usd_per_barrel
2019-11-21,global,brent_crude,64.99,usd_per_barrel
2019-11-22,global,brent_crude,64.83,usd_per_barrel
2019-11-25,global,brent_crude,64.67,usd_per_barrel
2019-11-26,global,brent_crude,64.82,usd_per_barrel
2019-11-27,global,brent_crude,65.03,usd_per_barrel
2019-11-28,global,brent_crude,64.68,usd_per_barrel
2019-11-29,global,brent_crude,64.5,usd_per_barrel
2019-12-02,global,brent_crude,63.2,usd_per_barrel
2019-12-03,global,brent_crude,62.95,usd_per_barrel
2019-12-04,global,brent_crude,65.25,usd_per_barrel
2019-12-05,global,brent_crude,65.67,usd_per_barrel
2019-12-06,global,brent_crude,66.5,usd_per_barrel
2019-12-09,global,brent_crude,66.44,usd_per_barrel
2019-12-10,global,brent_crude,66.57,usd_per_barrel
2019-12-11,global,brent_crude,65.37,usd_per_barrel
2019-12-12,global,brent_crude,66.67,usd_per_barrel
2019-12-13,global,brent_crude,67.44,usd_per_barrel
2019-12-16,global,brent_crude,68.04,usd_per_barrel
2019-12-17,global,brent_crude,68.99,usd_per_barrel
2019-12-18,global,brent_crude,69.12,usd_per_barrel
2019-12-19,global,brent_crude,69.7,usd_per_barrel
2019-12-20,global,brent_crude,68.66,usd_per_barrel
2019-12-23,global,brent_crude,67.49,usd_per_barrel
2019-12-24,global,brent_crude,69.26,usd_per_barrel
2019-12-26,global,brent_crude,69.26,usd_per_barrel
2019-12-27,global,brent_crude,68.91,usd_per_barrel
2019-12-30,global,brent_crude,68.3,usd_per_barrel
2019-12-31,global,brent_crude,67.77,usd_per_barrel
2020-01-02,global,brent_crude,67.05,usd_per_barrel
2020-01-03,global,brent_crude,69.08,usd_per_barrel
2020-01-06,global,brent_crude,70.25,usd_per_barrel
2020-01-07,global,brent_crude,68.74,usd_per_barrel
2020-01-08,global,brent_crude,67.31,usd_per_barrel
2020-01-09,global,brent_crude,66.58,usd_per_barrel
2020-01-10,global,brent_crude,66.77,usd_per_barrel
2020-01-13,global,brent_crude,64.14,usd_per_barrel
2020-01-14,global,brent_crude,64.45,usd_per_barrel
2020-01-15,global,brent_crude,63.29,usd_per_barrel
2020-01-16,global,brent_crude,64.63,usd_per_barrel
2020-01-17,global,brent_crude,64.05,usd_per_barrel
2020-01-20,global,brent_crude,64.63,usd_per_barrel
2020-01-21,global,brent_crude,63.66,usd_per_barrel
2020-01-22,global,brent_crude,62.11,usd_per_barrel
2020-01-23,global,brent_crude,61.26,usd_per_barrel
2020-01-24,global,brent_crude,59.34,usd_per_barrel
2020-01-27,global,brent_crude,58.54,usd_per_barrel
2020-01-28,global,brent_crude,59.37,usd_per_barrel
2020-01-29,global,brent_crude,59.46,usd_per_barrel
2020-01-30,global,brent_crude,57.72,usd_per_barrel
2020-01-31,global,brent_crude,57.77,usd_per_barrel
2020-02-03,global,brent_crude,54.0,usd_per_barrel
2020-02-04,global,brent_crude,53.9,usd_per_barrel
2020-02-05,global,brent_crude,55.36,usd_per_barrel
2020-02-06,global,brent_crude,55.18,usd_per_barrel
2020-02-07,global,brent_crude,54.53,usd_per_barrel
2020-02-10,global,brent_crude,53.39,usd_per_barrel
2020-02-11,global,brent_crude,54.0,usd_per_barrel
2020-02-12,global,brent_crude,55.54,usd_per_barrel
2020-02-13,global,brent_crude,56.34,usd_per_barrel
2020-02-14,global,brent_crude,57.37,usd_per_barrel
2020-02-17,global,brent_crude,57.83,usd_per_barrel
2020-02-18,global,brent_crude,57.35,usd_per_barrel
2020-02-19,global,brent_crude,59.72,usd_per_barrel
2020-02-20,global,brent_crude,59.57,usd_per_barrel
2020-02-21,global,brent_crude,58.6,usd_per_barrel
2020-02-24,global,brent_crude,56.71,usd_per_barrel
2020-02-25,global,brent_crude,55.29,usd_per_barrel
2020-02-26,global,brent_crude,54.96,usd_per_barrel
2020-02-27,global,brent_crude,52.19,usd_per_barrel
2020-02-28,global,brent_crude,51.31,usd_per_barrel
2020-03-02,global,brent_crude,52.52,usd_per_barrel
2020-03-03,global,brent_crude,52.24,usd_per_barrel
2020-03-04,global,brent_crude,51.86,usd_per_barrel
2020-03-05,global,brent_crude,51.29,usd_per_barrel
2020-03-06,global,brent_crude,45.6,usd_per_barrel
2020-03-09,global,brent_crude,35.33,usd_per_barrel
2020-03-10,global,brent_crude,35.57,usd_per_barrel
2020-03-11,global,brent_crude,34.45,usd_per_barrel
2020-03-12,global,brent_crude,31.02,usd_per_barrel
2020-03-13,global,brent_crude,32.25,usd_per_barrel
2020-03-16,global,brent_crude,27.98,usd_per_barrel
2020-03-17,global,brent_crude,27.97,usd_per_barrel
2020-03-18,global,brent_crude,22.79,usd_per_barrel
2020-03-19,global,brent_crude,23.98,usd_per_barrel
2020-03-20,global,brent_crude,25.55,usd_per_barrel
2020-03-23,global,brent_crude,23.75,usd_per_barrel
2020-03-24,global,brent_crude,24.5,usd_per_barrel
2020-03-25,global,brent_crude,25.62,usd_per_barrel
2020-03-26,global,brent_crude,23.55,usd_per_barrel
2020-03-27,global,brent_crude,22.39,usd_per_barrel
2020-03-30,global,brent_crude,19.19,usd_per_barrel
2020-03-31,global,brent_crude,14.85,usd_per_barrel
2020-04-01,global,brent_crude,14.97,usd_per_barrel
2020-04-02,global,brent_crude,20.24,usd_per_barrel
2020-04-03,global,brent_crude,24.33,usd_per_barrel
2020-04-06,global,brent_crude,22.58,usd_per_barrel
2020-04-07,global,brent_crude,22.1,usd_per_barrel
2020-04-08,global,brent_crude,25.22,usd_per_barrel
2020-04-09,global,brent_crude,20.23,usd_per_barrel
2020-04-14,global,brent_crude,21.74,usd_per_barrel
2020-04-15,global,brent_crude,19.8,usd_per_barrel
2020-04-16,global,brent_crude,18.69,usd_per_barrel
2020-04-17,global,brent_crude,19.75,usd_per_barrel
2020-04-20,global,brent_crude,17.36,usd_per_barrel
2020-04-21,global,brent_crude,9.12,usd_per_barrel
2020-04-22,global,brent_crude,13.77,usd_per_barrel
2020-04-23,global,brent_crude,15.06,usd_per_barrel
2020-04-24,global,brent_crude,15.87,usd_per_barrel
2020-04-27,global,brent_crude,15.17,usd_per_barrel
2020-04-28,global,brent_crude,15.6,usd_per_barrel
2020-04-29,global,brent_crude,17.86,usd_per_barrel
2020-04-30,global,brent_crude,18.11,usd_per_barrel
2020-05-01,global,brent_crude,18.49,usd_per_barrel
2020-05-04,global,brent_crude,20.4,usd_per_barrel
2020-05-05,global,brent_crude,25.46,usd_per_barrel
2020-05-06,global,brent_crude,24.2,usd_per_barrel
2020-05-07,global,brent_crude,24.23,usd_per_barrel
2020-05-11,global,brent_crude,25.53,usd_per_barrel
2020-05-12,global,brent_crude,26.67,usd_per_barrel
2020-05-13,global,brent_crude,27.89,usd_per_barrel
2020-05-14,global,brent_crude,29.87,usd_per_barrel
2020-05-15,global,brent_crude,30.95,usd_per_barrel
2020-05-18,global,brent_crude,33.3,usd_per_barrel
2020-05-19,global,brent_crude,33.06,usd_per_barrel
2020-05-20,global,brent_crude,34.76,usd_per_barrel
2020-05-21,global,brent_crude,34.78,usd_per_barrel
2020-05-22,global,brent_crude,33.8,usd_per_barrel
2020-05-26,global,brent_crude,33.95,usd_per_barrel
2020-05-27,global,brent_crude,32.73,usd_per_barrel
2020-05-28,global,brent_crude,33.98,usd_per_barrel
2020-05-29,global,brent_crude,34.15,usd_per_barrel
2020-06-01,global,brent_crude,36.74,usd_per_barrel
2020-06-02,global,brent_crude,37.72,usd_per_barrel
2020-06-03,global,brent_crude,37.98,usd_per_barrel
2020-06-04,global,brent_crude,38.41,usd_per_barrel
2020-06-05,global,brent_crude,41.0,usd_per_barrel
2020-06-08,global,brent_crude,39.66,usd_per_barrel
2020-06-09,global,brent_crude,40.45,usd_per_barrel
2020-06-10,global,brent_crude,41.18,usd_per_barrel
2020-06-11,global,brent_crude,37.76,usd_per_barrel
2020-06-12,global,brent_crude,38.54,usd_per_barrel
2020-06-15,global,brent_crude,39.44,usd_per_barrel
2020-06-16,global,brent_crude,40.75,usd_per_barrel
2020-06-17,global,brent_crude,40.47,usd_per_barrel
2020-06-18,global,brent_crude,41.75,usd_per_barrel
2020-06-19,global,brent_crude,42.33,usd_per_barrel
2020-06-22,global,brent_crude,43.2,usd_per_barrel
2020-06-23,global,brent_crude,42.72,usd_per_barrel
2020-06-24,global,brent_crude,40.4,usd_per_barrel
2020-06-25,global,brent_crude,41.18,usd_per_barrel
2020-06-26,global,brent_crude,40.97,usd_per_barrel
2020-06-29,global,brent_crude,41.58,usd_per_barrel
2020-06-30,global,brent_crude,41.64,usd_per_barrel
2020-07-01,global,brent_crude,42.18,usd_per_barrel
2020-07-02,global,brent_crude,43.19,usd_per_barrel
2020-07-03,global,brent_crude,42.92,usd_per_barrel
2020-07-06,global,brent_crude,42.73,usd_per_barrel
2020-07-07,global,brent_crude,43.28,usd_per_barrel
2020-07-08,global,brent_crude,43.67,usd_per_barrel
2020-07-09,global,brent_crude,42.35,usd_per_barrel
2020-07-10,global,brent_crude,43.27,usd_per_barrel
2020-07-13,global,brent_crude,42.85,usd_per_barrel
2020-07-14,global,brent_crude,42.97,usd_per_barrel
2020-07-15,global,brent_crude,43.96,usd_per_barrel
2020-07-16,global,brent_crude,43.71,usd_per_barrel
2020-07-17,global,brent_crude,43.53,usd_per_barrel
2020-07-20,global,brent_crude,43.3,usd_per_barrel
2020-07-21,global,brent_crude,44.31,usd_per_barrel
2020-07-22,global,brent_crude,43.98,usd_per_barrel
2020-07-23,global,brent_crude,42.96,usd_per_barrel
2020-07-24,global,brent_crude,43.29,usd_per_barrel
2020-07-27,global,brent_crude,43.39,usd_per_barrel
2020-07-28,global,brent_crude,43.11,usd_per_barrel
2020-07-29,global,brent_crude,43.51,usd_per_barrel
2020-07-30,global,brent_crude,42.98,usd_per_barrel
2020-07-31,global,brent_crude,43.13,usd_per_barrel
2020-08-03,global,brent_crude,43.76,usd_per_barrel
2020-08-04,global,brent_crude,43.99,usd_per_barrel
2020-08-05,global,brent_crude,44.92,usd_per_barrel
2020-08-06,global,brent_crude,45.04,usd_per_barrel
2020-08-07,global,brent_crude,44.07,usd_per_barrel
2020-08-10,global,brent_crude,44.19,usd_per_barrel
2020-08-11,global,brent_crude,43.68,usd_per_barrel
2020-08-12,global,brent_crude,45.09,usd_per_barrel
2020-08-13,global,brent_crude,44.87,usd_per_barrel
2020-08-14,global,brent_crude,44.86,usd_per_barrel
2020-08-17,global,brent_crude,44.91,usd_per_barrel
2020-08-18,global,brent_crude,45.34,usd_per_barrel
2020-08-19,global,brent_crude,45.21,usd_per_barrel
2020-08-20,global,brent_crude,44.56,usd_per_barrel
2020-08-21,global,brent_crude,43.94,usd_per_barrel
2020-08-24,global,brent_crude,44.43,usd_per_barrel
2020-08-25,global,brent_crude,46.01,usd_per_barrel
2020-08-26,global,brent_crude,45.79,usd_per_barrel
2020-08-27,global,brent_crude,44.84,usd_per_barrel
2020-08-28,global,brent_crude,45.22,usd_per_barrel
2020-09-01,global,brent_crude,45.72,usd_per_barrel
2020-09-02,global,brent_crude,42.7,usd_per_barrel
2020-09-03,global,brent_crude,42.72,usd_per_barrel
2020-09-04,global,brent_crude,41.1,usd_per_barrel
2020-09-07,global,brent_crude,40.67,usd_per_barrel
2020-09-08,global,brent_crude,38.53,usd_per_barrel
2020-09-09,global,brent_crude,39.98,usd_per_barrel
2020-09-10,global,brent_crude,39.27,usd_per_barrel
2020-09-11,global,brent_crude,38.8,usd_per_barrel
2020-09-14,global,brent_crude,38.57,usd_per_barrel
2020-09-15,global,brent_crude,39.54,usd_per_barrel
2020-09-16,global,brent_crude,41.23,usd_per_barrel
2020-09-17,global,brent_crude,42.35,usd_per_barrel
2020-09-18,global,brent_crude,42.16,usd_per_barrel
2020-09-21,global,brent_crude,40.37,usd_per_barrel
2020-09-22,global,brent_crude,40.84,usd_per_barrel
2020-09-23,global,brent_crude,41.09,usd_per_barrel
2020-09-24,global,brent_crude,41.24,usd_per_barrel
2020-09-25,global,brent_crude,40.91,usd_per_barrel
2020-09-28,global,brent_crude,41.59,usd_per_barrel
2020-09-29,global,brent_crude,40.33,usd_per_barrel
2020-09-30,global,brent_crude,40.3,usd_per_barrel
2020-10-01,global,brent_crude,39.75,usd_per_barrel
2020-10-02,global,brent_crude,38.0,usd_per_barrel
2020-10-05,global,brent_crude,39.78,usd_per_barrel
2020-10-06,global,brent_crude,41.27,usd_per_barrel
2020-10-07,global,brent_crude,40.62,usd_per_barrel
2020-10-08,global,brent_crude,42.0,usd_per_barrel
2020-10-09,global,brent_crude,41.63,usd_per_barrel
2020-10-12,global,brent_crude,40.5,usd_per_barrel
2020-10-13,global,brent_crude,41.34,usd_per_barrel
2020-10-14,global,brent_crude,41.81,usd_per_barrel
2020-10-15,global,brent_crude,41.61,usd_per_barrel
2020-10-16,global,brent_crude,41.34,usd_per_barrel
2020-10-19,global,brent_crude,41.29,usd_per_barrel
2020-10-20,global,brent_crude,41.62,usd_per_barrel
2020-10-21,global,brent_crude,40.09,usd_per_barrel
2020-10-22,global,brent_crude,41.28,usd_per_barrel
2020-10-23,global,brent_crude,40.71,usd_per_barrel
2020-10-26,global,brent_crude,39.06,usd_per_barrel
2020-10-27,global,brent_crude,39.72,usd_per_barrel
2020-10-28,global,brent_crude,37.86,usd_per_barrel
2020-10-29,global,brent_crude,36.56,usd_per_barrel
2020-10-30,global,brent_crude,36.33,usd_per_barrel
2020-11-02,global,brent_crude,37.78,usd_per_barrel
2020-11-03,global,brent_crude,38.17,usd_per_barrel
2020-11-04,global,brent_crude,39.68,usd_per_barrel
2020-11-05,global,brent_crude,39.47,usd_per_barrel
2020-11-06,global,brent_crude,38.08,usd_per_barrel
2020-11-09,global,brent_crude,40.93,usd_per_barrel
2020-11-10,global,brent_crude,42.25,usd_per_barrel
2020-11-11,global,brent_crude,42.5,usd_per_barrel
2020-11-12,global,brent_crude,42.16,usd_per_barrel
2020-11-13,global,brent_crude,41.51,usd_per_barrel
2020-11-16,global,brent_crude,42.71,usd_per_barrel
2020-11-17,global,brent_crude,42.54,usd_per_barrel
2020-11-18,global,brent_crude,42.91,usd_per_barrel
2020-11-19,global,brent_crude,43.09,usd_per_barrel
2020-11-20,global,brent_crude,43.79,usd_per_barrel
2020-11-23,global,brent_crude,45.0,usd_per_barrel
2020-11-24,global,brent_crude,46.63,usd_per_barrel
2020-11-25,global,brent_crude,47.3,usd_per_barrel
2020-11-26,global,brent_crude,46.32,usd_per_barrel
2020-11-27,global,brent_crude,46.88,usd_per_barrel
2020-11-30,global,brent_crude,46.84,usd_per_barrel
2020-12-01,global,brent_crude,47.03,usd_per_barrel
2020-12-02,global,brent_crude,47.8,usd_per_barrel
2020-12-03,global,brent_crude,48.37,usd_per_barrel
2020-12-04,global,brent_crude,49.1,usd_per_barrel
2020-12-07,global,brent_crude,48.63,usd_per_barrel
2020-12-08,global,brent_crude,48.84,usd_per_barrel
2020-12-09,global,brent_crude,48.81,usd_per_barrel
2020-12-10,global,brent_crude,50.33,usd_per_barrel
2020-12-11,global,brent_crude,50.01,usd_per_barrel
2020-12-14,global,brent_crude,50.27,usd_per_barrel
2020-12-15,global,brent_crude,50.77,usd_per_barrel
2020-12-16,global,brent_crude,50.83,usd_per_barrel
2020-12-17,global,brent_crude,51.2,usd_per_barrel
2020-12-18,global,brent_crude,52.17,usd_per_barrel
2020-12-21,global,brent_crude,50.61,usd_per_barrel
2020-12-22,global,brent_crude,49.88,usd_per_barrel
2020-12-23,global,brent_crude,51.05,usd_per_barrel
2020-12-24,global,brent_crude,50.88,usd_per_barrel
2020-12-28,global,brent_crude,50.88,usd_per_barrel
2020-12-29,global,brent_crude,50.44,usd_per_barrel
2020-12-30,global,brent_crude,50.74,usd_per_barrel
2020-12-31,global,brent_crude,51.22,usd_per_barrel
2021-01-04,global,brent_crude,50.37,usd_per_barrel
2021-01-05,global,brent_crude,53.16,usd_per_barrel
2021-01-06,global,brent_crude,53.8,usd_per_barrel
2021-01-07,global,brent_crude,53.7,usd_per_barrel
2021-01-08,global,brent_crude,55.51,usd_per_barrel
2021-01-11,global,brent_crude,54.84,usd_per_barrel
2021-01-12,global,brent_crude,55.98,usd_per_barrel
2021-01-13,global,brent_crude,55.52,usd_per_barrel
2021-01-14,global,brent_crude,55.76,usd_per_barrel
2021-01-15,global,brent_crude,54.8,usd_per_barrel
2021-01-18,global,brent_crude,54.21,usd_per_barrel
2021-01-19,global,brent_crude,55.38,usd_per_barrel
2021-01-20,global,brent_crude,55.66,usd_per_barrel
2021-01-21,global,brent_crude,55.68,usd_per_barrel
2021-01-22,global,brent_crude,55.22,usd_per_barrel
2021-01-25,global,brent_crude,55.44,usd_per_barrel
2021-01-26,global,brent_crude,55.26,usd_per_barrel
2021-01-27,global,brent_crude,55.07,usd_per_barrel
2021-01-28,global,brent_crude,54.87,usd_per_barrel
2021-01-29,global,brent_crude,55.25,usd_per_barrel
2021-02-01,global,brent_crude,56.42,usd_per_barrel
2021-02-02,global,brent_crude,57.62,usd_per_barrel
2021-02-03,global,brent_crude,58.61,usd_per_barrel
2021-02-04,global,brent_crude,58.98,usd_per_barrel
2021-02-05,global,brent_crude,59.48,usd_per_barrel
2021-02-08,global,brent_crude,60.17,usd_per_barrel
2021-02-09,global,brent_crude,60.74,usd_per_barrel
2021-02-10,global,brent_crude,61.17,usd_per_barrel
2021-02-11,global,brent_crude,61.09,usd_per_barrel
2021-02-12,global,brent_crude,62.47,usd_per_barrel
2021-02-15,global,brent_crude,63.58,usd_per_barrel
2021-02-16,global,brent_crude,63.96,usd_per_barrel
2021-02-17,global,brent_crude,65.02,usd_per_barrel
2021-02-18,global,brent_crude,64.09,usd_per_barrel
2021-02-19,global,brent_crude,62.84,usd_per_barrel
2021-02-22,global,brent_crude,64.73,usd_per_barrel
2021-02-23,global,brent_crude,65.16,usd_per_barrel
2021-02-24,global,brent_crude,66.85,usd_per_barrel
2021-02-25,global,brent_crude,66.69,usd_per_barrel
2021-02-26,global,brent_crude,65.86,usd_per_barrel
2021-03-01,global,brent_crude,64.56,usd_per_barrel
2021-03-02,global,brent_crude,63.17,usd_per_barrel
2021-03-03,global,brent_crude,64.7,usd_per_barrel
2021-03-04,global,brent_crude,67.32,usd_per_barrel
2021-03-05,global,brent_crude,69.95,usd_per_barrel
2021-03-08,global,brent_crude,68.0,usd_per_barrel
2021-03-09,global,brent_crude,67.03,usd_per_barrel
2021-03-10,global,brent_crude,67.53,usd_per_barrel
2021-03-11,global,brent_crude,69.34,usd_per_barrel
2021-03-12,global,brent_crude,68.87,usd_per_barrel
2021-03-15,global,brent_crude,68.78,usd_per_barrel
2021-03-16,global,brent_crude,67.95,usd_per_barrel
2021-03-17,global,brent_crude,67.73,usd_per_barrel
2021-03-18,global,brent_crude,62.11,usd_per_barrel
2021-03-19,global,brent_crude,64.0,usd_per_barrel
2021-03-22,global,brent_crude,63.89,usd_per_barrel
2021-03-23,global,brent_crude,59.96,usd_per_barrel
2021-03-24,global,brent_crude,63.7,usd_per_barrel
2021-03-25,global,brent_crude,61.21,usd_per_barrel
2021-03-26,global,brent_crude,63.77,usd_per_barrel
2021-03-29,global,brent_crude,64.06,usd_per_barrel
2021-03-30,global,brent_crude,63.28,usd_per_barrel
2021-03-31,global,brent_crude,63.52,usd_per_barrel
2021-04-01,global,brent_crude,63.85,usd_per_barrel
2021-04-06,global,brent_crude,61.47,usd_per_barrel
2021-04-07,global,brent_crude,61.86,usd_per_barrel
2021-04-08,global,brent_crude,62.09,usd_per_barrel
2021-04-09,global,brent_crude,61.89,usd_per_barrel
2021-04-12,global,brent_crude,62.38,usd_per_barrel
2021-04-13,global,brent_crude,62.83,usd_per_barrel
2021-04-14,global,brent_crude,66.11,usd_per_barrel
2021-04-15,global,brent_crude,66.13,usd_per_barrel
2021-04-16,global,brent_crude,65.98,usd_per_barrel
2021-04-19,global,brent_crude,66.54,usd_per_barrel
2021-04-20,global,brent_crude,65.34,usd_per_barrel
2021-04-21,global,brent_crude,64.02,usd_per_barrel
2021-04-22,global,brent_crude,65.07,usd_per_barrel
2021-04-23,global,brent_crude,65.75,usd_per_barrel
2021-04-26,global,brent_crude,65.5,usd_per_barrel
2021-04-27,global,brent_crude,66.25,usd_per_barrel
2021-04-28,global,brent_crude,67.08,usd_per_barrel
2021-04-29,global,brent_crude,68.26,usd_per_barrel
2021-04-30,global,brent_crude,67.73,usd_per_barrel
2021-05-04,global,brent_crude,68.91,usd_per_barrel
2021-05-05,global,brent_crude,69.71,usd_per_barrel
2021-05-06,global,brent_crude,68.62,usd_per_barrel
2021-05-07,global,brent_crude,68.73,usd_per_barrel
2021-05-10,global,brent_crude,68.61,usd_per_barrel
2021-05-11,global,brent_crude,68.83,usd_per_barrel
2021-05-12,global,brent_crude,69.62,usd_per_barrel
2021-05-13,global,brent_crude,67.36,usd_per_barrel
2021-05-14,global,brent_crude,69.24,usd_per_barrel
2021-05-17,global,brent_crude,69.62,usd_per_barrel
2021-05-18,global,brent_crude,69.01,usd_per_barrel
2021-05-19,global,brent_crude,66.88,usd_per_barrel
2021-05-20,global,brent_crude,65.18,usd_per_barrel
2021-05-21,global,brent_crude,66.72,usd_per_barrel
2021-05-24,global,brent_crude,68.59,usd_per_barrel
2021-05-25,global,brent_crude,68.8,usd_per_barrel
2021-05-26,global,brent_crude,68.93,usd_per_barrel
2021-05-27,global,brent_crude,69.43,usd_per_barrel
2021-05-28,global,brent_crude,69.36,usd_per_barrel
2021-06-01,global,brent_crude,70.03,usd_per_barrel
2021-06-02,global,brent_crude,70.6,usd_per_barrel
2021-06-03,global,brent_crude,70.71,usd_per_barrel
2021-06-04,global,brent_crude,71.3,usd_per_barrel
2021-06-07,global,brent_crude,70.89,usd_per_barrel
2021-06-08,global,brent_crude,71.39,usd_per_barrel
2021-06-09,global,brent_crude,71.31,usd_per_barrel
2021-06-10,global,brent_crude,71.65,usd_per_barrel
2021-06-11,global,brent_crude,72.05,usd_per_barrel
2021-06-14,global,brent_crude,72.27,usd_per_barrel
2021-06-15,global,brent_crude,73.38,usd_per_barrel
2021-06-16,global,brent_crude,73.88,usd_per_barrel
2021-06-17,global,brent_crude,72.92,usd_per_barrel
2021-06-18,global,brent_crude,73.1,usd_per_barrel
2021-06-21,global,brent_crude,74.49,usd_per_barrel
2021-06-22,global,brent_crude,74.92,usd_per_barrel
2021-06-23,global,brent_crude,75.22,usd_per_barrel
2021-06-24,global,brent_crude,75.95,usd_per_barrel
2021-06-25,global,brent_crude,76.45,usd_per_barrel
2021-06-28,global,brent_crude,74.78,usd_per_barrel
2021-06-29,global,brent_crude,75.38,usd_per_barrel
2021-06-30,global,brent_crude,76.94,usd_per_barrel
2021-07-01,global,brent_crude,76.69,usd_per_barrel
2021-07-02,global,brent_crude,77.51,usd_per_barrel
2021-07-05,global,brent_crude,78.34,usd_per_barrel
2021-07-06,global,brent_crude,75.81,usd_per_barrel
2021-07-07,global,brent_crude,74.31,usd_per_barrel
2021-07-08,global,brent_crude,75.07,usd_per_barrel
2021-07-09,global,brent_crude,77.14,usd_per_barrel
2021-07-12,global,brent_crude,76.77,usd_per_barrel
2021-07-13,global,brent_crude,77.5,usd_per_barrel
2021-07-14,global,brent_crude,75.74,usd_per_barrel
2021-07-15,global,brent_crude,74.53,usd_per_barrel
2021-07-16,global,brent_crude,74.46,usd_per_barrel
2021-07-19,global,brent_crude,69.33,usd_per_barrel
2021-07-20,global,brent_crude,70.03,usd_per_barrel
2021-07-21,global,brent_crude,72.54,usd_per_barrel
2021-07-22,global,brent_crude,74.25,usd_per_barrel
2021-07-23,global,brent_crude,74.86,usd_per_barrel
2021-07-26,global,brent_crude,74.79,usd_per_barrel
2021-07-27,global,brent_crude,74.87,usd_per_barrel
2021-07-28,global,brent_crude,75.09,usd_per_barrel
2021-07-29,global,brent_crude,76.3,usd_per_barrel
2021-07-30,global,brent_crude,77.72,usd_per_barrel
2021-08-02,global,brent_crude,73.91,usd_per_barrel
2021-08-03,global,brent_crude,73.24,usd_per_barrel
2021-08-04,global,brent_crude,70.99,usd_per_barrel
2021-08-05,global,brent_crude,72.14,usd_per_barrel
2021-08-06,global,brent_crude,71.02,usd_per_barrel
2021-08-09,global,brent_crude,69.65,usd_per_barrel
2021-08-10,global,brent_crude,71.14,usd_per_barrel
2021-08-11,global,brent_crude,71.99,usd_per_barrel
2021-08-12,global,brent_crude,71.79,usd_per_barrel
2021-08-13,global,brent_crude,70.9,usd_per_barrel
2021-08-16,global,brent_crude,70.07,usd_per_barrel
2021-08-17,global,brent_crude,69.4,usd_per_barrel
2021-08-18,global,brent_crude,68.61,usd_per_barrel
2021-08-19,global,brent_crude,66.8,usd_per_barrel
2021-08-20,global,brent_crude,65.51,usd_per_barrel
2021-08-23,global,brent_crude,69.07,usd_per_barrel
2021-08-24,global,brent_crude,71.21,usd_per_barrel
2021-08-25,global,brent_crude,72.12,usd_per_barrel
2021-08-26,global,brent_crude,70.42,usd_per_barrel
2021-08-27,global,brent_crude,72.26,usd_per_barrel
2021-08-31,global,brent_crude,73.45,usd_per_barrel
2021-09-01,global,brent_crude,71.99,usd_per_barrel
2021-09-02,global,brent_crude,73.56,usd_per_barrel
2021-09-03,global,brent_crude,73.07,usd_per_barrel
2021-09-06,global,brent_crude,72.43,usd_per_barrel
2021-09-07,global,brent_crude,71.52,usd_per_barrel
2021-09-08,global,brent_crude,72.36,usd_per_barrel
2021-09-09,global,brent_crude,71.32,usd_per_barrel
2021-09-10,global,brent_crude,72.44,usd_per_barrel
2021-09-13,global,brent_crude,72.97,usd_per_barrel
2021-09-14,global,brent_crude,73.05,usd_per_barrel
2021-09-15,global,brent_crude,74.84,usd_per_barrel
2021-09-16,global,brent_crude,75.14,usd_per_barrel
2021-09-17,global,brent_crude,74.64,usd_per_barrel
2021-09-20,global,brent_crude,73.59,usd_per_barrel
2021-09-21,global,brent_crude,73.65,usd_per_barrel
2021-09-22,global,brent_crude,75.5,usd_per_barrel
2021-09-23,global,brent_crude,76.44,usd_per_barrel
2021-09-24,global,brent_crude,77.42,usd_per_barrel
2021-09-27,global,brent_crude,78.85,usd_per_barrel
2021-09-28,global,brent_crude,78.3,usd_per_barrel
2021-09-29,global,brent_crude,77.86,usd_per_barrel
2021-09-30,global,brent_crude,77.81,usd_per_barrel
2021-10-01,global,brent_crude,79.4,usd_per_barrel
2021-10-04,global,brent_crude,81.44,usd_per_barrel
2021-10-05,global,brent_crude,82.72,usd_per_barrel
2021-10-06,global,brent_crude,81.39,usd_per_barrel
2021-10-07,global,brent_crude,82.34,usd_per_barrel
2021-10-08,global,brent_crude,82.17,usd_per_barrel
2021-10-11,global,brent_crude,83.75,usd_per_barrel
2021-10-12,global,brent_crude,83.53,usd_per_barrel
2021-10-13,global,brent_crude,83.53,usd_per_barrel
2021-10-14,global,brent_crude,83.86,usd_per_barrel
2021-10-15,global,brent_crude,84.67,usd_per_barrel
2021-10-18,global,brent_crude,84.13,usd_per_barrel
2021-10-19,global,brent_crude,85.02,usd_per_barrel
2021-10-20,global,brent_crude,85.76,usd_per_barrel
2021-10-21,global,brent_crude,84.58,usd_per_barrel
2021-10-22,global,brent_crude,85.43,usd_per_barrel
2021-10-25,global,brent_crude,84.85,usd_per_barrel
2021-10-26,global,brent_crude,85.11,usd_per_barrel
2021-10-27,global,brent_crude,84.12,usd_per_barrel
2021-10-28,global,brent_crude,83.4,usd_per_barrel
2021-10-29,global,brent_crude,83.1,usd_per_barrel
2021-11-01,global,brent_crude,84.51,usd_per_barrel
2021-11-02,global,brent_crude,84.42,usd_per_barrel
2021-11-03,global,brent_crude,81.1,usd_per_barrel
2021-11-04,global,brent_crude,80.15,usd_per_barrel
2021-11-05,global,brent_crude,82.43,usd_per_barrel
2021-11-08,global,brent_crude,83.22,usd_per_barrel
2021-11-09,global,brent_crude,84.52,usd_per_barrel
2021-11-10,global,brent_crude,82.91,usd_per_barrel
2021-11-11,global,brent_crude,83.4,usd_per_barrel
2021-11-12,global,brent_crude,82.9,usd_per_barrel
2021-11-15,global,brent_crude,81.94,usd_per_barrel
2021-11-16,global,brent_crude,82.85,usd_per_barrel
2021-11-17,global,brent_crude,80.67,usd_per_barrel
2021-11-18,global,brent_crude,82.45,usd_per_barrel
2021-11-19,global,brent_crude,80.24,usd_per_barrel
2021-11-22,global,brent_crude,80.97,usd_per_barrel
2021-11-23,global,brent_crude,83.43,usd_per_barrel
2021-11-24,global,brent_crude,82.37,usd_per_barrel
2021-11-25,global,brent_crude,82.05,usd_per_barrel
2021-11-26,global,brent_crude,72.37,usd_per_barrel
2021-11-29,global,brent_crude,73.34,usd_per_barrel
2021-11-30,global,brent_crude,70.86,usd_per_barrel
2021-12-01,global,brent_crude,69.53,usd_per_barrel
2021-12-02,global,brent_crude,70.56,usd_per_barrel
2021-12-03,global,brent_crude,70.71,usd_per_barrel
2021-12-06,global,brent_crude,73.38,usd_per_barrel
2021-12-07,global,brent_crude,75.54,usd_per_barrel
2021-12-08,global,brent_crude,75.94,usd_per_barrel
2021-12-09,global,brent_crude,74.1,usd_per_barrel
2021-12-10,global,brent_crude,74.98,usd_per_barrel
2021-12-13,global,brent_crude,74.12,usd_per_barrel
2021-12-14,global,brent_crude,73.37,usd_per_barrel
2021-12-15,global,brent_crude,73.71,usd_per_barrel
2021-12-16,global,brent_crude,74.64,usd_per_barrel
2021-12-17,global,brent_crude,72.97,usd_per_barrel
2021-12-20,global,brent_crude,70.51,usd_per_barrel
2021-12-21,global,brent_crude,72.85,usd_per_barrel
2021-12-22,global,brent_crude,74.69,usd_per_barrel
2021-12-23,global,brent_crude,76.26,usd_per_barrel
2021-12-24,global,brent_crude,75.24,usd_per_barrel
2021-12-29,global,brent_crude,78.63,usd_per_barrel
2021-12-30,global,brent_crude,78.61,usd_per_barrel
2021-12-31,global,brent_crude,77.24,usd_per_barrel
2022-01-03,global,brent_crude,78.25,usd_per_barrel
2022-01-04,global,brent_crude,79.39,usd_per_barrel
2022-01-05,global,brent_crude,80.6,usd_per_barrel
2022-01-06,global,brent_crude,81.99,usd_per_barrel
2022-01-07,global,brent_crude,82.28,usd_per_barrel
2022-01-10,global,brent_crude,81.56,usd_per_barrel
2022-01-11,global,brent_crude,84.98,usd_per_barrel
2022-01-12,global,brent_crude,85.83,usd_per_barrel
2022-01-13,global,brent_crude,85.8,usd_per_barrel
2022-01-14,global,brent_crude,87.17,usd_per_barrel
2022-01-17,global,brent_crude,87.82,usd_per_barrel
2022-01-18,global,brent_crude,88.83,usd_per_barrel
2022-01-19,global,brent_crude,89.64,usd_per_barrel
2022-01-20,global,brent_crude,89.75,usd_per_barrel
2022-01-21,global,brent_crude,89.75,usd_per_barrel
2022-01-24,global,brent_crude,87.74,usd_per_barrel
2022-01-25,global,brent_crude,89.49,usd_per_barrel
2022-01-26,global,brent_crude,91.22,usd_per_barrel
2022-01-27,global,brent_crude,90.7,usd_per_barrel
2022-01-28,global,brent_crude,91.47,usd_per_barrel
2022-01-31,global,brent_crude,92.35,usd_per_barrel
2022-02-01,global,brent_crude,90.24,usd_per_barrel
2022-02-02,global,brent_crude,91.43,usd_per_barrel
2022-02-03,global,brent_crude,92.99,usd_per_barrel
2022-02-04,global,brent_crude,96.86,usd_per_barrel
2022-02-07,global,brent_crude,97.28,usd_per_barrel
2022-02-08,global,brent_crude,96.07,usd_per_barrel
2022-02-09,global,brent_crude,94.95,usd_per_barrel
2022-02-10,global,brent_crude,96.37,usd_per_barrel
2022-02-11,global,brent_crude,97.5,usd_per_barrel
2022-02-14,global,brent_crude,101.66,usd_per_barrel
2022-02-15,global,brent_crude,98.43,usd_per_barrel
2022-02-16,global,brent_crude,97.44,usd_per_barrel
2022-02-17,global,brent_crude,95.28,usd_per_barrel
2022-02-18,global,brent_crude,96.18,usd_per_barrel
2022-02-21,global,brent_crude,98.95,usd_per_barrel
2022-02-22,global,brent_crude,98.73,usd_per_barrel
2022-02-23,global,brent_crude,99.29,usd_per_barrel
2022-02-24,global,brent_crude,101.29,usd_per_barrel
2022-02-25,global,brent_crude,98.56,usd_per_barrel
2022-02-28,global,brent_crude,103.08,usd_per_barrel
2022-03-01,global,brent_crude,110.93,usd_per_barrel
2022-03-02,global,brent_crude,118.94,usd_per_barrel
2022-03-03,global,brent_crude,115.36,usd_per_barrel
2022-03-04,global,brent_crude,123.86,usd_per_barrel
2022-03-07,global,brent_crude,129.02,usd_per_barrel
2022-03-08,global,brent_crude,133.18,usd_per_barrel
2022-03-09,global,brent_crude,116.58,usd_per_barrel
2022-03-10,global,brent_crude,114.54,usd_per_barrel
2022-03-11,global,brent_crude,118.11,usd_per_barrel
2022-03-14,global,brent_crude,110.39,usd_per_barrel
2022-03-15,global,brent_crude,105.14,usd_per_barrel
2022-03-16,global,brent_crude,104.61,usd_per_barrel
2022-03-17,global,brent_crude,113.5,usd_per_barrel
2022-03-18,global,brent_crude,114.32,usd_per_barrel
2022-03-21,global,brent_crude,122.29,usd_per_barrel
2022-03-22,global,brent_crude,121.53,usd_per_barrel
2022-03-23,global,brent_crude,127.52,usd_per_barrel
2022-03-24,global,brent_crude,123.98,usd_per_barrel
2022-03-25,global,brent_crude,122.67,usd_per_barrel
2022-03-28,global,brent_crude,114.5,usd_per_barrel
2022-03-29,global,brent_crude,112.79,usd_per_barrel
2022-03-30,global,brent_crude,115.59,usd_per_barrel
2022-03-31,global,brent_crude,107.29,usd_per_barrel
2022-04-01,global,brent_crude,106.13,usd_per_barrel
2022-04-04,global,brent_crude,108.15,usd_per_barrel
2022-04-05,global,brent_crude,106.6,usd_per_barrel
2022-04-06,global,brent_crude,100.81,usd_per_barrel
2022-04-07,global,brent_crude,99.83,usd_per_barrel
2022-04-08,global,brent_crude,101.26,usd_per_barrel
2022-04-11,global,brent_crude,97.92,usd_per_barrel
2022-04-12,global,brent_crude,104.42,usd_per_barrel
2022-04-13,global,brent_crude,108.49,usd_per_barrel
2022-04-14,global,brent_crude,110.83,usd_per_barrel
2022-04-19,global,brent_crude,105.49,usd_per_barrel
2022-04-20,global,brent_crude,105.05,usd_per_barrel
2022-04-21,global,brent_crude,107.2,usd_per_barrel
2022-04-22,global,brent_crude,105.15,usd_per_barrel
2022-04-25,global,brent_crude,99.27,usd_per_barrel
2022-04-26,global,brent_crude,102.89,usd_per_barrel
2022-04-27,global,brent_crude,103.3,usd_per_barrel
2022-04-28,global,brent_crude,105.78,usd_per_barrel
2022-04-29,global,brent_crude,108.36,usd_per_barrel
2022-05-03,global,brent_crude,104.94,usd_per_barrel
2022-05-04,global,brent_crude,110.53,usd_per_barrel
2022-05-05,global,brent_crude,112.11,usd_per_barrel
2022-05-06,global,brent_crude,113.86,usd_per_barrel
2022-05-09,global,brent_crude,106.67,usd_per_barrel
2022-05-10,global,brent_crude,102.61,usd_per_barrel
2022-05-11,global,brent_crude,107.7,usd_per_barrel
2022-05-12,global,brent_crude,108.06,usd_per_barrel
2022-05-13,global,brent_crude,112.12,usd_per_barrel
2022-05-16,global,brent_crude,114.86,usd_per_barrel
2022-05-17,global,brent_crude,112.89,usd_per_barrel
2022-05-18,global,brent_crude,110.04,usd_per_barrel
2022-05-19,global,brent_crude,113.22,usd_per_barrel
2022-05-20,global,brent_crude,113.63,usd_per_barrel
2022-05-23,global,brent_crude,115.13,usd_per_barrel
2022-05-24,global,brent_crude,115.77,usd_per_barrel
2022-05-25,global,brent_crude,116.41,usd_per_barrel
2022-05-26,global,brent_crude,119.81,usd_per_barrel
2022-05-27,global,brent_crude,121.19,usd_per_barrel
2022-05-30,global,brent_crude,123.01,usd_per_barrel
2022-05-31,global,brent_crude,125.53,usd_per_barrel
2022-06-01,global,brent_crude,122.2,usd_per_barrel
2022-06-03,global,brent_crude,125.68,usd_per_barrel
2022-06-06,global,brent_crude,124.99,usd_per_barrel
2022-06-07,global,brent_crude,126.89,usd_per_barrel
2022-06-08,global,brent_crude,129.2,usd_per_barrel
2022-06-09,global,brent_crude,128.47,usd_per_barrel
2022-06-10,global,brent_crude,127.44,usd_per_barrel
2022-06-13,global,brent_crude,128.44,usd_per_barrel
2022-06-14,global,brent_crude,127.02,usd_per_barrel
2022-06-15,global,brent_crude,124.96,usd_per_barrel
2022-06-16,global,brent_crude,125.78,usd_per_barrel
2022-06-17,global,brent_crude,119.22,usd_per_barrel
2022-06-20,global,brent_crude,118.25,usd_per_barrel
2022-06-21,global,brent_crude,118.51,usd_per_barrel
2022-06-22,global,brent_crude,115.54,usd_per_barrel
2022-06-23,global,brent_crude,114.5,usd_per_barrel
2022-06-24,global,brent_crude,117.36,usd_per_barrel
2022-06-27,global,brent_crude,119.69,usd_per_barrel
2022-06-28,global,brent_crude,122.21,usd_per_barrel
2022-06-29,global,brent_crude,120.8,usd_per_barrel
2022-06-30,global,brent_crude,119.78,usd_per_barrel
2022-07-01,global,brent_crude,119.21,usd_per_barrel
2022-07-04,global,brent_crude,121.8,usd_per_barrel
2022-07-05,global,brent_crude,110.49,usd_per_barrel
2022-07-06,global,brent_crude,108.54,usd_per_barrel
2022-07-07,global,brent_crude,113.4,usd_per_barrel
2022-07-08,global,brent_crude,113.95,usd_per_barrel
2022-07-11,global,brent_crude,114.85,usd_per_barrel
2022-07-12,global,brent_crude,106.98,usd_per_barrel
2022-07-13,global,brent_crude,107.17,usd_per_barrel
2022-07-14,global,brent_crude,107.74,usd_per_barrel
2022-07-15,global,brent_crude,112.26,usd_per_barrel
2022-07-18,global,brent_crude,117.27,usd_per_barrel
2022-07-19,global,brent_crude,114.96,usd_per_barrel
2022-07-20,global,brent_crude,115.86,usd_per_barrel
2022-07-21,global,brent_crude,112.81,usd_per_barrel
2022-07-22,global,brent_crude,106.77,usd_per_barrel
2022-07-25,global,brent_crude,108.23,usd_per_barrel
2022-07-26,global,brent_crude,107.32,usd_per_barrel
2022-07-27,global,brent_crude,109.64,usd_per_barrel
2022-07-28,global,brent_crude,109.68,usd_per_barrel
2022-07-29,global,brent_crude,111.51,usd_per_barrel
2022-08-01,global,brent_crude,106.09,usd_per_barrel
2022-08-02,global,brent_crude,106.51,usd_per_barrel
2022-08-03,global,brent_crude,101.82,usd_per_barrel
2022-08-04,global,brent_crude,97.99,usd_per_barrel
2022-08-05,global,brent_crude,100.31,usd_per_barrel
2022-08-08,global,brent_crude,103.46,usd_per_barrel
2022-08-09,global,brent_crude,103.81,usd_per_barrel
2022-08-10,global,brent_crude,105.06,usd_per_barrel
2022-08-11,global,brent_crude,107.19,usd_per_barrel
2022-08-12,global,brent_crude,103.7,usd_per_barrel
2022-08-15,global,brent_crude,98.25,usd_per_barrel
2022-08-16,global,brent_crude,95.36,usd_per_barrel
2022-08-17,global,brent_crude,97.22,usd_per_barrel
2022-08-18,global,brent_crude,96.35,usd_per_barrel
2022-08-19,global,brent_crude,96.45,usd_per_barrel
2022-08-22,global,brent_crude,95.06,usd_per_barrel
2022-08-23,global,brent_crude,99.49,usd_per_barrel
2022-08-24,global,brent_crude,99.87,usd_per_barrel
2022-08-25,global,brent_crude,98.81,usd_per_barrel
2022-08-26,global,brent_crude,101.13,usd_per_barrel
2022-08-30,global,brent_crude,99.34,usd_per_barrel
2022-08-31,global,brent_crude,96.55,usd_per_barrel
2022-09-01,global,brent_crude,92.24,usd_per_barrel
2022-09-02,global,brent_crude,93.09,usd_per_barrel
2022-09-05,global,brent_crude,94.22,usd_per_barrel
2022-09-06,global,brent_crude,91.43,usd_per_barrel
2022-09-07,global,brent_crude,86.83,usd_per_barrel
2022-09-08,global,brent_crude,87.99,usd_per_barrel
2022-09-09,global,brent_crude,91.68,usd_per_barrel
2022-09-12,global,brent_crude,93.45,usd_per_barrel
2022-09-13,global,brent_crude,92.04,usd_per_barrel
2022-09-14,global,brent_crude,92.83,usd_per_barrel
2022-09-15,global,brent_crude,89.28,usd_per_barrel
2022-09-16,global,brent_crude,89.43,usd_per_barrel
2022-09-20,global,brent_crude,89.62,usd_per_barrel
2022-09-21,global,brent_crude,89.86,usd_per_barrel
2022-09-22,global,brent_crude,90.4,usd_per_barrel
2022-09-23,global,brent_crude,84.29,usd_per_barrel
2022-09-26,global,brent_crude,82.55,usd_per_barrel
2022-09-27,global,brent_crude,85.97,usd_per_barrel
2022-09-28,global,brent_crude,89.55,usd_per_barrel
2022-09-29,global,brent_crude,89.41,usd_per_barrel
2022-09-30,global,brent_crude,88.9,usd_per_barrel
2022-10-03,global,brent_crude,90.68,usd_per_barrel
2022-10-04,global,brent_crude,93.74,usd_per_barrel
2022-10-05,global,brent_crude,94.35,usd_per_barrel
2022-10-06,global,brent_crude,95.65,usd_per_barrel
2022-10-07,global,brent_crude,98.88,usd_per_barrel
2022-10-10,global,brent_crude,97.13,usd_per_barrel
2022-10-11,global,brent_crude,95.17,usd_per_barrel
2022-10-12,global,brent_crude,93.44,usd_per_barrel
2022-10-13,global,brent_crude,95.16,usd_per_barrel
2022-10-14,global,brent_crude,92.22,usd_per_barrel
2022-10-17,global,brent_crude,91.04,usd_per_barrel
2022-10-18,global,brent_crude,89.46,usd_per_barrel
2022-10-19,global,brent_crude,91.34,usd_per_barrel
2022-10-20,global,brent_crude,91.52,usd_per_barrel
2022-10-21,global,brent_crude,91.82,usd_per_barrel
2022-10-24,global,brent_crude,91.57,usd_per_barrel
2022-10-25,global,brent_crude,91.76,usd_per_barrel
2022-10-26,global,brent_crude,92.93,usd_per_barrel
2022-10-27,global,brent_crude,94.17,usd_per_barrel
2022-10-28,global,brent_crude,94.64,usd_per_barrel
2022-10-31,global,brent_crude,93.3,usd_per_barrel
2022-11-01,global,brent_crude,95.12,usd_per_barrel
2022-11-02,global,brent_crude,96.07,usd_per_barrel
2022-11-03,global,brent_crude,95.29,usd_per_barrel
2022-11-04,global,brent_crude,99.53,usd_per_barrel
2022-11-07,global,brent_crude,99.87,usd_per_barrel
2022-11-08,global,brent_crude,96.85,usd_per_barrel
2022-11-09,global,brent_crude,93.05,usd_per_barrel
2022-11-10,global,brent_crude,94.25,usd_per_barrel
2022-11-11,global,brent_crude,96.37,usd_per_barrel
2022-11-14,global,brent_crude,93.59,usd_per_barrel
2022-11-15,global,brent_crude,94.3,usd_per_barrel
2022-11-16,global,brent_crude,92.61,usd_per_barrel
2022-11-17,global,brent_crude,91.0,usd_per_barrel
2022-11-18,global,brent_crude,88.93,usd_per_barrel
2022-11-21,global,brent_crude,88.44,usd_per_barrel
2022-11-22,global,brent_crude,88.65,usd_per_barrel
2022-11-23,global,brent_crude,85.9,usd_per_barrel
2022-11-24,global,brent_crude,85.59,usd_per_barrel
2022-11-25,global,brent_crude,83.4,usd_per_barrel
2022-11-28,global,brent_crude,83.5,usd_per_barrel
2022-11-29,global,brent_crude,83.22,usd_per_barrel
2022-11-30,global,brent_crude,85.61,usd_per_barrel
2022-12-01,global,brent_crude,86.28,usd_per_barrel
2022-12-02,global,brent_crude,86.54,usd_per_barrel
2022-12-05,global,brent_crude,83.36,usd_per_barrel
2022-12-06,global,brent_crude,79.92,usd_per_barrel
2022-12-07,global,brent_crude,77.11,usd_per_barrel
2022-12-08,global,brent_crude,76.02,usd_per_barrel
2022-12-09,global,brent_crude,76.37,usd_per_barrel
2022-12-12,global,brent_crude,78.0,usd_per_barrel
2022-12-13,global,brent_crude,80.14,usd_per_barrel
2022-12-14,global,brent_crude,83.33,usd_per_barrel
2022-12-15,global,brent_crude,82.34,usd_per_barrel
2022-12-16,global,brent_crude,80.2,usd_per_barrel
2022-12-19,global,brent_crude,81.66,usd_per_barrel
2022-12-20,global,brent_crude,79.45,usd_per_barrel
2022-12-21,global,brent_crude,80.25,usd_per_barrel
2022-12-22,global,brent_crude,79.58,usd_per_barrel
2022-12-23,global,brent_crude,82.45,usd_per_barrel
2022-12-28,global,brent_crude,81.7,usd_per_barrel
2022-12-29,global,brent_crude,80.96,usd_per_barrel
2022-12-30,global,brent_crude,82.82,usd_per_barrel
2023-01-03,global,brent_crude,80.36,usd_per_barrel
2023-01-04,global,brent_crude,75.31,usd_per_barrel
2023-01-05,global,brent_crude,76.73,usd_per_barrel
2023-01-06,global,brent_crude,76.41,usd_per_barrel
2023-01-09,global,brent_crude,77.5,usd_per_barrel
2023-01-10,global,brent_crude,78.4,usd_per_barrel
2023-01-11,global,brent_crude,81.11,usd_per_barrel
2023-01-12,global,brent_crude,82.59,usd_per_barrel
2023-01-13,global,brent_crude,83.43,usd_per_barrel
2023-01-16,global,brent_crude,82.65,usd_per_barrel
2023-01-17,global,brent_crude,84.38,usd_per_barrel
2023-01-18,global,brent_crude,83.78,usd_per_barrel
2023-01-19,global,brent_crude,85.08,usd_per_barrel
2023-01-20,global,brent_crude,86.96,usd_per_barrel
2023-01-23,global,brent_crude,87.54,usd_per_barrel
2023-01-24,global,brent_crude,85.25,usd_per_barrel
2023-01-25,global,brent_crude,85.08,usd_per_barrel
2023-01-26,global,brent_crude,86.29,usd_per_barrel
2023-01-27,global,brent_crude,85.36,usd_per_barrel
2023-01-30,global,brent_crude,84.9,usd_per_barrel
2023-01-31,global,brent_crude,83.42,usd_per_barrel
2023-02-01,global,brent_crude,81.61,usd_per_barrel
2023-02-02,global,brent_crude,80.57,usd_per_barrel
2023-02-03,global,brent_crude,78.85,usd_per_barrel
2023-02-06,global,brent_crude,80.48,usd_per_barrel
2023-02-07,global,brent_crude,82.92,usd_per_barrel
2023-02-08,global,brent_crude,84.17,usd_per_barrel
2023-02-09,global,brent_crude,83.46,usd_per_barrel
2023-02-10,global,brent_crude,85.46,usd_per_barrel
2023-02-13,global,brent_crude,85.98,usd_per_barrel
2023-02-14,global,brent_crude,84.96,usd_per_barrel
2023-02-15,global,brent_crude,84.11,usd_per_barrel
2023-02-16,global,brent_crude,83.84,usd_per_barrel
2023-02-17,global,brent_crude,81.97,usd_per_barrel
2023-02-20,global,brent_crude,82.79,usd_per_barrel
2023-02-21,global,brent_crude,82.14,usd_per_barrel
2023-02-22,global,brent_crude,79.55,usd_per_barrel
2023-02-23,global,brent_crude,82.08,usd_per_barrel
2023-02-24,global,brent_crude,82.31,usd_per_barrel
2023-02-27,global,brent_crude,81.24,usd_per_barrel
2023-02-28,global,brent_crude,83.21,usd_per_barrel
2023-03-01,global,brent_crude,83.68,usd_per_barrel
2023-03-02,global,brent_crude,84.15,usd_per_barrel
2023-03-03,global,brent_crude,85.74,usd_per_barrel
2023-03-06,global,brent_crude,85.86,usd_per_barrel
2023-03-07,global,brent_crude,83.03,usd_per_barrel
2023-03-08,global,brent_crude,82.1,usd_per_barrel
2023-03-09,global,brent_crude,81.0,usd_per_barrel
2023-03-10,global,brent_crude,82.3,usd_per_barrel
2023-03-13,global,brent_crude,79.67,usd_per_barrel
2023-03-14,global,brent_crude,76.77,usd_per_barrel
2023-03-15,global,brent_crude,74.3,usd_per_barrel
2023-03-16,global,brent_crude,73.12,usd_per_barrel
2023-03-17,global,brent_crude,71.03,usd_per_barrel
2023-03-20,global,brent_crude,72.42,usd_per_barrel
2023-03-21,global,brent_crude,74.78,usd_per_barrel
2023-03-22,global,brent_crude,76.08,usd_per_barrel
2023-03-23,global,brent_crude,74.31,usd_per_barrel
2023-03-24,global,brent_crude,73.63,usd_per_barrel
2023-03-27,global,brent_crude,76.8,usd_per_barrel
2023-03-28,global,brent_crude,78.07,usd_per_barrel
2023-03-29,global,brent_crude,77.51,usd_per_barrel
2023-03-30,global,brent_crude,78.45,usd_per_barrel
2023-03-31,global,brent_crude,79.19,usd_per_barrel
2023-04-03,global,brent_crude,85.81,usd_per_barrel
2023-04-04,global,brent_crude,85.7,usd_per_barrel
2023-04-05,global,brent_crude,85.89,usd_per_barrel
2023-04-06,global,brent_crude,86.56,usd_per_barrel
2023-04-11,global,brent_crude,87.32,usd_per_barrel
2023-04-12,global,brent_crude,88.31,usd_per_barrel
2023-04-13,global,brent_crude,86.51,usd_per_barrel
2023-04-14,global,brent_crude,87.31,usd_per_barrel
2023-04-17,global,brent_crude,85.63,usd_per_barrel
2023-04-18,global,brent_crude,85.48,usd_per_barrel
2023-04-19,global,brent_crude,85.34,usd_per_barrel
2023-04-20,global,brent_crude,83.29,usd_per_barrel
2023-04-21,global,brent_crude,83.36,usd_per_barrel
2023-04-24,global,brent_crude,84.23,usd_per_barrel
2023-04-25,global,brent_crude,82.13,usd_per_barrel
2023-04-26,global,brent_crude,79.19,usd_per_barrel
2023-04-27,global,brent_crude,80.11,usd_per_barrel
2023-04-28,global,brent_crude,81.32,usd_per_barrel
2023-05-02,global,brent_crude,76.71,usd_per_barrel
2023-05-03,global,brent_crude,72.91,usd_per_barrel
2023-05-04,global,brent_crude,73.0,usd_per_barrel
2023-05-05,global,brent_crude,75.85,usd_per_barrel
2023-05-09,global,brent_crude,77.76,usd_per_barrel
2023-05-10,global,brent_crude,76.7,usd_per_barrel
2023-05-11,global,brent_crude,75.32,usd_per_barrel
2023-05-12,global,brent_crude,74.54,usd_per_barrel
2023-05-15,global,brent_crude,75.46,usd_per_barrel
2023-05-16,global,brent_crude,75.15,usd_per_barrel
2023-05-17,global,brent_crude,76.98,usd_per_barrel
2023-05-18,global,brent_crude,75.75,usd_per_barrel
2023-05-19,global,brent_crude,75.42,usd_per_barrel
2023-05-22,global,brent_crude,75.77,usd_per_barrel
2023-05-23,global,brent_crude,76.66,usd_per_barrel
2023-05-24,global,brent_crude,77.99,usd_per_barrel
2023-05-25,global,brent_crude,75.66,usd_per_barrel
2023-05-26,global,brent_crude,76.33,usd_per_barrel
2023-05-30,global,brent_crude,73.38,usd_per_barrel
2023-05-31,global,brent_crude,71.98,usd_per_barrel
2023-06-01,global,brent_crude,74.18,usd_per_barrel
2023-06-02,global,brent_crude,76.0,usd_per_barrel
2023-06-05,global,brent_crude,76.61,usd_per_barrel
2023-06-06,global,brent_crude,76.22,usd_per_barrel
2023-06-07,global,brent_crude,76.85,usd_per_barrel
2023-06-08,global,brent_crude,75.88,usd_per_barrel
2023-06-09,global,brent_crude,74.74,usd_per_barrel
2023-06-12,global,brent_crude,71.8,usd_per_barrel
2023-06-13,global,brent_crude,74.24,usd_per_barrel
2023-06-14,global,brent_crude,73.39,usd_per_barrel
2023-06-15,global,brent_crude,75.75,usd_per_barrel
2023-06-16,global,brent_crude,76.76,usd_per_barrel
2023-06-19,global,brent_crude,76.09,usd_per_barrel
2023-06-20,global,brent_crude,75.79,usd_per_barrel
2023-06-21,global,brent_crude,76.92,usd_per_barrel
2023-06-22,global,brent_crude,73.93,usd_per_barrel
2023-06-23,global,brent_crude,73.56,usd_per_barrel
2023-06-26,global,brent_crude,73.86,usd_per_barrel
2023-06-27,global,brent_crude,71.88,usd_per_barrel
2023-06-28,global,brent_crude,73.64,usd_per_barrel
2023-06-29,global,brent_crude,73.86,usd_per_barrel
2023-06-30,global,brent_crude,74.51,usd_per_barrel
2023-07-03,global,brent_crude,74.52,usd_per_barrel
2023-07-04,global,brent_crude,76.23,usd_per_barrel
2023-07-05,global,brent_crude,76.74,usd_per_barrel
2023-07-06,global,brent_crude,76.72,usd_per_barrel
2023-07-07,global,brent_crude,78.77,usd_per_barrel
2023-07-10,global,brent_crude,77.83,usd_per_barrel
2023-07-11,global,brent_crude,79.54,usd_per_barrel
2023-07-12,global,brent_crude,80.35,usd_per_barrel
2023-07-13,global,brent_crude,81.31,usd_per_barrel
2023-07-14,global,brent_crude,79.9,usd_per_barrel
2023-07-17,global,brent_crude,77.8,usd_per_barrel
2023-07-18,global,brent_crude,79.54,usd_per_barrel
2023-07-19,global,brent_crude,79.38,usd_per_barrel
2023-07-20,global,brent_crude,79.62,usd_per_barrel
2023-07-21,global,brent_crude,81.06,usd_per_barrel
2023-07-24,global,brent_crude,82.53,usd_per_barrel
2023-07-25,global,brent_crude,83.46,usd_per_barrel
2023-07-26,global,brent_crude,82.98,usd_per_barrel
2023-07-27,global,brent_crude,84.28,usd_per_barrel
2023-07-28,global,brent_crude,84.49,usd_per_barrel
2023-07-31,global,brent_crude,85.22,usd_per_barrel
2023-08-01,global,brent_crude,85.34,usd_per_barrel
2023-08-02,global,brent_crude,84.01,usd_per_barrel
2023-08-03,global,brent_crude,86.19,usd_per_barrel
2023-08-04,global,brent_crude,87.38,usd_per_barrel
2023-08-07,global,brent_crude,86.47,usd_per_barrel
2023-08-08,global,brent_crude,88.0,usd_per_barrel
2023-08-09,global,brent_crude,89.31,usd_per_barrel
2023-08-10,global,brent_crude,87.44,usd_per_barrel
2023-08-11,global,brent_crude,87.93,usd_per_barrel
2023-08-14,global,brent_crude,87.4,usd_per_barrel
2023-08-15,global,brent_crude,86.28,usd_per_barrel
2023-08-16,global,brent_crude,84.49,usd_per_barrel
2023-08-17,global,brent_crude,85.24,usd_per_barrel
2023-08-18,global,brent_crude,85.92,usd_per_barrel
2023-08-21,global,brent_crude,85.44,usd_per_barrel
2023-08-22,global,brent_crude,84.7,usd_per_barrel
2023-08-23,global,brent_crude,83.94,usd_per_barrel
2023-08-24,global,brent_crude,84.07,usd_per_barrel
2023-08-25,global,brent_crude,85.42,usd_per_barrel
2023-08-29,global,brent_crude,86.37,usd_per_barrel
2023-08-30,global,brent_crude,86.62,usd_per_barrel
2023-08-31,global,brent_crude,87.29,usd_per_barrel
2023-09-01,global,brent_crude,89.98,usd_per_barrel
2023-09-04,global,brent_crude,90.42,usd_per_barrel
2023-09-05,global,brent_crude,91.25,usd_per_barrel
2023-09-06,global,brent_crude,91.79,usd_per_barrel
2023-09-07,global,brent_crude,91.16,usd_per_barrel
2023-09-08,global,brent_crude,91.85,usd_per_barrel
2023-09-11,global,brent_crude,91.97,usd_per_barrel
2023-09-12,global,brent_crude,93.58,usd_per_barrel
2023-09-13,global,brent_crude,93.04,usd_per_barrel
2023-09-14,global,brent_crude,95.2,usd_per_barrel
2023-09-15,global,brent_crude,95.55,usd_per_barrel
2023-09-18,global,brent_crude,95.95,usd_per_barrel
2023-09-19,global,brent_crude,96.11,usd_per_barrel
2023-09-20,global,brent_crude,94.56,usd_per_barrel
2023-09-21,global,brent_crude,93.7,usd_per_barrel
2023-09-22,global,brent_crude,93.99,usd_per_barrel
2023-09-25,global,brent_crude,94.01,usd_per_barrel
2023-09-26,global,brent_crude,94.46,usd_per_barrel
2023-09-27,global,brent_crude,97.1,usd_per_barrel
2023-09-28,global,brent_crude,96.64,usd_per_barrel
2023-09-29,global,brent_crude,95.86,usd_per_barrel
2023-10-02,global,brent_crude,91.21,usd_per_barrel
2023-10-03,global,brent_crude,94.46,usd_per_barrel
2023-10-04,global,brent_crude,89.83,usd_per_barrel
2023-10-05,global,brent_crude,88.28,usd_per_barrel
2023-10-06,global,brent_crude,87.86,usd_per_barrel
2023-10-09,global,brent_crude,91.37,usd_per_barrel
2023-10-10,global,brent_crude,90.7,usd_per_barrel
2023-10-11,global,brent_crude,87.58,usd_per_barrel
2023-10-12,global,brent_crude,88.4,usd_per_barrel
2023-10-13,global,brent_crude,94.33,usd_per_barrel
2023-10-16,global,brent_crude,90.99,usd_per_barrel
2023-10-17,global,brent_crude,92.52,usd_per_barrel
2023-10-18,global,brent_crude,91.99,usd_per_barrel
2023-10-19,global,brent_crude,93.12,usd_per_barrel
2023-10-20,global,brent_crude,93.72,usd_per_barrel
2023-10-23,global,brent_crude,91.88,usd_per_barrel
2023-10-24,global,brent_crude,88.0,usd_per_barrel
2023-10-25,global,brent_crude,90.14,usd_per_barrel
2023-10-26,global,brent_crude,88.45,usd_per_barrel
2023-10-27,global,brent_crude,90.73,usd_per_barrel
2023-10-30,global,brent_crude,90.73,usd_per_barrel
2023-10-31,global,brent_crude,86.82,usd_per_barrel
2023-11-01,global,brent_crude,86.92,usd_per_barrel
2023-11-02,global,brent_crude,89.02,usd_per_barrel
2023-11-03,global,brent_crude,87.55,usd_per_barrel
2023-11-06,global,brent_crude,87.31,usd_per_barrel
2023-11-07,global,brent_crude,83.43,usd_per_barrel
2023-11-08,global,brent_crude,81.46,usd_per_barrel
2023-11-09,global,brent_crude,81.74,usd_per_barrel
2023-11-10,global,brent_crude,83.66,usd_per_barrel
2023-11-13,global,brent_crude,84.09,usd_per_barrel
2023-11-14,global,brent_crude,84.2,usd_per_barrel
2023-11-15,global,brent_crude,82.4,usd_per_barrel
2023-11-16,global,brent_crude,77.73,usd_per_barrel
2023-11-17,global,brent_crude,81.22,usd_per_barrel
2023-11-20,global,brent_crude,83.25,usd_per_barrel
2023-11-21,global,brent_crude,82.42,usd_per_barrel
2023-11-22,global,brent_crude,81.76,usd_per_barrel
2023-11-23,global,brent_crude,80.85,usd_per_barrel
2023-11-24,global,brent_crude,79.82,usd_per_barrel
2023-11-27,global,brent_crude,79.49,usd_per_barrel
2023-11-28,global,brent_crude,81.66,usd_per_barrel
2023-11-29,global,brent_crude,82.98,usd_per_barrel
2023-11-30,global,brent_crude,81.72,usd_per_barrel
2023-12-01,global,brent_crude,78.72,usd_per_barrel
2023-12-04,global,brent_crude,78.16,usd_per_barrel
2023-12-05,global,brent_crude,77.27,usd_per_barrel
2023-12-06,global,brent_crude,74.33,usd_per_barrel
2023-12-07,global,brent_crude,74.21,usd_per_barrel
2023-12-08,global,brent_crude,75.94,usd_per_barrel
2023-12-11,global,brent_crude,75.75,usd_per_barrel
2023-12-12,global,brent_crude,74.11,usd_per_barrel
2023-12-13,global,brent_crude,74.14,usd_per_barrel
2023-12-14,global,brent_crude,77.05,usd_per_barrel
2023-12-15,global,brent_crude,76.84,usd_per_barrel
2023-12-18,global,brent_crude,78.89,usd_per_barrel
2023-12-19,global,brent_crude,79.82,usd_per_barrel
2023-12-20,global,brent_crude,81.1,usd_per_barrel
2023-12-21,global,brent_crude,80.73,usd_per_barrel
2023-12-22,global,brent_crude,80.23,usd_per_barrel
2023-12-27,global,brent_crude,80.97,usd_per_barrel
2023-12-28,global,brent_crude,79.04,usd_per_barrel
2023-12-29,global,brent_crude,77.69,usd_per_barrel
2024-01-02,global,brent_crude,76.24,usd_per_barrel
2024-01-03,global,brent_crude,77.18,usd_per_barrel
2024-01-04,global,brent_crude,75.79,usd_per_barrel
2024-01-05,global,brent_crude,78.31,usd_per_barrel
2024-01-08,global,brent_crude,75.47,usd_per_barrel
2024-01-09,global,brent_crude,77.97,usd_per_barrel
2024-01-10,global,brent_crude,78.46,usd_per_barrel
2024-01-11,global,brent_crude,80.21,usd_per_barrel
2024-01-12,global,brent_crude,79.89,usd_per_barrel
2024-01-15,global,brent_crude,79.76,usd_per_barrel
2024-01-16,global,brent_crude,80.15,usd_per_barrel
2024-01-17,global,brent_crude,78.88,usd_per_barrel
2024-01-18,global,brent_crude,81.04,usd_per_barrel
2024-01-19,global,brent_crude,80.71,usd_per_barrel
2024-01-22,global,brent_crude,81.7,usd_per_barrel
2024-01-23,global,brent_crude,82.04,usd_per_barrel
2024-01-24,global,brent_crude,82.15,usd_per_barrel
2024-01-25,global,brent_crude,82.33,usd_per_barrel
2024-01-26,global,brent_crude,83.34,usd_per_barrel
2024-01-29,global,brent_crude,83.99,usd_per_barrel
2024-01-30,global,brent_crude,84.14,usd_per_barrel
2024-01-31,global,brent_crude,82.98,usd_per_barrel
2024-02-01,global,brent_crude,82.2,usd_per_barrel
2024-02-02,global,brent_crude,79.54,usd_per_barrel
2024-02-05,global,brent_crude,79.3,usd_per_barrel
2024-02-06,global,brent_crude,80.46,usd_per_barrel
2024-02-07,global,brent_crude,81.18,usd_per_barrel
2024-02-08,global,brent_crude,83.01,usd_per_barrel
2024-02-09,global,brent_crude,83.58,usd_per_barrel
2024-02-12,global,brent_crude,83.88,usd_per_barrel
2024-02-13,global,brent_crude,84.72,usd_per_barrel
2024-02-14,global,brent_crude,84.41,usd_per_barrel
2024-02-15,global,brent_crude,84.33,usd_per_barrel
2024-02-16,global,brent_crude,84.88,usd_per_barrel
2024-02-19,global,brent_crude,85.52,usd_per_barrel
2024-02-20,global,brent_crude,84.78,usd_per_barrel
2024-02-21,global,brent_crude,84.77,usd_per_barrel
2024-02-22,global,brent_crude,85.84,usd_per_barrel
2024-02-23,global,brent_crude,84.18,usd_per_barrel
2024-02-26,global,brent_crude,84.01,usd_per_barrel
2024-02-27,global,brent_crude,83.8,usd_per_barrel
2024-02-28,global,brent_crude,84.08,usd_per_barrel
2024-02-29,global,brent_crude,84.57,usd_per_barrel
2024-03-01,global,brent_crude,84.82,usd_per_barrel
2024-03-04,global,brent_crude,86.58,usd_per_barrel
2024-03-05,global,brent_crude,85.82,usd_per_barrel
2024-03-06,global,brent_crude,86.59,usd_per_barrel
2024-03-07,global,brent_crude,84.88,usd_per_barrel
2024-03-08,global,brent_crude,84.29,usd_per_barrel
2024-03-11,global,brent_crude,83.44,usd_per_barrel
2024-03-12,global,brent_crude,83.66,usd_per_barrel
2024-03-13,global,brent_crude,83.95,usd_per_barrel
2024-03-14,global,brent_crude,86.16,usd_per_barrel
2024-03-15,global,brent_crude,85.39,usd_per_barrel
2024-03-18,global,brent_crude,86.47,usd_per_barrel
2024-03-19,global,brent_crude,87.36,usd_per_barrel
2024-03-20,global,brent_crude,85.77,usd_per_barrel
2024-03-21,global,brent_crude,84.92,usd_per_barrel
2024-03-22,global,brent_crude,84.87,usd_per_barrel
2024-03-25,global,brent_crude,86.18,usd_per_barrel
2024-03-26,global,brent_crude,85.91,usd_per_barrel
2024-03-27,global,brent_crude,84.94,usd_per_barrel
2024-03-28,global,brent_crude,86.17,usd_per_barrel
2024-04-02,global,brent_crude,87.63,usd_per_barrel
2024-04-03,global,brent_crude,90.6,usd_per_barrel
2024-04-04,global,brent_crude,90.32,usd_per_barrel
2024-04-05,global,brent_crude,92.81,usd_per_barrel
2024-04-08,global,brent_crude,91.73,usd_per_barrel
2024-04-09,global,brent_crude,92.13,usd_per_barrel
2024-04-10,global,brent_crude,91.57,usd_per_barrel
2024-04-11,global,brent_crude,91.49,usd_per_barrel
2024-04-12,global,brent_crude,93.12,usd_per_barrel
2024-04-15,global,brent_crude,90.84,usd_per_barrel
2024-04-16,global,brent_crude,91.29,usd_per_barrel
2024-04-17,global,brent_crude,89.54,usd_per_barrel
2024-04-18,global,brent_crude,88.34,usd_per_barrel
2024-04-19,global,brent_crude,87.96,usd_per_barrel
2024-04-22,global,brent_crude,87.3,usd_per_barrel
2024-04-23,global,brent_crude,88.29,usd_per_barrel
2024-04-24,global,brent_crude,89.02,usd_per_barrel
2024-04-25,global,brent_crude,88.1,usd_per_barrel
2024-04-26,global,brent_crude,89.95,usd_per_barrel
2024-04-29,global,brent_crude,88.44,usd_per_barrel
2024-04-30,global,brent_crude,88.23,usd_per_barrel
2024-05-01,global,brent_crude,83.55,usd_per_barrel
2024-05-02,global,brent_crude,84.81,usd_per_barrel
2024-05-03,global,brent_crude,83.6,usd_per_barrel
2024-05-07,global,brent_crude,82.69,usd_per_barrel
2024-05-08,global,brent_crude,82.44,usd_per_barrel
2024-05-09,global,brent_crude,83.27,usd_per_barrel
2024-05-10,global,brent_crude,83.39,usd_per_barrel
2024-05-13,global,brent_crude,83.18,usd_per_barrel
2024-05-14,global,brent_crude,81.0,usd_per_barrel
2024-05-15,global,brent_crude,79.98,usd_per_barrel
2024-05-16,global,brent_crude,81.65,usd_per_barrel
2024-05-17,global,brent_crude,82.24,usd_per_barrel
2024-05-20,global,brent_crude,81.91,usd_per_barrel
2024-05-21,global,brent_crude,81.22,usd_per_barrel
2024-05-22,global,brent_crude,79.9,usd_per_barrel
2024-05-23,global,brent_crude,79.25,usd_per_barrel
2024-05-24,global,brent_crude,78.92,usd_per_barrel
2024-05-28,global,brent_crude,81.34,usd_per_barrel
2024-05-29,global,brent_crude,81.5,usd_per_barrel
2024-05-30,global,brent_crude,81.42,usd_per_barrel
2024-05-31,global,brent_crude,79.41,usd_per_barrel
2024-06-03,global,brent_crude,76.45,usd_per_barrel
2024-06-04,global,brent_crude,75.33,usd_per_barrel
2024-06-05,global,brent_crude,75.41,usd_per_barrel
2024-06-06,global,brent_crude,77.62,usd_per_barrel
2024-06-07,global,brent_crude,78.12,usd_per_barrel
2024-06-10,global,brent_crude,79.59,usd_per_barrel
2024-06-11,global,brent_crude,80.15,usd_per_barrel
2024-06-12,global,brent_crude,80.52,usd_per_barrel
2024-06-13,global,brent_crude,81.44,usd_per_barrel
2024-06-14,global,brent_crude,81.49,usd_per_barrel
2024-06-17,global,brent_crude,82.45,usd_per_barrel
2024-06-18,global,brent_crude,84.79,usd_per_barrel
2024-06-19,global,brent_crude,85.64,usd_per_barrel
2024-06-20,global,brent_crude,85.92,usd_per_barrel
2024-06-21,global,brent_crude,86.42,usd_per_barrel
2024-06-24,global,brent_crude,86.75,usd_per_barrel
2024-06-25,global,brent_crude,86.81,usd_per_barrel
2024-06-26,global,brent_crude,85.76,usd_per_barrel
2024-06-27,global,brent_crude,87.0,usd_per_barrel
2024-06-28,global,brent_crude,87.26,usd_per_barrel
2024-07-01,global,brent_crude,86.57,usd_per_barrel
2024-07-02,global,brent_crude,88.28,usd_per_barrel
2024-07-03,global,brent_crude,88.25,usd_per_barrel
2024-07-04,global,brent_crude,88.34,usd_per_barrel
2024-07-05,global,brent_crude,88.66,usd_per_barrel
2024-07-08,global,brent_crude,87.15,usd_per_barrel
2024-07-09,global,brent_crude,86.48,usd_per_barrel
2024-07-10,global,brent_crude,86.55,usd_per_barrel
2024-07-11,global,brent_crude,86.49,usd_per_barrel
2024-07-12,global,brent_crude,87.35,usd_per_barrel
2024-07-15,global,brent_crude,86.42,usd_per_barrel
2024-07-16,global,brent_crude,86.6,usd_per_barrel
2024-07-17,global,brent_crude,85.76,usd_per_barrel
2024-07-18,global,brent_crude,86.26,usd_per_barrel
2024-07-19,global,brent_crude,85.19,usd_per_barrel
2024-07-22,global,brent_crude,83.44,usd_per_barrel
2024-07-23,global,brent_crude,82.2,usd_per_barrel
2024-07-24,global,brent_crude,83.01,usd_per_barrel
2024-07-25,global,brent_crude,82.58,usd_per_barrel
2024-07-26,global,brent_crude,81.35,usd_per_barrel
2024-07-29,global,brent_crude,80.94,usd_per_barrel
2024-07-30,global,brent_crude,79.26,usd_per_barrel
2024-07-31,global,brent_crude,81.39,usd_per_barrel
2024-08-01,global,brent_crude,81.37,usd_per_barrel
2024-08-02,global,brent_crude,78.35,usd_per_barrel
2024-08-05,global,brent_crude,77.51,usd_per_barrel
2024-08-06,global,brent_crude,76.62,usd_per_barrel
2024-08-07,global,brent_crude,78.26,usd_per_barrel
2024-08-08,global,brent_crude,80.76,usd_per_barrel
2024-08-09,global,brent_crude,81.07,usd_per_barrel
2024-08-12,global,brent_crude,83.06,usd_per_barrel
2024-08-13,global,brent_crude,82.51,usd_per_barrel
2024-08-14,global,brent_crude,82.15,usd_per_barrel
2024-08-15,global,brent_crude,83.09,usd_per_barrel
2024-08-16,global,brent_crude,81.56,usd_per_barrel
2024-08-19,global,brent_crude,81.09,usd_per_barrel
2024-08-20,global,brent_crude,78.85,usd_per_barrel
2024-08-21,global,brent_crude,78.77,usd_per_barrel
2024-08-22,global,brent_crude,78.8,usd_per_barrel
2024-08-23,global,brent_crude,80.34,usd_per_barrel
2024-08-27,global,brent_crude,81.51,usd_per_barrel
2024-08-28,global,brent_crude,80.04,usd_per_barrel
2024-08-29,global,brent_crude,81.55,usd_per_barrel
2024-08-30,global,brent_crude,80.2,usd_per_barrel
2024-09-02,global,brent_crude,77.82,usd_per_barrel
2024-09-03,global,brent_crude,76.46,usd_per_barrel
2024-09-04,global,brent_crude,74.67,usd_per_barrel
2024-09-05,global,brent_crude,74.47,usd_per_barrel
2024-09-06,global,brent_crude,72.82,usd_per_barrel
2024-09-09,global,brent_crude,72.37,usd_per_barrel
2024-09-10,global,brent_crude,70.34,usd_per_barrel
2024-09-11,global,brent_crude,70.31,usd_per_barrel
2024-09-12,global,brent_crude,73.81,usd_per_barrel
2024-09-13,global,brent_crude,73.68,usd_per_barrel
2024-09-16,global,brent_crude,73.96,usd_per_barrel
2024-09-17,global,brent_crude,74.55,usd_per_barrel
2024-09-18,global,brent_crude,74.52,usd_per_barrel
2024-09-19,global,brent_crude,75.93,usd_per_barrel
2024-09-20,global,brent_crude,75.96,usd_per_barrel
2024-09-23,global,brent_crude,74.95,usd_per_barrel
2024-09-24,global,brent_crude,75.29,usd_per_barrel
2024-09-25,global,brent_crude,75.4,usd_per_barrel
2024-09-26,global,brent_crude,73.06,usd_per_barrel
2024-09-27,global,brent_crude,71.63,usd_per_barrel
2024-09-30,global,brent_crude,72.35,usd_per_barrel
2024-10-01,global,brent_crude,75.3,usd_per_barrel
2024-10-02,global,brent_crude,74.86,usd_per_barrel
2024-10-03,global,brent_crude,77.57,usd_per_barrel
2024-10-04,global,brent_crude,79.32,usd_per_barrel
2024-10-07,global,brent_crude,81.74,usd_per_barrel
2024-10-08,global,brent_crude,78.19,usd_per_barrel
2024-10-09,global,brent_crude,77.06,usd_per_barrel
2024-10-10,global,brent_crude,79.45,usd_per_barrel
2024-10-11,global,brent_crude,80.27,usd_per_barrel
2024-10-14,global,brent_crude,78.47,usd_per_barrel
2024-10-15,global,brent_crude,73.68,usd_per_barrel
2024-10-16,global,brent_crude,73.65,usd_per_barrel
2024-10-17,global,brent_crude,74.37,usd_per_barrel
2024-10-18,global,brent_crude,72.75,usd_per_barrel
2024-10-21,global,brent_crude,73.29,usd_per_barrel
2024-10-22,global,brent_crude,75.59,usd_per_barrel
2024-10-23,global,brent_crude,74.68,usd_per_barrel
2024-10-24,global,brent_crude,74.27,usd_per_barrel
2024-10-25,global,brent_crude,75.62,usd_per_barrel
2024-10-28,global,brent_crude,71.87,usd_per_barrel
2024-10-29,global,brent_crude,71.09,usd_per_barrel
2024-10-30,global,brent_crude,73.21,usd_per_barrel
2024-10-31,global,brent_crude,73.25,usd_per_barrel
2024-11-01,global,brent_crude,73.63,usd_per_barrel
2024-11-04,global,brent_crude,74.89,usd_per_barrel
2024-11-05,global,brent_crude,76.98,usd_per_barrel
2024-11-06,global,brent_crude,76.52,usd_per_barrel
2024-11-07,global,brent_crude,75.73,usd_per_barrel
2024-11-08,global,brent_crude,74.04,usd_per_barrel
2024-11-11,global,brent_crude,72.19,usd_per_barrel
2024-11-12,global,brent_crude,72.56,usd_per_barrel
2024-11-13,global,brent_crude,72.86,usd_per_barrel
2024-11-14,global,brent_crude,73.39,usd_per_barrel
2024-11-15,global,brent_crude,73.45,usd_per_barrel
2024-11-18,global,brent_crude,74.35,usd_per_barrel
2024-11-19,global,brent_crude,74.32,usd_per_barrel
2024-11-20,global,brent_crude,74.33,usd_per_barrel
2024-11-21,global,brent_crude,75.09,usd_per_barrel
2024-11-22,global,brent_crude,76.1,usd_per_barrel
2024-11-25,global,brent_crude,74.27,usd_per_barrel
2024-11-26,global,brent_crude,74.56,usd_per_barrel
2024-11-27,global,brent_crude,73.91,usd_per_barrel
2024-11-28,global,brent_crude,73.92,usd_per_barrel
2024-11-29,global,brent_crude,74.16,usd_per_barrel
2024-12-02,global,brent_crude,72.81,usd_per_barrel
2024-12-03,global,brent_crude,74.8,usd_per_barrel
2024-12-04,global,brent_crude,74.68,usd_per_barrel
2024-12-05,global,brent_crude,73.78,usd_per_barrel
2024-12-06,global,brent_crude,73.78,usd_per_barrel
2024-12-09,global,brent_crude,73.73,usd_per_barrel
2024-12-10,global,brent_crude,73.64,usd_per_barrel
2024-12-11,global,brent_crude,74.38,usd_per_barrel
2024-12-12,global,brent_crude,73.52,usd_per_barrel
2024-12-13,global,brent_crude,74.89,usd_per_barrel
2024-12-16,global,brent_crude,74.3,usd_per_barrel
2024-12-17,global,brent_crude,73.16,usd_per_barrel
2024-12-18,global,brent_crude,74.57,usd_per_barrel
2024-12-19,global,brent_crude,73.75,usd_per_barrel
2024-12-20,global,brent_crude,73.19,usd_per_barrel
2024-12-23,global,brent_crude,72.12,usd_per_barrel
2024-12-24,global,brent_crude,73.5,usd_per_barrel
2024-12-27,global,brent_crude,73.77,usd_per_barrel
2024-12-30,global,brent_crude,74.24,usd_per_barrel
2024-12-31,global,brent_crude,74.58,usd_per_barrel
2025-01-02,global,brent_crude,76.14,usd_per_barrel
2025-01-03,global,brent_crude,76.72,usd_per_barrel
2025-01-06,global,brent_crude,77.27,usd_per_barrel
2025-01-07,global,brent_crude,77.84,usd_per_barrel
2025-01-08,global,brent_crude,77.37,usd_per_barrel
2025-01-09,global,brent_crude,78.44,usd_per_barrel
2025-01-10,global,brent_crude,79.76,usd_per_barrel
2025-01-13,global,brent_crude,82.69,usd_per_barrel
2025-01-14,global,brent_crude,82.39,usd_per_barrel
2025-01-15,global,brent_crude,83.48,usd_per_barrel
2025-01-16,global,brent_crude,82.39,usd_per_barrel
2025-01-17,global,brent_crude,83.02,usd_per_barrel
2025-01-20,global,brent_crude,81.68,usd_per_barrel
2025-01-21,global,brent_crude,80.57,usd_per_barrel
2025-01-22,global,brent_crude,80.0,usd_per_barrel
2025-01-23,global,brent_crude,78.62,usd_per_barrel
2025-01-24,global,brent_crude,78.71,usd_per_barrel
2025-01-27,global,brent_crude,77.3,usd_per_barrel
2025-01-28,global,brent_crude,78.01,usd_per_barrel
2025-01-29,global,brent_crude,77.02,usd_per_barrel
2025-01-30,global,brent_crude,77.42,usd_per_barrel
2025-01-31,global,brent_crude,77.11,usd_per_barrel
2025-02-03,global,brent_crude,76.49,usd_per_barrel
2025-02-04,global,brent_crude,76.58,usd_per_barrel
2025-02-05,global,brent_crude,74.71,usd_per_barrel
2025-02-06,global,brent_crude,74.54,usd_per_barrel
2025-02-07,global,brent_crude,74.68,usd_per_barrel
2025-02-10,global,brent_crude,76.23,usd_per_barrel
2025-02-11,global,brent_crude,77.65,usd_per_barrel
2025-02-12,global,brent_crude,75.38,usd_per_barrel
2025-02-13,global,brent_crude,75.61,usd_per_barrel
2025-02-14,global,brent_crude,75.19,usd_per_barrel
2025-02-17,global,brent_crude,75.81,usd_per_barrel
2025-02-18,global,brent_crude,76.46,usd_per_barrel
2025-02-19,global,brent_crude,76.34,usd_per_barrel
2025-02-20,global,brent_crude,76.95,usd_per_barrel
2025-02-21,global,brent_crude,74.88,usd_per_barrel
2025-02-24,global,brent_crude,74.89,usd_per_barrel
2025-02-25,global,brent_crude,73.11,usd_per_barrel
2025-02-26,global,brent_crude,73.49,usd_per_barrel
2025-02-27,global,brent_crude,75.01,usd_per_barrel
2025-02-28,global,brent_crude,74.76,usd_per_barrel
2025-03-03,global,brent_crude,72.85,usd_per_barrel
2025-03-04,global,brent_crude,72.31,usd_per_barrel
2025-03-05,global,brent_crude,70.92,usd_per_barrel
2025-03-06,global,brent_crude,71.08,usd_per_barrel
2025-03-07,global,brent_crude,72.49,usd_per_barrel
2025-03-10,global,brent_crude,71.08,usd_per_barrel
2025-03-11,global,brent_crude,71.51,usd_per_barrel
2025-03-12,global,brent_crude,72.36,usd_per_barrel
2025-03-13,global,brent_crude,70.82,usd_per_barrel
2025-03-14,global,brent_crude,71.94,usd_per_barrel
2025-03-17,global,brent_crude,71.93,usd_per_barrel
2025-03-18,global,brent_crude,71.93,usd_per_barrel
2025-03-19,global,brent_crude,71.94,usd_per_barrel
2025-03-20,global,brent_crude,72.61,usd_per_barrel
2025-03-21,global,brent_crude,72.64,usd_per_barrel
2025-03-24,global,brent_crude,73.96,usd_per_barrel
2025-03-25,global,brent_crude,73.78,usd_per_barrel
2025-03-26,global,brent_crude,74.6,usd_per_barrel
2025-03-27,global,brent_crude,74.72,usd_per_barrel
2025-03-28,global,brent_crude,74.69,usd_per_barrel
2025-03-31,global,brent_crude,77.23,usd_per_barrel
2025-04-01,global,brent_crude,77.78,usd_per_barrel
2025-04-02,global,brent_crude,77.27,usd_per_barrel
2025-04-03,global,brent_crude,72.54,usd_per_barrel
2025-04-04,global,brent_crude,68.36,usd_per_barrel
2025-04-07,global,brent_crude,66.13,usd_per_barrel
2025-04-08,global,brent_crude,64.86,usd_per_barrel
2025-04-09,global,brent_crude,67.3,usd_per_barrel
2025-04-10,global,brent_crude,65.37,usd_per_barrel
2025-04-11,global,brent_crude,66.83,usd_per_barrel
2025-04-14,global,brent_crude,67.18,usd_per_barrel
2025-04-15,global,brent_crude,66.58,usd_per_barrel
2025-04-16,global,brent_crude,67.94,usd_per_barrel
2025-04-17,global,brent_crude,69.33,usd_per_barrel
2025-04-22,global,brent_crude,68.93,usd_per_barrel
2025-04-23,global,brent_crude,68.26,usd_per_barrel
2025-04-24,global,brent_crude,67.5,usd_per_barrel
2025-04-25,global,brent_crude,66.99,usd_per_barrel
2025-04-28,global,brent_crude,66.13,usd_per_barrel
2025-04-29,global,brent_crude,64.04,usd_per_barrel
2025-04-30,global,brent_crude,63.37,usd_per_barrel
2025-05-01,global,brent_crude,62.37,usd_per_barrel
2025-05-02,global,brent_crude,61.57,usd_per_barrel
2025-05-06,global,brent_crude,62.37,usd_per_barrel
2025-05-07,global,brent_crude,60.31,usd_per_barrel
2025-05-08,global,brent_crude,62.22,usd_per_barrel
2025-05-09,global,brent_crude,64.26,usd_per_barrel
2025-05-12,global,brent_crude,65.28,usd_per_barrel
2025-05-13,global,brent_crude,66.93,usd_per_barrel
2025-05-14,global,brent_crude,65.91,usd_per_barrel
2025-05-15,global,brent_crude,64.36,usd_per_barrel
2025-05-16,global,brent_crude,65.2,usd_per_barrel
2025-05-19,global,brent_crude,66.25,usd_per_barrel
2025-05-20,global,brent_crude,66.93,usd_per_barrel
2025-05-21,global,brent_crude,65.86,usd_per_barrel
2025-05-22,global,brent_crude,64.87,usd_per_barrel
2025-05-23,global,brent_crude,65.41,usd_per_barrel
2025-05-27,global,brent_crude,64.32,usd_per_barrel
2025-05-28,global,brent_crude,65.72,usd_per_barrel
2025-05-29,global,brent_crude,64.6,usd_per_barrel
2025-05-30,global,brent_crude,64.32,usd_per_barrel
2025-06-02,global,brent_crude,66.55,usd_per_barrel
2025-06-03,global,brent_crude,67.48,usd_per_barrel
2025-06-04,global,brent_crude,66.69,usd_per_barrel
2025-06-05,global,brent_crude,67.14,usd_per_barrel
2025-06-06,global,brent_crude,68.02,usd_per_barrel
2025-06-09,global,brent_crude,68.73,usd_per_barrel
2025-06-10,global,brent_crude,68.41,usd_per_barrel
2025-06-11,global,brent_crude,71.29,usd_per_barrel
2025-06-12,global,brent_crude,70.84,usd_per_barrel
2025-06-13,global,brent_crude,76.0,usd_per_barrel
2025-06-16,global,brent_crude,75.05,usd_per_barrel
2025-06-17,global,brent_crude,78.7,usd_per_barrel
2025-06-18,global,brent_crude,78.38,usd_per_barrel
2025-06-19,global,brent_crude,80.37,usd_per_barrel
2025-06-20,global,brent_crude,78.73,usd_per_barrel
2025-06-23,global,brent_crude,74.34,usd_per_barrel
2025-06-24,global,brent_crude,69.13,usd_per_barrel
2025-06-25,global,brent_crude,68.4,usd_per_barrel
2025-06-26,global,brent_crude,68.57,usd_per_barrel
2025-06-27,global,brent_crude,69.37,usd_per_barrel
2025-06-30,global,brent_crude,68.15,usd_per_barrel
2025-07-01,global,brent_crude,67.63,usd_per_barrel
2025-07-02,global,brent_crude,70.8,usd_per_barrel
2025-07-03,global,brent_crude,70.42,usd_per_barrel
2025-07-04,global,brent_crude,71.03,usd_per_barrel
2025-07-07,global,brent_crude,71.95,usd_per_barrel
2025-07-08,global,brent_crude,72.5,usd_per_barrel
2025-07-09,global,brent_crude,71.98,usd_per_barrel
2025-07-10,global,brent_crude,70.38,usd_per_barrel
2025-07-11,global,brent_crude,72.06,usd_per_barrel
2025-07-14,global,brent_crude,70.96,usd_per_barrel
2025-07-15,global,brent_crude,70.27,usd_per_barrel
2025-07-16,global,brent_crude,69.67,usd_per_barrel
2025-07-17,global,brent_crude,71.32,usd_per_barrel
2025-07-18,global,brent_crude,71.06,usd_per_barrel
2025-07-21,global,brent_crude,71.92,usd_per_barrel
2025-07-22,global,brent_crude,69.69,usd_per_barrel
2025-07-23,global,brent_crude,69.17,usd_per_barrel
2025-07-24,global,brent_crude,70.42,usd_per_barrel
2025-07-25,global,brent_crude,69.23,usd_per_barrel
2025-07-28,global,brent_crude,70.87,usd_per_barrel
2025-07-29,global,brent_crude,73.21,usd_per_barrel
2025-07-30,global,brent_crude,73.98,usd_per_barrel
2025-07-31,global,brent_crude,73.43,usd_per_barrel
2025-08-01,global,brent_crude,70.55,usd_per_barrel
2025-08-04,global,brent_crude,69.56,usd_per_barrel
2025-08-05,global,brent_crude,69.14,usd_per_barrel
2025-08-06,global,brent_crude,67.97,usd_per_barrel
2025-08-07,global,brent_crude,66.99,usd_per_barrel
2025-08-08,global,brent_crude,67.17,usd_per_barrel
2025-08-11,global,brent_crude,67.36,usd_per_barrel
2025-08-12,global,brent_crude,66.8,usd_per_barrel
2025-08-13,global,brent_crude,66.25,usd_per_barrel
2025-08-14,global,brent_crude,68.12,usd_per_barrel
2025-08-15,global,brent_crude,67.3,usd_per_barrel
2025-08-18,global,brent_crude,68.18,usd_per_barrel
2025-08-19,global,brent_crude,66.62,usd_per_barrel
2025-08-20,global,brent_crude,67.61,usd_per_barrel
2025-08-21,global,brent_crude,68.41,usd_per_barrel
2025-08-22,global,brent_crude,68.29,usd_per_barrel
2025-08-26,global,brent_crude,66.89,usd_per_barrel
2025-08-27,global,brent_crude,67.75,usd_per_barrel
2025-08-28,global,brent_crude,68.61,usd_per_barrel
2025-08-29,global,brent_crude,67.83,usd_per_barrel
2025-09-01,global,brent_crude,67.09,usd_per_barrel
2025-09-02,global,brent_crude,68.09,usd_per_barrel
2025-09-03,global,brent_crude,67.76,usd_per_barrel
2025-09-04,global,brent_crude,66.41,usd_per_barrel
2025-09-05,global,brent_crude,64.92,usd_per_barrel
2025-09-08,global,brent_crude,65.44,usd_per_barrel
2025-09-09,global,brent_crude,67.97,usd_per_barrel
2025-09-10,global,brent_crude,67.62,usd_per_barrel
2025-09-11,global,brent_crude,67.25,usd_per_barrel
2025-09-12,global,brent_crude,67.87,usd_per_barrel
2025-09-15,global,brent_crude,67.88,usd_per_barrel
2025-09-16,global,brent_crude,69.69,usd_per_barrel
2025-09-17,global,brent_crude,69.19,usd_per_barrel
2025-09-18,global,brent_crude,67.83,usd_per_barrel
2025-09-19,global,brent_crude,67.05,usd_per_barrel
2025-09-22,global,brent_crude,66.87,usd_per_barrel
2025-09-23,global,brent_crude,67.96,usd_per_barrel
2025-09-24,global,brent_crude,69.64,usd_per_barrel
2025-09-25,global,brent_crude,70.48,usd_per_barrel
2025-09-26,global,brent_crude,71.15,usd_per_barrel
2025-09-29,global,brent_crude,69.0,usd_per_barrel
2025-09-30,global,brent_crude,68.52,usd_per_barrel
2025-10-01,global,brent_crude,66.67,usd_per_barrel
2025-10-02,global,brent_crude,65.44,usd_per_barrel
2025-10-03,global,brent_crude,66.13,usd_per_barrel
2025-10-06,global,brent_crude,67.09,usd_per_barrel
2025-10-07,global,brent_crude,67.1,usd_per_barrel
2025-10-08,global,brent_crude,67.42,usd_per_barrel
2025-10-09,global,brent_crude,67.23,usd_per_barrel
2025-10-10,global,brent_crude,64.41,usd_per_barrel
2025-10-13,global,brent_crude,64.15,usd_per_barrel
2025-10-14,global,brent_crude,63.0,usd_per_barrel
2025-10-15,global,brent_crude,62.33,usd_per_barrel
2025-10-16,global,brent_crude,61.08,usd_per_barrel
2025-10-17,global,brent_crude,61.23,usd_per_barrel
2025-10-20,global,brent_crude,60.71,usd_per_barrel
2025-10-21,global,brent_crude,61.0,usd_per_barrel
2025-10-22,global,brent_crude,62.28,usd_per_barrel
2025-10-23,global,brent_crude,66.32,usd_per_barrel
2025-10-24,global,brent_crude,65.8,usd_per_barrel
2025-10-27,global,brent_crude,65.52,usd_per_barrel
2025-10-28,global,brent_crude,64.03,usd_per_barrel
2025-10-29,global,brent_crude,65.01,usd_per_barrel
2025-10-30,global,brent_crude,65.11,usd_per_barrel
2025-10-31,global,brent_crude,65.44,usd_per_barrel
2025-11-03,global,brent_crude,65.79,usd_per_barrel
2025-11-04,global,brent_crude,65.04,usd_per_barrel
2025-11-05,global,brent_crude,63.54,usd_per_barrel
2025-11-06,global,brent_crude,63.41,usd_per_barrel
2025-11-07,global,brent_crude,63.72,usd_per_barrel
2025-11-10,global,brent_crude,63.01,usd_per_barrel
2025-11-11,global,brent_crude,63.86,usd_per_barrel
2025-11-12,global,brent_crude,61.88,usd_per_barrel
2025-11-13,global,brent_crude,62.14,usd_per_barrel
2025-11-14,global,brent_crude,63.45,usd_per_barrel
2025-11-17,global,brent_crude,63.16,usd_per_barrel
2025-11-18,global,brent_crude,64.86,usd_per_barrel
2025-11-19,global,brent_crude,63.78,usd_per_barrel
2025-11-20,global,brent_crude,63.64,usd_per_barrel
2025-11-21,global,brent_crude,62.78,usd_per_barrel
2025-11-24,global,brent_crude,64.83,usd_per_barrel
2025-11-25,global,brent_crude,63.99,usd_per_barrel
2025-11-26,global,brent_crude,64.81,usd_per_barrel
2025-11-27,global,brent_crude,64.18,usd_per_barrel
2025-11-28,global,brent_crude,64.07,usd_per_barrel
2025-12-01,global,brent_crude,64.22,usd_per_barrel
2025-12-02,global,brent_crude,63.37,usd_per_barrel
2025-12-03,global,brent_crude,63.75,usd_per_barrel
2025-12-04,global,brent_crude,64.15,usd_per_barrel
2025-12-05,global,brent_crude,64.42,usd_per_barrel
2025-12-08,global,brent_crude,63.3,usd_per_barrel
2025-12-09,global,brent_crude,62.62,usd_per_barrel
2025-12-10,global,brent_crude,63.12,usd_per_barrel
2025-12-11,global,brent_crude,61.87,usd_per_barrel
2025-12-12,global,brent_crude,62.11,usd_per_barrel
2025-12-15,global,brent_crude,61.55,usd_per_barrel
2025-12-16,global,brent_crude,59.93,usd_per_barrel
2025-12-17,global,brent_crude,60.61,usd_per_barrel
2025-12-18,global,brent_crude,60.69,usd_per_barrel
2025-12-19,global,brent_crude,61.35,usd_per_barrel
2025-12-22,global,brent_crude,62.22,usd_per_barrel
2025-12-23,global,brent_crude,63.7,usd_per_barrel
2025-12-24,global,brent_crude,63.7,usd_per_barrel
2025-12-29,global,brent_crude,63.1,usd_per_barrel
2025-12-30,global,brent_crude,62.3,usd_per_barrel
2025-12-31,global,brent_crude,61.35,usd_per_barrel
2026-01-02,global,brent_crude,61.98,usd_per_barrel
2026-01-05,global,brent_crude,63.0,usd_per_barrel
2026-01-06,global,brent_crude,62.1,usd_per_barrel
2026-01-07,global,brent_crude,61.08,usd_per_barrel
2026-01-08,global,brent_crude,63.34,usd_per_barrel
2026-01-09,global,brent_crude,65.11,usd_per_barrel
2026-01-12,global,brent_crude,65.4,usd_per_barrel
2026-01-13,global,brent_crude,67.58,usd_per_barrel
2026-01-14,global,brent_crude,68.87,usd_per_barrel
2026-01-15,global,brent_crude,66.16,usd_per_barrel
2026-01-16,global,brent_crude,66.97,usd_per_barrel
2026-01-19,global,brent_crude,66.91,usd_per_barrel
2026-01-20,global,brent_crude,67.68,usd_per_barrel
2026-01-21,global,brent_crude,66.72,usd_per_barrel
2026-01-22,global,brent_crude,65.46,usd_per_barrel
2026-01-23,global,brent_crude,68.16,usd_per_barrel
2026-01-26,global,brent_crude,67.7,usd_per_barrel
2026-01-27,global,brent_crude,70.28,usd_per_barrel
2026-01-28,global,brent_crude,70.9,usd_per_barrel
2026-01-29,global,brent_crude,71.0,usd_per_barrel
2026-01-30,global,brent_crude,72.25,usd_per_barrel
2026-02-02,global,brent_crude,67.72,usd_per_barrel
2026-02-03,global,brent_crude,70.01,usd_per_barrel
2026-02-04,global,brent_crude,71.15,usd_per_barrel
2026-02-05,global,brent_crude,69.87,usd_per_barrel
2026-02-06,global,brent_crude,70.45,usd_per_barrel
2026-02-09,global,brent_crude,71.19,usd_per_barrel
2026-02-10,global,brent_crude,71.01,usd_per_barrel
2026-02-11,global,brent_crude,71.52,usd_per_barrel
2026-02-12,global,brent_crude,69.8,usd_per_barrel
2026-02-13,global,brent_crude,69.96,usd_per_barrel
2026-02-16,global,brent_crude,70.81,usd_per_barrel
2026-02-17,global,brent_crude,69.77,usd_per_barrel
2026-02-18,global,brent_crude,71.78,usd_per_barrel
2026-02-19,global,brent_crude,73.17,usd_per_barrel
2026-02-20,global,brent_crude,72.75,usd_per_barrel
2026-02-23,global,brent_crude,71.9,usd_per_barrel
2026-02-24,global,brent_crude,71.21,usd_per_barrel
2026-02-25,global,brent_crude,70.69,usd_per_barrel
2026-02-26,global,brent_crude,71.66,usd_per_barrel
2026-02-27,global,brent_crude,71.32,usd_per_barrel
2026-03-02,global,brent_crude,77.24,usd_per_barrel
2026-03-03,global,brent_crude,83.28,usd_per_barrel
2026-03-04,global,brent_crude,81.56,usd_per_barrel
2026-03-05,global,brent_crude,88.59,usd_per_barrel
2026-03-06,global,brent_crude,95.74,usd_per_barrel
2026-03-09,global,brent_crude,94.35,usd_per_barrel
2026-03-10,global,brent_crude,89.84,usd_per_barrel
2026-03-11,global,brent_crude,90.98,usd_per_barrel
2026-03-12,global,brent_crude,102.38,usd_per_barrel
2026-03-13,global,brent_crude,103.23,usd_per_barrel
2026-03-16,global,brent_crude,101.04,usd_per_barrel
2026-03-17,global,brent_crude,108.39,usd_per_barrel
2026-03-18,global,brent_crude,118.09,usd_per_barrel
2026-03-19,global,brent_crude,111.05,usd_per_barrel
2026-03-20,global,brent_crude,118.42,usd_per_barrel
2026-03-23,global,brent_crude,103.79,usd_per_barrel
2026-03-24,global,brent_crude,108.42,usd_per_barrel
2026-03-25,global,brent_crude,109.14,usd_per_barrel
2026-03-26,global,brent_crude,113.39,usd_per_barrel
2026-03-27,global,brent_crude,121.47,usd_per_barrel
2026-03-30,global,brent_crude,121.88,usd_per_barrel
2026-03-31,global,brent_crude,126.69,usd_per_barrel
2026-04-01,global,brent_crude,119.56,usd_per_barrel
2026-04-02,global,brent_crude,127.61,usd_per_barrel
2026-04-07,global,brent_crude,138.21,usd_per_barrel
2026-04-08,global,brent_crude,122.11,usd_per_barrel
2026-04-09,global,brent_crude,119.03,usd_per_barrel
2026-04-10,global,brent_crude,119.07,usd_per_barrel
2026-04-13,global,brent_crude,123.28,usd_per_barrel
2026-04-14,global,brent_crude,118.69,usd_per_barrel
2026-04-15,global,brent_crude,114.93,usd_per_barrel
2026-04-16,global,brent_crude,116.63,usd_per_barrel
2026-04-17,global,brent_crude,98.63,usd_per_barrel
2026-04-20,global,brent_crude,103.4,usd_per_barrel
2026-04-21,global,brent_crude,106.14,usd_per_barrel
2026-04-22,global,brent_crude,113.44,usd_per_barrel
2026-04-23,global,brent_crude,113.25,usd_per_barrel
2026-04-24,global,brent_crude,111.86,usd_per_barrel
2026-04-27,global,brent_crude,113.89,usd_per_barrel
2026-04-28,global,brent_crude,117.62,usd_per_barrel
2026-04-29,global,brent_crude,124.16,usd_per_barrel
2026-04-30,global,brent_crude,124.24,usd_per_barrel
2026-05-01,global,brent_crude,118.26,usd_per_barrel
2026-05-05,global,brent_crude,114.51,usd_per_barrel
2026-05-06,global,brent_crude,103.7,usd_per_barrel
2026-05-07,global,brent_crude,101.82,usd_per_barrel
2026-05-08,global,brent_crude,103.48,usd_per_barrel
2026-05-11,global,brent_crude,106.11,usd_per_barrel
2026-05-12,global,brent_crude,111.37,usd_per_barrel
2026-05-13,global,brent_crude,110.28,usd_per_barrel
2026-05-14,global,brent_crude,110.91,usd_per_barrel
2026-05-15,global,brent_crude,113.96,usd_per_barrel
2026-05-18,global,brent_crude,116.73,usd_per_barrel
2026-05-19,global,brent_crude,114.64,usd_per_barrel
2026-05-20,global,brent_crude,108.93,usd_per_barrel
2026-05-21,global,brent_crude,105.84,usd_per_barrel
2026-05-22,global,brent_crude,106.9,usd_per_barrel
2026-05-26,global,brent_crude,102.75,usd_per_barrel
2026-05-27,global,brent_crude,97.11,usd_per_barrel
2026-05-28,global,brent_crude,95.47,usd_per_barrel
2026-05-29,global,brent_crude,92.88,usd_per_barrel
2026-06-01,global,brent_crude,98.29,usd_per_barrel
2026-06-02,global,brent_crude,98.49,usd_per_barrel
2026-06-03,global,brent_crude,101.69,usd_per_barrel
2026-06-04,global,brent_crude,98.98,usd_per_barrel
2026-06-05,global,brent_crude,97.29,usd_per_barrel
2026-06-08,global,brent_crude,97.46,usd_per_barrel
2026-06-09,global,brent_crude,94.15,usd_per_barrel
2026-06-10,global,brent_crude,95.73,usd_per_barrel
2026-06-11,global,brent_crude,92.84,usd_per_barrel
2026-06-12,global,brent_crude,88.64,usd_per_barrel
2026-06-15,global,brent_crude,84.36,usd_per_barrel
2026-06-16,global,brent_crude,80.5,usd_per_barrel
2026-06-17,global,brent_crude,80.33,usd_per_barrel
2026-06-18,global,brent_crude,79.35,usd_per_barrel
2026-06-19,global,brent_crude,80.46,usd_per_barrel
2026-06-22,global,brent_crude,76.49,usd_per_barrel
2026-06-23,global,brent_crude,75.69,usd_per_barrel
2026-06-24,global,brent_crude,72.09,usd_per_barrel
2026-06-25,global,brent_crude,73.74,usd_per_barrel
2026-06-26,global,brent_crude,70.16,usd_per_barrel
2026-06-29,global,brent_crude,71.59,usd_per_barrel
2026-06-30,global,brent_crude,70.46,usd_per_barrel
2026-07-01,global,brent_crude,69.24,usd_per_barrel
2026-07-02,global,brent_crude,68.53,usd_per_barrel
2026-07-03,global,brent_crude,68.68,usd_per_barrel
2026-07-06,global,brent_crude,69.56,usd_per_barrel
2026-07-07,global,brent_crude,71.78,usd_per_barrel
2026-07-08,global,brent_crude,76.5,usd_per_barrel
2026-07-09,global,brent_crude,74.46,usd_per_barrel
2026-07-10,global,brent_crude,74.34,usd_per_barrel
2026-07-13,global,brent_crude,81.62,usd_per_barrel
2026-07-14,global,brent_crude,83.69,usd_per_barrel
2026-07-15,global,brent_crude,83.08,usd_per_barrel
2026-07-16,global,brent_crude,81.23,usd_per_barrel
2026-07-17,global,brent_crude,85.01,usd_per_barrel
2026-07-20,global,brent_crude,86.99,usd_per_barrel
2026-07-21,global,brent_crude,93.85,usd_per_barrel
2026-07-22,global,brent_crude,94.12,usd_per_barrel
2026-07-23,global,brent_crude,105.32,usd_per_barrel
2026-07-24,global,brent_crude,100.31,usd_per_barrel
2026-07-27,global,brent_crude,91.82,usd_per_barrel
2026-07-28,global,brent_crude,85.51,usd_per_barrel
2026-07-29,global,brent_crude,91.95,usd_per_barrel
2026-07-30,global,brent_crude,91.91,usd_per_barrel
2026-07-31,global,brent_crude,96.95,usd_per_barrel
2026-08-03,global,brent_crude,88.9,usd_per_barrel
2026-08-04,global,brent_crude,86.47,usd_per_barrel
2026-08-05,global,brent_crude,86.65,usd_per_barrel
2026-08-06,global,brent_crude,89.65,usd_per_barrel
2026-08-07,global,brent_crude,87.62,usd_per_barrel
2026-08-10,global,brent_crude,92.74,usd_per_barrel
2026-08-11,global,brent_crude,93.26,usd_per_barrel
2026-08-12,global,brent_crude,92.52,usd_per_barrel
2026-08-13,global,brent_crude,92.03,usd_per_barrel
2026-08-14,global,brent_crude,92.02,usd_per_barrel
2026-08-17,global,brent_crude,92.43,usd_per_barrel
2026-08-18,global,brent_crude,95.29,usd_per_barrel
2015-01-02,global,us_10y_treasury,2.12,percent
2015-01-05,global,us_10y_treasury,2.04,percent
2015-01-06,global,us_10y_treasury,1.97,percent
2015-01-07,global,us_10y_treasury,1.96,percent
2015-01-08,global,us_10y_treasury,2.03,percent
2015-01-09,global,us_10y_treasury,1.98,percent
2015-01-12,global,us_10y_treasury,1.92,percent
2015-01-13,global,us_10y_treasury,1.91,percent
2015-01-14,global,us_10y_treasury,1.86,percent
2015-01-15,global,us_10y_treasury,1.77,percent
2015-01-16,global,us_10y_treasury,1.83,percent
2015-01-20,global,us_10y_treasury,1.82,percent
2015-01-21,global,us_10y_treasury,1.87,percent
2015-01-22,global,us_10y_treasury,1.9,percent
2015-01-23,global,us_10y_treasury,1.81,percent
2015-01-26,global,us_10y_treasury,1.83,percent
2015-01-27,global,us_10y_treasury,1.83,percent
2015-01-28,global,us_10y_treasury,1.73,percent
2015-01-29,global,us_10y_treasury,1.77,percent
2015-01-30,global,us_10y_treasury,1.68,percent
2015-02-02,global,us_10y_treasury,1.68,percent
2015-02-03,global,us_10y_treasury,1.79,percent
2015-02-04,global,us_10y_treasury,1.81,percent
2015-02-05,global,us_10y_treasury,1.83,percent
2015-02-06,global,us_10y_treasury,1.95,percent
2015-02-09,global,us_10y_treasury,1.96,percent
2015-02-10,global,us_10y_treasury,2.01,percent
2015-02-11,global,us_10y_treasury,2.0,percent
2015-02-12,global,us_10y_treasury,1.99,percent
2015-02-13,global,us_10y_treasury,2.02,percent
2015-02-17,global,us_10y_treasury,2.14,percent
2015-02-18,global,us_10y_treasury,2.07,percent
2015-02-19,global,us_10y_treasury,2.11,percent
2015-02-20,global,us_10y_treasury,2.13,percent
2015-02-23,global,us_10y_treasury,2.06,percent
2015-02-24,global,us_10y_treasury,1.99,percent
2015-02-25,global,us_10y_treasury,1.96,percent
2015-02-26,global,us_10y_treasury,2.03,percent
2015-02-27,global,us_10y_treasury,2.0,percent
2015-03-02,global,us_10y_treasury,2.08,percent
2015-03-03,global,us_10y_treasury,2.12,percent
2015-03-04,global,us_10y_treasury,2.12,percent
2015-03-05,global,us_10y_treasury,2.11,percent
2015-03-06,global,us_10y_treasury,2.24,percent
2015-03-09,global,us_10y_treasury,2.2,percent
2015-03-10,global,us_10y_treasury,2.14,percent
2015-03-11,global,us_10y_treasury,2.11,percent
2015-03-12,global,us_10y_treasury,2.1,percent
2015-03-13,global,us_10y_treasury,2.13,percent
2015-03-16,global,us_10y_treasury,2.1,percent
2015-03-17,global,us_10y_treasury,2.06,percent
2015-03-18,global,us_10y_treasury,1.93,percent
2015-03-19,global,us_10y_treasury,1.98,percent
2015-03-20,global,us_10y_treasury,1.93,percent
2015-03-23,global,us_10y_treasury,1.92,percent
2015-03-24,global,us_10y_treasury,1.88,percent
2015-03-25,global,us_10y_treasury,1.93,percent
2015-03-26,global,us_10y_treasury,2.01,percent
2015-03-27,global,us_10y_treasury,1.95,percent
2015-03-30,global,us_10y_treasury,1.96,percent
2015-03-31,global,us_10y_treasury,1.94,percent
2015-04-01,global,us_10y_treasury,1.87,percent
2015-04-02,global,us_10y_treasury,1.92,percent
2015-04-03,global,us_10y_treasury,1.85,percent
2015-04-06,global,us_10y_treasury,1.92,percent
2015-04-07,global,us_10y_treasury,1.89,percent
2015-04-08,global,us_10y_treasury,1.92,percent
2015-04-09,global,us_10y_treasury,1.97,percent
2015-04-10,global,us_10y_treasury,1.96,percent
2015-04-13,global,us_10y_treasury,1.94,percent
2015-04-14,global,us_10y_treasury,1.9,percent
2015-04-15,global,us_10y_treasury,1.91,percent
2015-04-16,global,us_10y_treasury,1.9,percent
2015-04-17,global,us_10y_treasury,1.87,percent
2015-04-20,global,us_10y_treasury,1.9,percent
2015-04-21,global,us_10y_treasury,1.92,percent
2015-04-22,global,us_10y_treasury,1.99,percent
2015-04-23,global,us_10y_treasury,1.96,percent
2015-04-24,global,us_10y_treasury,1.93,percent
2015-04-27,global,us_10y_treasury,1.94,percent
2015-04-28,global,us_10y_treasury,2.0,percent
2015-04-29,global,us_10y_treasury,2.06,percent
2015-04-30,global,us_10y_treasury,2.05,percent
2015-05-01,global,us_10y_treasury,2.12,percent
2015-05-04,global,us_10y_treasury,2.16,percent
2015-05-05,global,us_10y_treasury,2.19,percent
2015-05-06,global,us_10y_treasury,2.25,percent
2015-05-07,global,us_10y_treasury,2.18,percent
2015-05-08,global,us_10y_treasury,2.16,percent
2015-05-11,global,us_10y_treasury,2.28,percent
2015-05-12,global,us_10y_treasury,2.28,percent
2015-05-13,global,us_10y_treasury,2.27,percent
2015-05-14,global,us_10y_treasury,2.23,percent
2015-05-15,global,us_10y_treasury,2.14,percent
2015-05-18,global,us_10y_treasury,2.23,percent
2015-05-19,global,us_10y_treasury,2.27,percent
2015-05-20,global,us_10y_treasury,2.26,percent
2015-05-21,global,us_10y_treasury,2.19,percent
2015-05-22,global,us_10y_treasury,2.21,percent
2015-05-26,global,us_10y_treasury,2.14,percent
2015-05-27,global,us_10y_treasury,2.14,percent
2015-05-28,global,us_10y_treasury,2.13,percent
2015-05-29,global,us_10y_treasury,2.12,percent
2015-06-01,global,us_10y_treasury,2.19,percent
2015-06-02,global,us_10y_treasury,2.27,percent
2015-06-03,global,us_10y_treasury,2.38,percent
2015-06-04,global,us_10y_treasury,2.31,percent
2015-06-05,global,us_10y_treasury,2.41,percent
2015-06-08,global,us_10y_treasury,2.39,percent
2015-06-09,global,us_10y_treasury,2.42,percent
2015-06-10,global,us_10y_treasury,2.5,percent
2015-06-11,global,us_10y_treasury,2.39,percent
2015-06-12,global,us_10y_treasury,2.39,percent
2015-06-15,global,us_10y_treasury,2.36,percent
2015-06-16,global,us_10y_treasury,2.32,percent
2015-06-17,global,us_10y_treasury,2.32,percent
2015-06-18,global,us_10y_treasury,2.35,percent
2015-06-19,global,us_10y_treasury,2.26,percent
2015-06-22,global,us_10y_treasury,2.37,percent
2015-06-23,global,us_10y_treasury,2.42,percent
2015-06-24,global,us_10y_treasury,2.38,percent
2015-06-25,global,us_10y_treasury,2.4,percent
2015-06-26,global,us_10y_treasury,2.49,percent
2015-06-29,global,us_10y_treasury,2.33,percent
2015-06-30,global,us_10y_treasury,2.35,percent
2015-07-01,global,us_10y_treasury,2.43,percent
2015-07-02,global,us_10y_treasury,2.4,percent
2015-07-06,global,us_10y_treasury,2.3,percent
2015-07-07,global,us_10y_treasury,2.27,percent
2015-07-08,global,us_10y_treasury,2.22,percent
2015-07-09,global,us_10y_treasury,2.32,percent
2015-07-10,global,us_10y_treasury,2.42,percent
2015-07-13,global,us_10y_treasury,2.44,percent
2015-07-14,global,us_10y_treasury,2.41,percent
2015-07-15,global,us_10y_treasury,2.36,percent
2015-07-16,global,us_10y_treasury,2.36,percent
2015-07-17,global,us_10y_treasury,2.34,percent
2015-07-20,global,us_10y_treasury,2.38,percent
2015-07-21,global,us_10y_treasury,2.35,percent
2015-07-22,global,us_10y_treasury,2.33,percent
2015-07-23,global,us_10y_treasury,2.28,percent
2015-07-24,global,us_10y_treasury,2.27,percent
2015-07-27,global,us_10y_treasury,2.23,percent
2015-07-28,global,us_10y_treasury,2.26,percent
2015-07-29,global,us_10y_treasury,2.29,percent
2015-07-30,global,us_10y_treasury,2.28,percent
2015-07-31,global,us_10y_treasury,2.2,percent
2015-08-03,global,us_10y_treasury,2.16,percent
2015-08-04,global,us_10y_treasury,2.23,percent
2015-08-05,global,us_10y_treasury,2.28,percent
2015-08-06,global,us_10y_treasury,2.23,percent
2015-08-07,global,us_10y_treasury,2.18,percent
2015-08-10,global,us_10y_treasury,2.24,percent
2015-08-11,global,us_10y_treasury,2.15,percent
2015-08-12,global,us_10y_treasury,2.14,percent
2015-08-13,global,us_10y_treasury,2.19,percent
2015-08-14,global,us_10y_treasury,2.2,percent
2015-08-17,global,us_10y_treasury,2.16,percent
2015-08-18,global,us_10y_treasury,2.2,percent
2015-08-19,global,us_10y_treasury,2.12,percent
2015-08-20,global,us_10y_treasury,2.09,percent
2015-08-21,global,us_10y_treasury,2.05,percent
2015-08-24,global,us_10y_treasury,2.01,percent
2015-08-25,global,us_10y_treasury,2.12,percent
2015-08-26,global,us_10y_treasury,2.18,percent
2015-08-27,global,us_10y_treasury,2.18,percent
2015-08-28,global,us_10y_treasury,2.19,percent
2015-08-31,global,us_10y_treasury,2.21,percent
2015-09-01,global,us_10y_treasury,2.17,percent
2015-09-02,global,us_10y_treasury,2.2,percent
2015-09-03,global,us_10y_treasury,2.18,percent
2015-09-04,global,us_10y_treasury,2.13,percent
2015-09-08,global,us_10y_treasury,2.2,percent
2015-09-09,global,us_10y_treasury,2.21,percent
2015-09-10,global,us_10y_treasury,2.23,percent
2015-09-11,global,us_10y_treasury,2.2,percent
2015-09-14,global,us_10y_treasury,2.18,percent
2015-09-15,global,us_10y_treasury,2.28,percent
2015-09-16,global,us_10y_treasury,2.3,percent
2015-09-17,global,us_10y_treasury,2.21,percent
2015-09-18,global,us_10y_treasury,2.13,percent
2015-09-21,global,us_10y_treasury,2.2,percent
2015-09-22,global,us_10y_treasury,2.14,percent
2015-09-23,global,us_10y_treasury,2.16,percent
2015-09-24,global,us_10y_treasury,2.13,percent
2015-09-25,global,us_10y_treasury,2.17,percent
2015-09-28,global,us_10y_treasury,2.1,percent
2015-09-29,global,us_10y_treasury,2.05,percent
2015-09-30,global,us_10y_treasury,2.06,percent
2015-10-01,global,us_10y_treasury,2.05,percent
2015-10-02,global,us_10y_treasury,1.99,percent
2015-10-05,global,us_10y_treasury,2.07,percent
2015-10-06,global,us_10y_treasury,2.05,percent
2015-10-07,global,us_10y_treasury,2.08,percent
2015-10-08,global,us_10y_treasury,2.12,percent
2015-10-09,global,us_10y_treasury,2.12,percent
2015-10-13,global,us_10y_treasury,2.06,percent
2015-10-14,global,us_10y_treasury,1.99,percent
2015-10-15,global,us_10y_treasury,2.04,percent
2015-10-16,global,us_10y_treasury,2.04,percent
2015-10-19,global,us_10y_treasury,2.04,percent
2015-10-20,global,us_10y_treasury,2.08,percent
2015-10-21,global,us_10y_treasury,2.04,percent
2015-10-22,global,us_10y_treasury,2.04,percent
2015-10-23,global,us_10y_treasury,2.09,percent
2015-10-26,global,us_10y_treasury,2.07,percent
2015-10-27,global,us_10y_treasury,2.05,percent
2015-10-28,global,us_10y_treasury,2.1,percent
2015-10-29,global,us_10y_treasury,2.19,percent
2015-10-30,global,us_10y_treasury,2.16,percent
2015-11-02,global,us_10y_treasury,2.2,percent
2015-11-03,global,us_10y_treasury,2.23,percent
2015-11-04,global,us_10y_treasury,2.25,percent
2015-11-05,global,us_10y_treasury,2.26,percent
2015-11-06,global,us_10y_treasury,2.34,percent
2015-11-09,global,us_10y_treasury,2.36,percent
2015-11-10,global,us_10y_treasury,2.32,percent
2015-11-12,global,us_10y_treasury,2.32,percent
2015-11-13,global,us_10y_treasury,2.28,percent
2015-11-16,global,us_10y_treasury,2.27,percent
2015-11-17,global,us_10y_treasury,2.25,percent
2015-11-18,global,us_10y_treasury,2.27,percent
2015-11-19,global,us_10y_treasury,2.24,percent
2015-11-20,global,us_10y_treasury,2.26,percent
2015-11-23,global,us_10y_treasury,2.25,percent
2015-11-24,global,us_10y_treasury,2.24,percent
2015-11-25,global,us_10y_treasury,2.23,percent
2015-11-27,global,us_10y_treasury,2.22,percent
2015-11-30,global,us_10y_treasury,2.21,percent
2015-12-01,global,us_10y_treasury,2.15,percent
2015-12-02,global,us_10y_treasury,2.18,percent
2015-12-03,global,us_10y_treasury,2.33,percent
2015-12-04,global,us_10y_treasury,2.28,percent
2015-12-07,global,us_10y_treasury,2.23,percent
2015-12-08,global,us_10y_treasury,2.24,percent
2015-12-09,global,us_10y_treasury,2.22,percent
2015-12-10,global,us_10y_treasury,2.24,percent
2015-12-11,global,us_10y_treasury,2.13,percent
2015-12-14,global,us_10y_treasury,2.23,percent
2015-12-15,global,us_10y_treasury,2.28,percent
2015-12-16,global,us_10y_treasury,2.3,percent
2015-12-17,global,us_10y_treasury,2.24,percent
2015-12-18,global,us_10y_treasury,2.19,percent
2015-12-21,global,us_10y_treasury,2.2,percent
2015-12-22,global,us_10y_treasury,2.24,percent
2015-12-23,global,us_10y_treasury,2.27,percent
2015-12-24,global,us_10y_treasury,2.25,percent
2015-12-28,global,us_10y_treasury,2.24,percent
2015-12-29,global,us_10y_treasury,2.32,percent
2015-12-30,global,us_10y_treasury,2.31,percent
2015-12-31,global,us_10y_treasury,2.27,percent
2016-01-04,global,us_10y_treasury,2.24,percent
2016-01-05,global,us_10y_treasury,2.25,percent
2016-01-06,global,us_10y_treasury,2.18,percent
2016-01-07,global,us_10y_treasury,2.16,percent
2016-01-08,global,us_10y_treasury,2.13,percent
2016-01-11,global,us_10y_treasury,2.17,percent
2016-01-12,global,us_10y_treasury,2.12,percent
2016-01-13,global,us_10y_treasury,2.08,percent
2016-01-14,global,us_10y_treasury,2.1,percent
2016-01-15,global,us_10y_treasury,2.03,percent
2016-01-19,global,us_10y_treasury,2.06,percent
2016-01-20,global,us_10y_treasury,2.01,percent
2016-01-21,global,us_10y_treasury,2.02,percent
2016-01-22,global,us_10y_treasury,2.07,percent
2016-01-25,global,us_10y_treasury,2.03,percent
2016-01-26,global,us_10y_treasury,2.01,percent
2016-01-27,global,us_10y_treasury,2.02,percent
2016-01-28,global,us_10y_treasury,2.0,percent
2016-01-29,global,us_10y_treasury,1.94,percent
2016-02-01,global,us_10y_treasury,1.97,percent
2016-02-02,global,us_10y_treasury,1.87,percent
2016-02-03,global,us_10y_treasury,1.88,percent
2016-02-04,global,us_10y_treasury,1.87,percent
2016-02-05,global,us_10y_treasury,1.86,percent
2016-02-08,global,us_10y_treasury,1.75,percent
2016-02-09,global,us_10y_treasury,1.74,percent
2016-02-10,global,us_10y_treasury,1.71,percent
2016-02-11,global,us_10y_treasury,1.63,percent
2016-02-12,global,us_10y_treasury,1.74,percent
2016-02-16,global,us_10y_treasury,1.78,percent
2016-02-17,global,us_10y_treasury,1.81,percent
2016-02-18,global,us_10y_treasury,1.75,percent
2016-02-19,global,us_10y_treasury,1.76,percent
2016-02-22,global,us_10y_treasury,1.77,percent
2016-02-23,global,us_10y_treasury,1.74,percent
2016-02-24,global,us_10y_treasury,1.75,percent
2016-02-25,global,us_10y_treasury,1.71,percent
2016-02-26,global,us_10y_treasury,1.76,percent
2016-02-29,global,us_10y_treasury,1.74,percent
2016-03-01,global,us_10y_treasury,1.83,percent
2016-03-02,global,us_10y_treasury,1.84,percent
2016-03-03,global,us_10y_treasury,1.83,percent
2016-03-04,global,us_10y_treasury,1.88,percent
2016-03-07,global,us_10y_treasury,1.91,percent
2016-03-08,global,us_10y_treasury,1.83,percent
2016-03-09,global,us_10y_treasury,1.9,percent
2016-03-10,global,us_10y_treasury,1.93,percent
2016-03-11,global,us_10y_treasury,1.98,percent
2016-03-14,global,us_10y_treasury,1.97,percent
2016-03-15,global,us_10y_treasury,1.97,percent
2016-03-16,global,us_10y_treasury,1.94,percent
2016-03-17,global,us_10y_treasury,1.91,percent
2016-03-18,global,us_10y_treasury,1.88,percent
2016-03-21,global,us_10y_treasury,1.92,percent
2016-03-22,global,us_10y_treasury,1.94,percent
2016-03-23,global,us_10y_treasury,1.88,percent
2016-03-24,global,us_10y_treasury,1.91,percent
2016-03-28,global,us_10y_treasury,1.89,percent
2016-03-29,global,us_10y_treasury,1.81,percent
2016-03-30,global,us_10y_treasury,1.83,percent
2016-03-31,global,us_10y_treasury,1.78,percent
2016-04-01,global,us_10y_treasury,1.79,percent
2016-04-04,global,us_10y_treasury,1.78,percent
2016-04-05,global,us_10y_treasury,1.73,percent
2016-04-06,global,us_10y_treasury,1.76,percent
2016-04-07,global,us_10y_treasury,1.7,percent
2016-04-08,global,us_10y_treasury,1.72,percent
2016-04-11,global,us_10y_treasury,1.73,percent
2016-04-12,global,us_10y_treasury,1.79,percent
2016-04-13,global,us_10y_treasury,1.77,percent
2016-04-14,global,us_10y_treasury,1.8,percent
2016-04-15,global,us_10y_treasury,1.76,percent
2016-04-18,global,us_10y_treasury,1.78,percent
2016-04-19,global,us_10y_treasury,1.79,percent
2016-04-20,global,us_10y_treasury,1.85,percent
2016-04-21,global,us_10y_treasury,1.88,percent
2016-04-22,global,us_10y_treasury,1.89,percent
2016-04-25,global,us_10y_treasury,1.91,percent
2016-04-26,global,us_10y_treasury,1.94,percent
2016-04-27,global,us_10y_treasury,1.87,percent
2016-04-28,global,us_10y_treasury,1.84,percent
2016-04-29,global,us_10y_treasury,1.83,percent
2016-05-02,global,us_10y_treasury,1.88,percent
2016-05-03,global,us_10y_treasury,1.81,percent
2016-05-04,global,us_10y_treasury,1.79,percent
2016-05-05,global,us_10y_treasury,1.76,percent
2016-05-06,global,us_10y_treasury,1.79,percent
2016-05-09,global,us_10y_treasury,1.77,percent
2016-05-10,global,us_10y_treasury,1.77,percent
2016-05-11,global,us_10y_treasury,1.73,percent
2016-05-12,global,us_10y_treasury,1.75,percent
2016-05-13,global,us_10y_treasury,1.71,percent
2016-05-16,global,us_10y_treasury,1.75,percent
2016-05-17,global,us_10y_treasury,1.76,percent
2016-05-18,global,us_10y_treasury,1.87,percent
2016-05-19,global,us_10y_treasury,1.85,percent
2016-05-20,global,us_10y_treasury,1.85,percent
2016-05-23,global,us_10y_treasury,1.84,percent
2016-05-24,global,us_10y_treasury,1.86,percent
2016-05-25,global,us_10y_treasury,1.87,percent
2016-05-26,global,us_10y_treasury,1.83,percent
2016-05-27,global,us_10y_treasury,1.85,percent
2016-05-31,global,us_10y_treasury,1.84,percent
2016-06-01,global,us_10y_treasury,1.85,percent
2016-06-02,global,us_10y_treasury,1.81,percent
2016-06-03,global,us_10y_treasury,1.71,percent
2016-06-06,global,us_10y_treasury,1.73,percent
2016-06-07,global,us_10y_treasury,1.72,percent
2016-06-08,global,us_10y_treasury,1.71,percent
2016-06-09,global,us_10y_treasury,1.68,percent
2016-06-10,global,us_10y_treasury,1.64,percent
2016-06-13,global,us_10y_treasury,1.62,percent
2016-06-14,global,us_10y_treasury,1.62,percent
2016-06-15,global,us_10y_treasury,1.6,percent
2016-06-16,global,us_10y_treasury,1.57,percent
2016-06-17,global,us_10y_treasury,1.62,percent
2016-06-20,global,us_10y_treasury,1.67,percent
2016-06-21,global,us_10y_treasury,1.71,percent
2016-06-22,global,us_10y_treasury,1.69,percent
2016-06-23,global,us_10y_treasury,1.74,percent
2016-06-24,global,us_10y_treasury,1.57,percent
2016-06-27,global,us_10y_treasury,1.46,percent
2016-06-28,global,us_10y_treasury,1.46,percent
2016-06-29,global,us_10y_treasury,1.5,percent
2016-06-30,global,us_10y_treasury,1.49,percent
2016-07-01,global,us_10y_treasury,1.46,percent
2016-07-05,global,us_10y_treasury,1.37,percent
2016-07-06,global,us_10y_treasury,1.38,percent
2016-07-07,global,us_10y_treasury,1.4,percent
2016-07-08,global,us_10y_treasury,1.37,percent
2016-07-11,global,us_10y_treasury,1.43,percent
2016-07-12,global,us_10y_treasury,1.53,percent
2016-07-13,global,us_10y_treasury,1.48,percent
2016-07-14,global,us_10y_treasury,1.53,percent
2016-07-15,global,us_10y_treasury,1.6,percent
2016-07-18,global,us_10y_treasury,1.59,percent
2016-07-19,global,us_10y_treasury,1.56,percent
2016-07-20,global,us_10y_treasury,1.59,percent
2016-07-21,global,us_10y_treasury,1.57,percent
2016-07-22,global,us_10y_treasury,1.57,percent
2016-07-25,global,us_10y_treasury,1.58,percent
2016-07-26,global,us_10y_treasury,1.57,percent
2016-07-27,global,us_10y_treasury,1.52,percent
2016-07-28,global,us_10y_treasury,1.52,percent
2016-07-29,global,us_10y_treasury,1.46,percent
2016-08-01,global,us_10y_treasury,1.51,percent
2016-08-02,global,us_10y_treasury,1.55,percent
2016-08-03,global,us_10y_treasury,1.55,percent
2016-08-04,global,us_10y_treasury,1.51,percent
2016-08-05,global,us_10y_treasury,1.59,percent
2016-08-08,global,us_10y_treasury,1.59,percent
2016-08-09,global,us_10y_treasury,1.55,percent
2016-08-10,global,us_10y_treasury,1.5,percent
2016-08-11,global,us_10y_treasury,1.57,percent
2016-08-12,global,us_10y_treasury,1.51,percent
2016-08-15,global,us_10y_treasury,1.55,percent
2016-08-16,global,us_10y_treasury,1.57,percent
2016-08-17,global,us_10y_treasury,1.56,percent
2016-08-18,global,us_10y_treasury,1.53,percent
2016-08-19,global,us_10y_treasury,1.58,percent
2016-08-22,global,us_10y_treasury,1.55,percent
2016-08-23,global,us_10y_treasury,1.55,percent
2016-08-24,global,us_10y_treasury,1.56,percent
2016-08-25,global,us_10y_treasury,1.58,percent
2016-08-26,global,us_10y_treasury,1.62,percent
2016-08-29,global,us_10y_treasury,1.57,percent
2016-08-30,global,us_10y_treasury,1.57,percent
2016-08-31,global,us_10y_treasury,1.58,percent
2016-09-01,global,us_10y_treasury,1.57,percent
2016-09-02,global,us_10y_treasury,1.6,percent
2016-09-06,global,us_10y_treasury,1.55,percent
2016-09-07,global,us_10y_treasury,1.54,percent
2016-09-08,global,us_10y_treasury,1.61,percent
2016-09-09,global,us_10y_treasury,1.67,percent
2016-09-12,global,us_10y_treasury,1.68,percent
2016-09-13,global,us_10y_treasury,1.73,percent
2016-09-14,global,us_10y_treasury,1.7,percent
2016-09-15,global,us_10y_treasury,1.71,percent
2016-09-16,global,us_10y_treasury,1.7,percent
2016-09-19,global,us_10y_treasury,1.7,percent
2016-09-20,global,us_10y_treasury,1.69,percent
2016-09-21,global,us_10y_treasury,1.66,percent
2016-09-22,global,us_10y_treasury,1.63,percent
2016-09-23,global,us_10y_treasury,1.62,percent
2016-09-26,global,us_10y_treasury,1.59,percent
2016-09-27,global,us_10y_treasury,1.56,percent
2016-09-28,global,us_10y_treasury,1.57,percent
2016-09-29,global,us_10y_treasury,1.56,percent
2016-09-30,global,us_10y_treasury,1.6,percent
2016-10-03,global,us_10y_treasury,1.63,percent
2016-10-04,global,us_10y_treasury,1.69,percent
2016-10-05,global,us_10y_treasury,1.72,percent
2016-10-06,global,us_10y_treasury,1.75,percent
2016-10-07,global,us_10y_treasury,1.73,percent
2016-10-11,global,us_10y_treasury,1.77,percent
2016-10-12,global,us_10y_treasury,1.79,percent
2016-10-13,global,us_10y_treasury,1.75,percent
2016-10-14,global,us_10y_treasury,1.8,percent
2016-10-17,global,us_10y_treasury,1.77,percent
2016-10-18,global,us_10y_treasury,1.75,percent
2016-10-19,global,us_10y_treasury,1.76,percent
2016-10-20,global,us_10y_treasury,1.76,percent
2016-10-21,global,us_10y_treasury,1.74,percent
2016-10-24,global,us_10y_treasury,1.77,percent
2016-10-25,global,us_10y_treasury,1.77,percent
2016-10-26,global,us_10y_treasury,1.79,percent
2016-10-27,global,us_10y_treasury,1.85,percent
2016-10-28,global,us_10y_treasury,1.86,percent
2016-10-31,global,us_10y_treasury,1.84,percent
2016-11-01,global,us_10y_treasury,1.83,percent
2016-11-02,global,us_10y_treasury,1.81,percent
2016-11-03,global,us_10y_treasury,1.82,percent
2016-11-04,global,us_10y_treasury,1.79,percent
2016-11-07,global,us_10y_treasury,1.83,percent
2016-11-08,global,us_10y_treasury,1.88,percent
2016-11-09,global,us_10y_treasury,2.07,percent
2016-11-10,global,us_10y_treasury,2.15,percent
2016-11-14,global,us_10y_treasury,2.23,percent
2016-11-15,global,us_10y_treasury,2.23,percent
2016-11-16,global,us_10y_treasury,2.22,percent
2016-11-17,global,us_10y_treasury,2.29,percent
2016-11-18,global,us_10y_treasury,2.34,percent
2016-11-21,global,us_10y_treasury,2.33,percent
2016-11-22,global,us_10y_treasury,2.31,percent
2016-11-23,global,us_10y_treasury,2.36,percent
2016-11-25,global,us_10y_treasury,2.36,percent
2016-11-28,global,us_10y_treasury,2.32,percent
2016-11-29,global,us_10y_treasury,2.3,percent
2016-11-30,global,us_10y_treasury,2.37,percent
2016-12-01,global,us_10y_treasury,2.45,percent
2016-12-02,global,us_10y_treasury,2.4,percent
2016-12-05,global,us_10y_treasury,2.39,percent
2016-12-06,global,us_10y_treasury,2.39,percent
2016-12-07,global,us_10y_treasury,2.34,percent
2016-12-08,global,us_10y_treasury,2.4,percent
2016-12-09,global,us_10y_treasury,2.47,percent
2016-12-12,global,us_10y_treasury,2.49,percent
2016-12-13,global,us_10y_treasury,2.48,percent
2016-12-14,global,us_10y_treasury,2.54,percent
2016-12-15,global,us_10y_treasury,2.6,percent
2016-12-16,global,us_10y_treasury,2.6,percent
2016-12-19,global,us_10y_treasury,2.54,percent
2016-12-20,global,us_10y_treasury,2.57,percent
2016-12-21,global,us_10y_treasury,2.55,percent
2016-12-22,global,us_10y_treasury,2.55,percent
2016-12-23,global,us_10y_treasury,2.55,percent
2016-12-27,global,us_10y_treasury,2.57,percent
2016-12-28,global,us_10y_treasury,2.51,percent
2016-12-29,global,us_10y_treasury,2.49,percent
2016-12-30,global,us_10y_treasury,2.45,percent
2017-01-03,global,us_10y_treasury,2.45,percent
2017-01-04,global,us_10y_treasury,2.46,percent
2017-01-05,global,us_10y_treasury,2.37,percent
2017-01-06,global,us_10y_treasury,2.42,percent
2017-01-09,global,us_10y_treasury,2.38,percent
2017-01-10,global,us_10y_treasury,2.38,percent
2017-01-11,global,us_10y_treasury,2.38,percent
2017-01-12,global,us_10y_treasury,2.36,percent
2017-01-13,global,us_10y_treasury,2.4,percent
2017-01-17,global,us_10y_treasury,2.33,percent
2017-01-18,global,us_10y_treasury,2.42,percent
2017-01-19,global,us_10y_treasury,2.47,percent
2017-01-20,global,us_10y_treasury,2.48,percent
2017-01-23,global,us_10y_treasury,2.41,percent
2017-01-24,global,us_10y_treasury,2.47,percent
2017-01-25,global,us_10y_treasury,2.53,percent
2017-01-26,global,us_10y_treasury,2.51,percent
2017-01-27,global,us_10y_treasury,2.49,percent
2017-01-30,global,us_10y_treasury,2.49,percent
2017-01-31,global,us_10y_treasury,2.45,percent
2017-02-01,global,us_10y_treasury,2.48,percent
2017-02-02,global,us_10y_treasury,2.48,percent
2017-02-03,global,us_10y_treasury,2.49,percent
2017-02-06,global,us_10y_treasury,2.42,percent
2017-02-07,global,us_10y_treasury,2.4,percent
2017-02-08,global,us_10y_treasury,2.34,percent
2017-02-09,global,us_10y_treasury,2.4,percent
2017-02-10,global,us_10y_treasury,2.41,percent
2017-02-13,global,us_10y_treasury,2.43,percent
2017-02-14,global,us_10y_treasury,2.47,percent
2017-02-15,global,us_10y_treasury,2.51,percent
2017-02-16,global,us_10y_treasury,2.45,percent
2017-02-17,global,us_10y_treasury,2.42,percent
2017-02-21,global,us_10y_treasury,2.43,percent
2017-02-22,global,us_10y_treasury,2.42,percent
2017-02-23,global,us_10y_treasury,2.38,percent
2017-02-24,global,us_10y_treasury,2.31,percent
2017-02-27,global,us_10y_treasury,2.36,percent
2017-02-28,global,us_10y_treasury,2.36,percent
2017-03-01,global,us_10y_treasury,2.46,percent
2017-03-02,global,us_10y_treasury,2.49,percent
2017-03-03,global,us_10y_treasury,2.49,percent
2017-03-06,global,us_10y_treasury,2.49,percent
2017-03-07,global,us_10y_treasury,2.52,percent
2017-03-08,global,us_10y_treasury,2.57,percent
2017-03-09,global,us_10y_treasury,2.6,percent
2017-03-10,global,us_10y_treasury,2.58,percent
2017-03-13,global,us_10y_treasury,2.62,percent
2017-03-14,global,us_10y_treasury,2.6,percent
2017-03-15,global,us_10y_treasury,2.51,percent
2017-03-16,global,us_10y_treasury,2.53,percent
2017-03-17,global,us_10y_treasury,2.5,percent
2017-03-20,global,us_10y_treasury,2.47,percent
2017-03-21,global,us_10y_treasury,2.43,percent
2017-03-22,global,us_10y_treasury,2.4,percent
2017-03-23,global,us_10y_treasury,2.41,percent
2017-03-24,global,us_10y_treasury,2.4,percent
2017-03-27,global,us_10y_treasury,2.38,percent
2017-03-28,global,us_10y_treasury,2.42,percent
2017-03-29,global,us_10y_treasury,2.39,percent
2017-03-30,global,us_10y_treasury,2.42,percent
2017-03-31,global,us_10y_treasury,2.4,percent
2017-04-03,global,us_10y_treasury,2.35,percent
2017-04-04,global,us_10y_treasury,2.36,percent
2017-04-05,global,us_10y_treasury,2.34,percent
2017-04-06,global,us_10y_treasury,2.34,percent
2017-04-07,global,us_10y_treasury,2.38,percent
2017-04-10,global,us_10y_treasury,2.37,percent
2017-04-11,global,us_10y_treasury,2.32,percent
2017-04-12,global,us_10y_treasury,2.28,percent
2017-04-13,global,us_10y_treasury,2.24,percent
2017-04-17,global,us_10y_treasury,2.26,percent
2017-04-18,global,us_10y_treasury,2.18,percent
2017-04-19,global,us_10y_treasury,2.21,percent
2017-04-20,global,us_10y_treasury,2.24,percent
2017-04-21,global,us_10y_treasury,2.24,percent
2017-04-24,global,us_10y_treasury,2.28,percent
2017-04-25,global,us_10y_treasury,2.35,percent
2017-04-26,global,us_10y_treasury,2.32,percent
2017-04-27,global,us_10y_treasury,2.3,percent
2017-04-28,global,us_10y_treasury,2.29,percent
2017-05-01,global,us_10y_treasury,2.33,percent
2017-05-02,global,us_10y_treasury,2.29,percent
2017-05-03,global,us_10y_treasury,2.33,percent
2017-05-04,global,us_10y_treasury,2.36,percent
2017-05-05,global,us_10y_treasury,2.36,percent
2017-05-08,global,us_10y_treasury,2.39,percent
2017-05-09,global,us_10y_treasury,2.42,percent
2017-05-10,global,us_10y_treasury,2.41,percent
2017-05-11,global,us_10y_treasury,2.39,percent
2017-05-12,global,us_10y_treasury,2.33,percent
2017-05-15,global,us_10y_treasury,2.34,percent
2017-05-16,global,us_10y_treasury,2.33,percent
2017-05-17,global,us_10y_treasury,2.22,percent
2017-05-18,global,us_10y_treasury,2.23,percent
2017-05-19,global,us_10y_treasury,2.23,percent
2017-05-22,global,us_10y_treasury,2.25,percent
2017-05-23,global,us_10y_treasury,2.29,percent
2017-05-24,global,us_10y_treasury,2.26,percent
2017-05-25,global,us_10y_treasury,2.25,percent
2017-05-26,global,us_10y_treasury,2.25,percent
2017-05-30,global,us_10y_treasury,2.21,percent
2017-05-31,global,us_10y_treasury,2.21,percent
2017-06-01,global,us_10y_treasury,2.21,percent
2017-06-02,global,us_10y_treasury,2.15,percent
2017-06-05,global,us_10y_treasury,2.18,percent
2017-06-06,global,us_10y_treasury,2.14,percent
2017-06-07,global,us_10y_treasury,2.18,percent
2017-06-08,global,us_10y_treasury,2.19,percent
2017-06-09,global,us_10y_treasury,2.21,percent
2017-06-12,global,us_10y_treasury,2.21,percent
2017-06-13,global,us_10y_treasury,2.21,percent
2017-06-14,global,us_10y_treasury,2.15,percent
2017-06-15,global,us_10y_treasury,2.16,percent
2017-06-16,global,us_10y_treasury,2.16,percent
2017-06-19,global,us_10y_treasury,2.19,percent
2017-06-20,global,us_10y_treasury,2.16,percent
2017-06-21,global,us_10y_treasury,2.16,percent
2017-06-22,global,us_10y_treasury,2.15,percent
2017-06-23,global,us_10y_treasury,2.15,percent
2017-06-26,global,us_10y_treasury,2.14,percent
2017-06-27,global,us_10y_treasury,2.21,percent
2017-06-28,global,us_10y_treasury,2.22,percent
2017-06-29,global,us_10y_treasury,2.27,percent
2017-06-30,global,us_10y_treasury,2.31,percent
2017-07-03,global,us_10y_treasury,2.35,percent
2017-07-05,global,us_10y_treasury,2.33,percent
2017-07-06,global,us_10y_treasury,2.37,percent
2017-07-07,global,us_10y_treasury,2.39,percent
2017-07-10,global,us_10y_treasury,2.38,percent
2017-07-11,global,us_10y_treasury,2.37,percent
2017-07-12,global,us_10y_treasury,2.33,percent
2017-07-13,global,us_10y_treasury,2.35,percent
2017-07-14,global,us_10y_treasury,2.33,percent
2017-07-17,global,us_10y_treasury,2.31,percent
2017-07-18,global,us_10y_treasury,2.27,percent
2017-07-19,global,us_10y_treasury,2.27,percent
2017-07-20,global,us_10y_treasury,2.27,percent
2017-07-21,global,us_10y_treasury,2.24,percent
2017-07-24,global,us_10y_treasury,2.26,percent
2017-07-25,global,us_10y_treasury,2.33,percent
2017-07-26,global,us_10y_treasury,2.29,percent
2017-07-27,global,us_10y_treasury,2.32,percent
2017-07-28,global,us_10y_treasury,2.3,percent
2017-07-31,global,us_10y_treasury,2.3,percent
2017-08-01,global,us_10y_treasury,2.26,percent
2017-08-02,global,us_10y_treasury,2.27,percent
2017-08-03,global,us_10y_treasury,2.24,percent
2017-08-04,global,us_10y_treasury,2.27,percent
2017-08-07,global,us_10y_treasury,2.26,percent
2017-08-08,global,us_10y_treasury,2.29,percent
2017-08-09,global,us_10y_treasury,2.24,percent
2017-08-10,global,us_10y_treasury,2.2,percent
2017-08-11,global,us_10y_treasury,2.19,percent
2017-08-14,global,us_10y_treasury,2.22,percent
2017-08-15,global,us_10y_treasury,2.27,percent
2017-08-16,global,us_10y_treasury,2.23,percent
2017-08-17,global,us_10y_treasury,2.19,percent
2017-08-18,global,us_10y_treasury,2.19,percent
2017-08-21,global,us_10y_treasury,2.18,percent
2017-08-22,global,us_10y_treasury,2.22,percent
2017-08-23,global,us_10y_treasury,2.17,percent
2017-08-24,global,us_10y_treasury,2.19,percent
2017-08-25,global,us_10y_treasury,2.17,percent
2017-08-28,global,us_10y_treasury,2.16,percent
2017-08-29,global,us_10y_treasury,2.13,percent
2017-08-30,global,us_10y_treasury,2.15,percent
2017-08-31,global,us_10y_treasury,2.12,percent
2017-09-01,global,us_10y_treasury,2.16,percent
2017-09-05,global,us_10y_treasury,2.07,percent
2017-09-06,global,us_10y_treasury,2.1,percent
2017-09-07,global,us_10y_treasury,2.05,percent
2017-09-08,global,us_10y_treasury,2.06,percent
2017-09-11,global,us_10y_treasury,2.14,percent
2017-09-12,global,us_10y_treasury,2.17,percent
2017-09-13,global,us_10y_treasury,2.2,percent
2017-09-14,global,us_10y_treasury,2.2,percent
2017-09-15,global,us_10y_treasury,2.2,percent
2017-09-18,global,us_10y_treasury,2.23,percent
2017-09-19,global,us_10y_treasury,2.24,percent
2017-09-20,global,us_10y_treasury,2.28,percent
2017-09-21,global,us_10y_treasury,2.27,percent
2017-09-22,global,us_10y_treasury,2.26,percent
2017-09-25,global,us_10y_treasury,2.22,percent
2017-09-26,global,us_10y_treasury,2.24,percent
2017-09-27,global,us_10y_treasury,2.31,percent
2017-09-28,global,us_10y_treasury,2.31,percent
2017-09-29,global,us_10y_treasury,2.33,percent
2017-10-02,global,us_10y_treasury,2.34,percent
2017-10-03,global,us_10y_treasury,2.33,percent
2017-10-04,global,us_10y_treasury,2.33,percent
2017-10-05,global,us_10y_treasury,2.35,percent
2017-10-06,global,us_10y_treasury,2.37,percent
2017-10-10,global,us_10y_treasury,2.35,percent
2017-10-11,global,us_10y_treasury,2.35,percent
2017-10-12,global,us_10y_treasury,2.33,percent
2017-10-13,global,us_10y_treasury,2.28,percent
2017-10-16,global,us_10y_treasury,2.3,percent
2017-10-17,global,us_10y_treasury,2.3,percent
2017-10-18,global,us_10y_treasury,2.34,percent
2017-10-19,global,us_10y_treasury,2.33,percent
2017-10-20,global,us_10y_treasury,2.39,percent
2017-10-23,global,us_10y_treasury,2.38,percent
2017-10-24,global,us_10y_treasury,2.42,percent
2017-10-25,global,us_10y_treasury,2.44,percent
2017-10-26,global,us_10y_treasury,2.46,percent
2017-10-27,global,us_10y_treasury,2.42,percent
2017-10-30,global,us_10y_treasury,2.37,percent
2017-10-31,global,us_10y_treasury,2.38,percent
2017-11-01,global,us_10y_treasury,2.37,percent
2017-11-02,global,us_10y_treasury,2.35,percent
2017-11-03,global,us_10y_treasury,2.34,percent
2017-11-06,global,us_10y_treasury,2.32,percent
2017-11-07,global,us_10y_treasury,2.32,percent
2017-11-08,global,us_10y_treasury,2.32,percent
2017-11-09,global,us_10y_treasury,2.33,percent
2017-11-10,global,us_10y_treasury,2.4,percent
2017-11-13,global,us_10y_treasury,2.4,percent
2017-11-14,global,us_10y_treasury,2.38,percent
2017-11-15,global,us_10y_treasury,2.33,percent
2017-11-16,global,us_10y_treasury,2.37,percent
2017-11-17,global,us_10y_treasury,2.35,percent
2017-11-20,global,us_10y_treasury,2.37,percent
2017-11-21,global,us_10y_treasury,2.36,percent
2017-11-22,global,us_10y_treasury,2.32,percent
2017-11-24,global,us_10y_treasury,2.34,percent
2017-11-27,global,us_10y_treasury,2.32,percent
2017-11-28,global,us_10y_treasury,2.34,percent
2017-11-29,global,us_10y_treasury,2.37,percent
2017-11-30,global,us_10y_treasury,2.42,percent
2017-12-01,global,us_10y_treasury,2.37,percent
2017-12-04,global,us_10y_treasury,2.37,percent
2017-12-05,global,us_10y_treasury,2.36,percent
2017-12-06,global,us_10y_treasury,2.33,percent
2017-12-07,global,us_10y_treasury,2.37,percent
2017-12-08,global,us_10y_treasury,2.38,percent
2017-12-11,global,us_10y_treasury,2.39,percent
2017-12-12,global,us_10y_treasury,2.4,percent
2017-12-13,global,us_10y_treasury,2.36,percent
2017-12-14,global,us_10y_treasury,2.35,percent
2017-12-15,global,us_10y_treasury,2.35,percent
2017-12-18,global,us_10y_treasury,2.39,percent
2017-12-19,global,us_10y_treasury,2.46,percent
2017-12-20,global,us_10y_treasury,2.49,percent
2017-12-21,global,us_10y_treasury,2.48,percent
2017-12-22,global,us_10y_treasury,2.48,percent
2017-12-26,global,us_10y_treasury,2.47,percent
2017-12-27,global,us_10y_treasury,2.42,percent
2017-12-28,global,us_10y_treasury,2.43,percent
2017-12-29,global,us_10y_treasury,2.4,percent
2018-01-02,global,us_10y_treasury,2.46,percent
2018-01-03,global,us_10y_treasury,2.44,percent
2018-01-04,global,us_10y_treasury,2.46,percent
2018-01-05,global,us_10y_treasury,2.47,percent
2018-01-08,global,us_10y_treasury,2.49,percent
2018-01-09,global,us_10y_treasury,2.55,percent
2018-01-10,global,us_10y_treasury,2.55,percent
2018-01-11,global,us_10y_treasury,2.54,percent
2018-01-12,global,us_10y_treasury,2.55,percent
2018-01-16,global,us_10y_treasury,2.54,percent
2018-01-17,global,us_10y_treasury,2.57,percent
2018-01-18,global,us_10y_treasury,2.62,percent
2018-01-19,global,us_10y_treasury,2.64,percent
2018-01-22,global,us_10y_treasury,2.66,percent
2018-01-23,global,us_10y_treasury,2.63,percent
2018-01-24,global,us_10y_treasury,2.65,percent
2018-01-25,global,us_10y_treasury,2.63,percent
2018-01-26,global,us_10y_treasury,2.66,percent
2018-01-29,global,us_10y_treasury,2.7,percent
2018-01-30,global,us_10y_treasury,2.73,percent
2018-01-31,global,us_10y_treasury,2.72,percent
2018-02-01,global,us_10y_treasury,2.78,percent
2018-02-02,global,us_10y_treasury,2.84,percent
2018-02-05,global,us_10y_treasury,2.77,percent
2018-02-06,global,us_10y_treasury,2.79,percent
2018-02-07,global,us_10y_treasury,2.84,percent
2018-02-08,global,us_10y_treasury,2.85,percent
2018-02-09,global,us_10y_treasury,2.83,percent
2018-02-12,global,us_10y_treasury,2.86,percent
2018-02-13,global,us_10y_treasury,2.83,percent
2018-02-14,global,us_10y_treasury,2.91,percent
2018-02-15,global,us_10y_treasury,2.9,percent
2018-02-16,global,us_10y_treasury,2.87,percent
2018-02-20,global,us_10y_treasury,2.88,percent
2018-02-21,global,us_10y_treasury,2.94,percent
2018-02-22,global,us_10y_treasury,2.92,percent
2018-02-23,global,us_10y_treasury,2.88,percent
2018-02-26,global,us_10y_treasury,2.86,percent
2018-02-27,global,us_10y_treasury,2.9,percent
2018-02-28,global,us_10y_treasury,2.87,percent
2018-03-01,global,us_10y_treasury,2.81,percent
2018-03-02,global,us_10y_treasury,2.86,percent
2018-03-05,global,us_10y_treasury,2.88,percent
2018-03-06,global,us_10y_treasury,2.88,percent
2018-03-07,global,us_10y_treasury,2.89,percent
2018-03-08,global,us_10y_treasury,2.86,percent
2018-03-09,global,us_10y_treasury,2.9,percent
2018-03-12,global,us_10y_treasury,2.87,percent
2018-03-13,global,us_10y_treasury,2.84,percent
2018-03-14,global,us_10y_treasury,2.81,percent
2018-03-15,global,us_10y_treasury,2.82,percent
2018-03-16,global,us_10y_treasury,2.85,percent
2018-03-19,global,us_10y_treasury,2.85,percent
2018-03-20,global,us_10y_treasury,2.89,percent
2018-03-21,global,us_10y_treasury,2.89,percent
2018-03-22,global,us_10y_treasury,2.83,percent
2018-03-23,global,us_10y_treasury,2.82,percent
2018-03-26,global,us_10y_treasury,2.85,percent
2018-03-27,global,us_10y_treasury,2.78,percent
2018-03-28,global,us_10y_treasury,2.77,percent
2018-03-29,global,us_10y_treasury,2.74,percent
2018-04-02,global,us_10y_treasury,2.73,percent
2018-04-03,global,us_10y_treasury,2.79,percent
2018-04-04,global,us_10y_treasury,2.79,percent
2018-04-05,global,us_10y_treasury,2.83,percent
2018-04-06,global,us_10y_treasury,2.77,percent
2018-04-09,global,us_10y_treasury,2.78,percent
2018-04-10,global,us_10y_treasury,2.8,percent
2018-04-11,global,us_10y_treasury,2.79,percent
2018-04-12,global,us_10y_treasury,2.83,percent
2018-04-13,global,us_10y_treasury,2.82,percent
2018-04-16,global,us_10y_treasury,2.83,percent
2018-04-17,global,us_10y_treasury,2.82,percent
2018-04-18,global,us_10y_treasury,2.87,percent
2018-04-19,global,us_10y_treasury,2.92,percent
2018-04-20,global,us_10y_treasury,2.96,percent
2018-04-23,global,us_10y_treasury,2.98,percent
2018-04-24,global,us_10y_treasury,3.0,percent
2018-04-25,global,us_10y_treasury,3.03,percent
2018-04-26,global,us_10y_treasury,3.0,percent
2018-04-27,global,us_10y_treasury,2.96,percent
2018-04-30,global,us_10y_treasury,2.95,percent
2018-05-01,global,us_10y_treasury,2.97,percent
2018-05-02,global,us_10y_treasury,2.97,percent
2018-05-03,global,us_10y_treasury,2.94,percent
2018-05-04,global,us_10y_treasury,2.95,percent
2018-05-07,global,us_10y_treasury,2.95,percent
2018-05-08,global,us_10y_treasury,2.97,percent
2018-05-09,global,us_10y_treasury,3.0,percent
2018-05-10,global,us_10y_treasury,2.97,percent
2018-05-11,global,us_10y_treasury,2.97,percent
2018-05-14,global,us_10y_treasury,3.0,percent
2018-05-15,global,us_10y_treasury,3.08,percent
2018-05-16,global,us_10y_treasury,3.09,percent
2018-05-17,global,us_10y_treasury,3.11,percent
2018-05-18,global,us_10y_treasury,3.06,percent
2018-05-21,global,us_10y_treasury,3.06,percent
2018-05-22,global,us_10y_treasury,3.06,percent
2018-05-23,global,us_10y_treasury,3.01,percent
2018-05-24,global,us_10y_treasury,2.98,percent
2018-05-25,global,us_10y_treasury,2.93,percent
2018-05-29,global,us_10y_treasury,2.77,percent
2018-05-30,global,us_10y_treasury,2.84,percent
2018-05-31,global,us_10y_treasury,2.83,percent
2018-06-01,global,us_10y_treasury,2.89,percent
2018-06-04,global,us_10y_treasury,2.94,percent
2018-06-05,global,us_10y_treasury,2.92,percent
2018-06-06,global,us_10y_treasury,2.97,percent
2018-06-07,global,us_10y_treasury,2.93,percent
2018-06-08,global,us_10y_treasury,2.93,percent
2018-06-11,global,us_10y_treasury,2.96,percent
2018-06-12,global,us_10y_treasury,2.96,percent
2018-06-13,global,us_10y_treasury,2.98,percent
2018-06-14,global,us_10y_treasury,2.94,percent
2018-06-15,global,us_10y_treasury,2.93,percent
2018-06-18,global,us_10y_treasury,2.92,percent
2018-06-19,global,us_10y_treasury,2.89,percent
2018-06-20,global,us_10y_treasury,2.93,percent
2018-06-21,global,us_10y_treasury,2.9,percent
2018-06-22,global,us_10y_treasury,2.9,percent
2018-06-25,global,us_10y_treasury,2.87,percent
2018-06-26,global,us_10y_treasury,2.88,percent
2018-06-27,global,us_10y_treasury,2.83,percent
2018-06-28,global,us_10y_treasury,2.84,percent
2018-06-29,global,us_10y_treasury,2.85,percent
2018-07-02,global,us_10y_treasury,2.87,percent
2018-07-03,global,us_10y_treasury,2.83,percent
2018-07-05,global,us_10y_treasury,2.84,percent
2018-07-06,global,us_10y_treasury,2.82,percent
2018-07-09,global,us_10y_treasury,2.86,percent
2018-07-10,global,us_10y_treasury,2.87,percent
2018-07-11,global,us_10y_treasury,2.85,percent
2018-07-12,global,us_10y_treasury,2.85,percent
2018-07-13,global,us_10y_treasury,2.83,percent
2018-07-16,global,us_10y_treasury,2.85,percent
2018-07-17,global,us_10y_treasury,2.86,percent
2018-07-18,global,us_10y_treasury,2.88,percent
2018-07-19,global,us_10y_treasury,2.84,percent
2018-07-20,global,us_10y_treasury,2.89,percent
2018-07-23,global,us_10y_treasury,2.96,percent
2018-07-24,global,us_10y_treasury,2.95,percent
2018-07-25,global,us_10y_treasury,2.94,percent
2018-07-26,global,us_10y_treasury,2.98,percent
2018-07-27,global,us_10y_treasury,2.96,percent
2018-07-30,global,us_10y_treasury,2.98,percent
2018-07-31,global,us_10y_treasury,2.96,percent
2018-08-01,global,us_10y_treasury,3.0,percent
2018-08-02,global,us_10y_treasury,2.98,percent
2018-08-03,global,us_10y_treasury,2.95,percent
2018-08-06,global,us_10y_treasury,2.94,percent
2018-08-07,global,us_10y_treasury,2.98,percent
2018-08-08,global,us_10y_treasury,2.96,percent
2018-08-09,global,us_10y_treasury,2.93,percent
2018-08-10,global,us_10y_treasury,2.87,percent
2018-08-13,global,us_10y_treasury,2.88,percent
2018-08-14,global,us_10y_treasury,2.89,percent
2018-08-15,global,us_10y_treasury,2.86,percent
2018-08-16,global,us_10y_treasury,2.87,percent
2018-08-17,global,us_10y_treasury,2.87,percent
2018-08-20,global,us_10y_treasury,2.82,percent
2018-08-21,global,us_10y_treasury,2.85,percent
2018-08-22,global,us_10y_treasury,2.82,percent
2018-08-23,global,us_10y_treasury,2.82,percent
2018-08-24,global,us_10y_treasury,2.82,percent
2018-08-27,global,us_10y_treasury,2.85,percent
2018-08-28,global,us_10y_treasury,2.88,percent
2018-08-29,global,us_10y_treasury,2.89,percent
2018-08-30,global,us_10y_treasury,2.86,percent
2018-08-31,global,us_10y_treasury,2.86,percent
2018-09-04,global,us_10y_treasury,2.9,percent
2018-09-05,global,us_10y_treasury,2.9,percent
2018-09-06,global,us_10y_treasury,2.88,percent
2018-09-07,global,us_10y_treasury,2.94,percent
2018-09-10,global,us_10y_treasury,2.94,percent
2018-09-11,global,us_10y_treasury,2.98,percent
2018-09-12,global,us_10y_treasury,2.97,percent
2018-09-13,global,us_10y_treasury,2.97,percent
2018-09-14,global,us_10y_treasury,2.99,percent
2018-09-17,global,us_10y_treasury,2.99,percent
2018-09-18,global,us_10y_treasury,3.05,percent
2018-09-19,global,us_10y_treasury,3.08,percent
2018-09-20,global,us_10y_treasury,3.07,percent
2018-09-21,global,us_10y_treasury,3.07,percent
2018-09-24,global,us_10y_treasury,3.08,percent
2018-09-25,global,us_10y_treasury,3.1,percent
2018-09-26,global,us_10y_treasury,3.06,percent
2018-09-27,global,us_10y_treasury,3.06,percent
2018-09-28,global,us_10y_treasury,3.05,percent
2018-10-01,global,us_10y_treasury,3.09,percent
2018-10-02,global,us_10y_treasury,3.05,percent
2018-10-03,global,us_10y_treasury,3.15,percent
2018-10-04,global,us_10y_treasury,3.19,percent
2018-10-05,global,us_10y_treasury,3.23,percent
2018-10-09,global,us_10y_treasury,3.21,percent
2018-10-10,global,us_10y_treasury,3.22,percent
2018-10-11,global,us_10y_treasury,3.14,percent
2018-10-12,global,us_10y_treasury,3.15,percent
2018-10-15,global,us_10y_treasury,3.16,percent
2018-10-16,global,us_10y_treasury,3.16,percent
2018-10-17,global,us_10y_treasury,3.19,percent
2018-10-18,global,us_10y_treasury,3.17,percent
2018-10-19,global,us_10y_treasury,3.2,percent
2018-10-22,global,us_10y_treasury,3.2,percent
2018-10-23,global,us_10y_treasury,3.17,percent
2018-10-24,global,us_10y_treasury,3.1,percent
2018-10-25,global,us_10y_treasury,3.14,percent
2018-10-26,global,us_10y_treasury,3.08,percent
2018-10-29,global,us_10y_treasury,3.08,percent
2018-10-30,global,us_10y_treasury,3.12,percent
2018-10-31,global,us_10y_treasury,3.15,percent
2018-11-01,global,us_10y_treasury,3.14,percent
2018-11-02,global,us_10y_treasury,3.22,percent
2018-11-05,global,us_10y_treasury,3.2,percent
2018-11-06,global,us_10y_treasury,3.22,percent
2018-11-07,global,us_10y_treasury,3.22,percent
2018-11-08,global,us_10y_treasury,3.24,percent
2018-11-09,global,us_10y_treasury,3.19,percent
2018-11-13,global,us_10y_treasury,3.14,percent
2018-11-14,global,us_10y_treasury,3.12,percent
2018-11-15,global,us_10y_treasury,3.11,percent
2018-11-16,global,us_10y_treasury,3.08,percent
2018-11-19,global,us_10y_treasury,3.06,percent
2018-11-20,global,us_10y_treasury,3.06,percent
2018-11-21,global,us_10y_treasury,3.06,percent
2018-11-23,global,us_10y_treasury,3.05,percent
2018-11-26,global,us_10y_treasury,3.07,percent
2018-11-27,global,us_10y_treasury,3.06,percent
2018-11-28,global,us_10y_treasury,3.06,percent
2018-11-29,global,us_10y_treasury,3.03,percent
2018-11-30,global,us_10y_treasury,3.01,percent
2018-12-03,global,us_10y_treasury,2.98,percent
2018-12-04,global,us_10y_treasury,2.91,percent
2018-12-06,global,us_10y_treasury,2.87,percent
2018-12-07,global,us_10y_treasury,2.85,percent
2018-12-10,global,us_10y_treasury,2.85,percent
2018-12-11,global,us_10y_treasury,2.89,percent
2018-12-12,global,us_10y_treasury,2.91,percent
2018-12-13,global,us_10y_treasury,2.91,percent
2018-12-14,global,us_10y_treasury,2.89,percent
2018-12-17,global,us_10y_treasury,2.86,percent
2018-12-18,global,us_10y_treasury,2.82,percent
2018-12-19,global,us_10y_treasury,2.77,percent
2018-12-20,global,us_10y_treasury,2.79,percent
2018-12-21,global,us_10y_treasury,2.79,percent
2018-12-24,global,us_10y_treasury,2.74,percent
2018-12-26,global,us_10y_treasury,2.81,percent
2018-12-27,global,us_10y_treasury,2.77,percent
2018-12-28,global,us_10y_treasury,2.72,percent
2018-12-31,global,us_10y_treasury,2.69,percent
2019-01-02,global,us_10y_treasury,2.66,percent
2019-01-03,global,us_10y_treasury,2.56,percent
2019-01-04,global,us_10y_treasury,2.67,percent
2019-01-07,global,us_10y_treasury,2.7,percent
2019-01-08,global,us_10y_treasury,2.73,percent
2019-01-09,global,us_10y_treasury,2.74,percent
2019-01-10,global,us_10y_treasury,2.74,percent
2019-01-11,global,us_10y_treasury,2.71,percent
2019-01-14,global,us_10y_treasury,2.71,percent
2019-01-15,global,us_10y_treasury,2.72,percent
2019-01-16,global,us_10y_treasury,2.73,percent
2019-01-17,global,us_10y_treasury,2.75,percent
2019-01-18,global,us_10y_treasury,2.79,percent
2019-01-22,global,us_10y_treasury,2.74,percent
2019-01-23,global,us_10y_treasury,2.76,percent
2019-01-24,global,us_10y_treasury,2.72,percent
2019-01-25,global,us_10y_treasury,2.76,percent
2019-01-28,global,us_10y_treasury,2.75,percent
2019-01-29,global,us_10y_treasury,2.72,percent
2019-01-30,global,us_10y_treasury,2.7,percent
2019-01-31,global,us_10y_treasury,2.63,percent
2019-02-01,global,us_10y_treasury,2.7,percent
2019-02-04,global,us_10y_treasury,2.73,percent
2019-02-05,global,us_10y_treasury,2.71,percent
2019-02-06,global,us_10y_treasury,2.7,percent
2019-02-07,global,us_10y_treasury,2.65,percent
2019-02-08,global,us_10y_treasury,2.63,percent
2019-02-11,global,us_10y_treasury,2.65,percent
2019-02-12,global,us_10y_treasury,2.68,percent
2019-02-13,global,us_10y_treasury,2.71,percent
2019-02-14,global,us_10y_treasury,2.66,percent
2019-02-15,global,us_10y_treasury,2.66,percent
2019-02-19,global,us_10y_treasury,2.65,percent
2019-02-20,global,us_10y_treasury,2.65,percent
2019-02-21,global,us_10y_treasury,2.69,percent
2019-02-22,global,us_10y_treasury,2.65,percent
2019-02-25,global,us_10y_treasury,2.67,percent
2019-02-26,global,us_10y_treasury,2.64,percent
2019-02-27,global,us_10y_treasury,2.69,percent
2019-02-28,global,us_10y_treasury,2.73,percent
2019-03-01,global,us_10y_treasury,2.76,percent
2019-03-04,global,us_10y_treasury,2.72,percent
2019-03-05,global,us_10y_treasury,2.72,percent
2019-03-06,global,us_10y_treasury,2.69,percent
2019-03-07,global,us_10y_treasury,2.64,percent
2019-03-08,global,us_10y_treasury,2.62,percent
2019-03-11,global,us_10y_treasury,2.64,percent
2019-03-12,global,us_10y_treasury,2.61,percent
2019-03-13,global,us_10y_treasury,2.61,percent
2019-03-14,global,us_10y_treasury,2.63,percent
2019-03-15,global,us_10y_treasury,2.59,percent
2019-03-18,global,us_10y_treasury,2.6,percent
2019-03-19,global,us_10y_treasury,2.61,percent
2019-03-20,global,us_10y_treasury,2.54,percent
2019-03-21,global,us_10y_treasury,2.54,percent
2019-03-22,global,us_10y_treasury,2.44,percent
2019-03-25,global,us_10y_treasury,2.43,percent
2019-03-26,global,us_10y_treasury,2.41,percent
2019-03-27,global,us_10y_treasury,2.39,percent
2019-03-28,global,us_10y_treasury,2.39,percent
2019-03-29,global,us_10y_treasury,2.41,percent
2019-04-01,global,us_10y_treasury,2.49,percent
2019-04-02,global,us_10y_treasury,2.48,percent
2019-04-03,global,us_10y_treasury,2.52,percent
2019-04-04,global,us_10y_treasury,2.51,percent
2019-04-05,global,us_10y_treasury,2.5,percent
2019-04-08,global,us_10y_treasury,2.52,percent
2019-04-09,global,us_10y_treasury,2.51,percent
2019-04-10,global,us_10y_treasury,2.48,percent
2019-04-11,global,us_10y_treasury,2.51,percent
2019-04-12,global,us_10y_treasury,2.56,percent
2019-04-15,global,us_10y_treasury,2.55,percent
2019-04-16,global,us_10y_treasury,2.6,percent
2019-04-17,global,us_10y_treasury,2.59,percent
2019-04-18,global,us_10y_treasury,2.57,percent
2019-04-22,global,us_10y_treasury,2.59,percent
2019-04-23,global,us_10y_treasury,2.57,percent
2019-04-24,global,us_10y_treasury,2.53,percent
2019-04-25,global,us_10y_treasury,2.54,percent
2019-04-26,global,us_10y_treasury,2.51,percent
2019-04-29,global,us_10y_treasury,2.54,percent
2019-04-30,global,us_10y_treasury,2.51,percent
2019-05-01,global,us_10y_treasury,2.52,percent
2019-05-02,global,us_10y_treasury,2.55,percent
2019-05-03,global,us_10y_treasury,2.54,percent
2019-05-06,global,us_10y_treasury,2.51,percent
2019-05-07,global,us_10y_treasury,2.45,percent
2019-05-08,global,us_10y_treasury,2.49,percent
2019-05-09,global,us_10y_treasury,2.45,percent
2019-05-10,global,us_10y_treasury,2.47,percent
2019-05-13,global,us_10y_treasury,2.4,percent
2019-05-14,global,us_10y_treasury,2.42,percent
2019-05-15,global,us_10y_treasury,2.37,percent
2019-05-16,global,us_10y_treasury,2.4,percent
2019-05-17,global,us_10y_treasury,2.39,percent
2019-05-20,global,us_10y_treasury,2.41,percent
2019-05-21,global,us_10y_treasury,2.43,percent
2019-05-22,global,us_10y_treasury,2.39,percent
2019-05-23,global,us_10y_treasury,2.31,percent
2019-05-24,global,us_10y_treasury,2.32,percent
2019-05-28,global,us_10y_treasury,2.26,percent
2019-05-29,global,us_10y_treasury,2.25,percent
2019-05-30,global,us_10y_treasury,2.22,percent
2019-05-31,global,us_10y_treasury,2.14,percent
2019-06-03,global,us_10y_treasury,2.07,percent
2019-06-04,global,us_10y_treasury,2.12,percent
2019-06-05,global,us_10y_treasury,2.12,percent
2019-06-06,global,us_10y_treasury,2.12,percent
2019-06-07,global,us_10y_treasury,2.09,percent
2019-06-10,global,us_10y_treasury,2.15,percent
2019-06-11,global,us_10y_treasury,2.15,percent
2019-06-12,global,us_10y_treasury,2.13,percent
2019-06-13,global,us_10y_treasury,2.1,percent
2019-06-14,global,us_10y_treasury,2.09,percent
2019-06-17,global,us_10y_treasury,2.09,percent
2019-06-18,global,us_10y_treasury,2.06,percent
2019-06-19,global,us_10y_treasury,2.03,percent
2019-06-20,global,us_10y_treasury,2.01,percent
2019-06-21,global,us_10y_treasury,2.07,percent
2019-06-24,global,us_10y_treasury,2.02,percent
2019-06-25,global,us_10y_treasury,2.0,percent
2019-06-26,global,us_10y_treasury,2.05,percent
2019-06-27,global,us_10y_treasury,2.01,percent
2019-06-28,global,us_10y_treasury,2.0,percent
2019-07-01,global,us_10y_treasury,2.03,percent
2019-07-02,global,us_10y_treasury,1.98,percent
2019-07-03,global,us_10y_treasury,1.96,percent
2019-07-05,global,us_10y_treasury,2.04,percent
2019-07-08,global,us_10y_treasury,2.05,percent
2019-07-09,global,us_10y_treasury,2.07,percent
2019-07-10,global,us_10y_treasury,2.07,percent
2019-07-11,global,us_10y_treasury,2.13,percent
2019-07-12,global,us_10y_treasury,2.12,percent
2019-07-15,global,us_10y_treasury,2.09,percent
2019-07-16,global,us_10y_treasury,2.13,percent
2019-07-17,global,us_10y_treasury,2.06,percent
2019-07-18,global,us_10y_treasury,2.04,percent
2019-07-19,global,us_10y_treasury,2.05,percent
2019-07-22,global,us_10y_treasury,2.05,percent
2019-07-23,global,us_10y_treasury,2.08,percent
2019-07-24,global,us_10y_treasury,2.05,percent
2019-07-25,global,us_10y_treasury,2.08,percent
2019-07-26,global,us_10y_treasury,2.08,percent
2019-07-29,global,us_10y_treasury,2.06,percent
2019-07-30,global,us_10y_treasury,2.06,percent
2019-07-31,global,us_10y_treasury,2.02,percent
2019-08-01,global,us_10y_treasury,1.9,percent
2019-08-02,global,us_10y_treasury,1.86,percent
2019-08-05,global,us_10y_treasury,1.75,percent
2019-08-06,global,us_10y_treasury,1.73,percent
2019-08-07,global,us_10y_treasury,1.71,percent
2019-08-08,global,us_10y_treasury,1.72,percent
2019-08-09,global,us_10y_treasury,1.74,percent
2019-08-12,global,us_10y_treasury,1.65,percent
2019-08-13,global,us_10y_treasury,1.68,percent
2019-08-14,global,us_10y_treasury,1.59,percent
2019-08-15,global,us_10y_treasury,1.52,percent
2019-08-16,global,us_10y_treasury,1.55,percent
2019-08-19,global,us_10y_treasury,1.6,percent
2019-08-20,global,us_10y_treasury,1.55,percent
2019-08-21,global,us_10y_treasury,1.59,percent
2019-08-22,global,us_10y_treasury,1.62,percent
2019-08-23,global,us_10y_treasury,1.52,percent
2019-08-26,global,us_10y_treasury,1.54,percent
2019-08-27,global,us_10y_treasury,1.49,percent
2019-08-28,global,us_10y_treasury,1.47,percent
2019-08-29,global,us_10y_treasury,1.5,percent
2019-08-30,global,us_10y_treasury,1.5,percent
2019-09-03,global,us_10y_treasury,1.47,percent
2019-09-04,global,us_10y_treasury,1.47,percent
2019-09-05,global,us_10y_treasury,1.57,percent
2019-09-06,global,us_10y_treasury,1.55,percent
2019-09-09,global,us_10y_treasury,1.63,percent
2019-09-10,global,us_10y_treasury,1.72,percent
2019-09-11,global,us_10y_treasury,1.75,percent
2019-09-12,global,us_10y_treasury,1.79,percent
2019-09-13,global,us_10y_treasury,1.9,percent
2019-09-16,global,us_10y_treasury,1.84,percent
2019-09-17,global,us_10y_treasury,1.81,percent
2019-09-18,global,us_10y_treasury,1.8,percent
2019-09-19,global,us_10y_treasury,1.79,percent
2019-09-20,global,us_10y_treasury,1.74,percent
2019-09-23,global,us_10y_treasury,1.72,percent
2019-09-24,global,us_10y_treasury,1.64,percent
2019-09-25,global,us_10y_treasury,1.73,percent
2019-09-26,global,us_10y_treasury,1.7,percent
2019-09-27,global,us_10y_treasury,1.69,percent
2019-09-30,global,us_10y_treasury,1.68,percent
2019-10-01,global,us_10y_treasury,1.65,percent
2019-10-02,global,us_10y_treasury,1.6,percent
2019-10-03,global,us_10y_treasury,1.54,percent
2019-10-04,global,us_10y_treasury,1.52,percent
2019-10-07,global,us_10y_treasury,1.56,percent
2019-10-08,global,us_10y_treasury,1.54,percent
2019-10-09,global,us_10y_treasury,1.59,percent
2019-10-10,global,us_10y_treasury,1.67,percent
2019-10-11,global,us_10y_treasury,1.76,percent
2019-10-15,global,us_10y_treasury,1.77,percent
2019-10-16,global,us_10y_treasury,1.75,percent
2019-10-17,global,us_10y_treasury,1.76,percent
2019-10-18,global,us_10y_treasury,1.76,percent
2019-10-21,global,us_10y_treasury,1.8,percent
2019-10-22,global,us_10y_treasury,1.78,percent
2019-10-23,global,us_10y_treasury,1.77,percent
2019-10-24,global,us_10y_treasury,1.77,percent
2019-10-25,global,us_10y_treasury,1.8,percent
2019-10-28,global,us_10y_treasury,1.85,percent
2019-10-29,global,us_10y_treasury,1.84,percent
2019-10-30,global,us_10y_treasury,1.78,percent
2019-10-31,global,us_10y_treasury,1.69,percent
2019-11-01,global,us_10y_treasury,1.73,percent
2019-11-04,global,us_10y_treasury,1.79,percent
2019-11-05,global,us_10y_treasury,1.86,percent
2019-11-06,global,us_10y_treasury,1.81,percent
2019-11-07,global,us_10y_treasury,1.92,percent
2019-11-08,global,us_10y_treasury,1.94,percent
2019-11-12,global,us_10y_treasury,1.92,percent
2019-11-13,global,us_10y_treasury,1.88,percent
2019-11-14,global,us_10y_treasury,1.82,percent
2019-11-15,global,us_10y_treasury,1.84,percent
2019-11-18,global,us_10y_treasury,1.81,percent
2019-11-19,global,us_10y_treasury,1.79,percent
2019-11-20,global,us_10y_treasury,1.73,percent
2019-11-21,global,us_10y_treasury,1.77,percent
2019-11-22,global,us_10y_treasury,1.77,percent
2019-11-25,global,us_10y_treasury,1.76,percent
2019-11-26,global,us_10y_treasury,1.74,percent
2019-11-27,global,us_10y_treasury,1.77,percent
2019-11-29,global,us_10y_treasury,1.78,percent
2019-12-02,global,us_10y_treasury,1.83,percent
2019-12-03,global,us_10y_treasury,1.72,percent
2019-12-04,global,us_10y_treasury,1.77,percent
2019-12-05,global,us_10y_treasury,1.8,percent
2019-12-06,global,us_10y_treasury,1.84,percent
2019-12-09,global,us_10y_treasury,1.83,percent
2019-12-10,global,us_10y_treasury,1.85,percent
2019-12-11,global,us_10y_treasury,1.79,percent
2019-12-12,global,us_10y_treasury,1.9,percent
2019-12-13,global,us_10y_treasury,1.82,percent
2019-12-16,global,us_10y_treasury,1.89,percent
2019-12-17,global,us_10y_treasury,1.89,percent
2019-12-18,global,us_10y_treasury,1.92,percent
2019-12-19,global,us_10y_treasury,1.92,percent
2019-12-20,global,us_10y_treasury,1.92,percent
2019-12-23,global,us_10y_treasury,1.93,percent
2019-12-24,global,us_10y_treasury,1.9,percent
2019-12-26,global,us_10y_treasury,1.9,percent
2019-12-27,global,us_10y_treasury,1.88,percent
2019-12-30,global,us_10y_treasury,1.9,percent
2019-12-31,global,us_10y_treasury,1.92,percent
2020-01-02,global,us_10y_treasury,1.88,percent
2020-01-03,global,us_10y_treasury,1.8,percent
2020-01-06,global,us_10y_treasury,1.81,percent
2020-01-07,global,us_10y_treasury,1.83,percent
2020-01-08,global,us_10y_treasury,1.87,percent
2020-01-09,global,us_10y_treasury,1.85,percent
2020-01-10,global,us_10y_treasury,1.83,percent
2020-01-13,global,us_10y_treasury,1.85,percent
2020-01-14,global,us_10y_treasury,1.82,percent
2020-01-15,global,us_10y_treasury,1.79,percent
2020-01-16,global,us_10y_treasury,1.81,percent
2020-01-17,global,us_10y_treasury,1.84,percent
2020-01-21,global,us_10y_treasury,1.78,percent
2020-01-22,global,us_10y_treasury,1.77,percent
2020-01-23,global,us_10y_treasury,1.74,percent
2020-01-24,global,us_10y_treasury,1.7,percent
2020-01-27,global,us_10y_treasury,1.61,percent
2020-01-28,global,us_10y_treasury,1.65,percent
2020-01-29,global,us_10y_treasury,1.6,percent
2020-01-30,global,us_10y_treasury,1.57,percent
2020-01-31,global,us_10y_treasury,1.51,percent
2020-02-03,global,us_10y_treasury,1.54,percent
2020-02-04,global,us_10y_treasury,1.61,percent
2020-02-05,global,us_10y_treasury,1.66,percent
2020-02-06,global,us_10y_treasury,1.65,percent
2020-02-07,global,us_10y_treasury,1.59,percent
2020-02-10,global,us_10y_treasury,1.56,percent
2020-02-11,global,us_10y_treasury,1.59,percent
2020-02-12,global,us_10y_treasury,1.62,percent
2020-02-13,global,us_10y_treasury,1.61,percent
2020-02-14,global,us_10y_treasury,1.59,percent
2020-02-18,global,us_10y_treasury,1.55,percent
2020-02-19,global,us_10y_treasury,1.56,percent
2020-02-20,global,us_10y_treasury,1.52,percent
2020-02-21,global,us_10y_treasury,1.46,percent
2020-02-24,global,us_10y_treasury,1.38,percent
2020-02-25,global,us_10y_treasury,1.33,percent
2020-02-26,global,us_10y_treasury,1.33,percent
2020-02-27,global,us_10y_treasury,1.3,percent
2020-02-28,global,us_10y_treasury,1.13,percent
2020-03-02,global,us_10y_treasury,1.1,percent
2020-03-03,global,us_10y_treasury,1.02,percent
2020-03-04,global,us_10y_treasury,1.02,percent
2020-03-05,global,us_10y_treasury,0.92,percent
2020-03-06,global,us_10y_treasury,0.74,percent
2020-03-09,global,us_10y_treasury,0.54,percent
2020-03-10,global,us_10y_treasury,0.76,percent
2020-03-11,global,us_10y_treasury,0.82,percent
2020-03-12,global,us_10y_treasury,0.88,percent
2020-03-13,global,us_10y_treasury,0.94,percent
2020-03-16,global,us_10y_treasury,0.73,percent
2020-03-17,global,us_10y_treasury,1.02,percent
2020-03-18,global,us_10y_treasury,1.18,percent
2020-03-19,global,us_10y_treasury,1.12,percent
2020-03-20,global,us_10y_treasury,0.92,percent
2020-03-23,global,us_10y_treasury,0.76,percent
2020-03-24,global,us_10y_treasury,0.84,percent
2020-03-25,global,us_10y_treasury,0.88,percent
2020-03-26,global,us_10y_treasury,0.83,percent
2020-03-27,global,us_10y_treasury,0.72,percent
2020-03-30,global,us_10y_treasury,0.7,percent
2020-03-31,global,us_10y_treasury,0.7,percent
2020-04-01,global,us_10y_treasury,0.62,percent
2020-04-02,global,us_10y_treasury,0.63,percent
2020-04-03,global,us_10y_treasury,0.62,percent
2020-04-06,global,us_10y_treasury,0.67,percent
2020-04-07,global,us_10y_treasury,0.75,percent
2020-04-08,global,us_10y_treasury,0.77,percent
2020-04-09,global,us_10y_treasury,0.73,percent
2020-04-13,global,us_10y_treasury,0.76,percent
2020-04-14,global,us_10y_treasury,0.76,percent
2020-04-15,global,us_10y_treasury,0.63,percent
2020-04-16,global,us_10y_treasury,0.61,percent
2020-04-17,global,us_10y_treasury,0.65,percent
2020-04-20,global,us_10y_treasury,0.63,percent
2020-04-21,global,us_10y_treasury,0.58,percent
2020-04-22,global,us_10y_treasury,0.63,percent
2020-04-23,global,us_10y_treasury,0.61,percent
2020-04-24,global,us_10y_treasury,0.6,percent
2020-04-27,global,us_10y_treasury,0.67,percent
2020-04-28,global,us_10y_treasury,0.62,percent
2020-04-29,global,us_10y_treasury,0.63,percent
2020-04-30,global,us_10y_treasury,0.64,percent
2020-05-01,global,us_10y_treasury,0.64,percent
2020-05-04,global,us_10y_treasury,0.64,percent
2020-05-05,global,us_10y_treasury,0.66,percent
2020-05-06,global,us_10y_treasury,0.72,percent
2020-05-07,global,us_10y_treasury,0.63,percent
2020-05-08,global,us_10y_treasury,0.69,percent
2020-05-11,global,us_10y_treasury,0.73,percent
2020-05-12,global,us_10y_treasury,0.69,percent
2020-05-13,global,us_10y_treasury,0.64,percent
2020-05-14,global,us_10y_treasury,0.63,percent
2020-05-15,global,us_10y_treasury,0.64,percent
2020-05-18,global,us_10y_treasury,0.73,percent
2020-05-19,global,us_10y_treasury,0.7,percent
2020-05-20,global,us_10y_treasury,0.68,percent
2020-05-21,global,us_10y_treasury,0.68,percent
2020-05-22,global,us_10y_treasury,0.66,percent
2020-05-26,global,us_10y_treasury,0.69,percent
2020-05-27,global,us_10y_treasury,0.68,percent
2020-05-28,global,us_10y_treasury,0.7,percent
2020-05-29,global,us_10y_treasury,0.65,percent
2020-06-01,global,us_10y_treasury,0.66,percent
2020-06-02,global,us_10y_treasury,0.68,percent
2020-06-03,global,us_10y_treasury,0.77,percent
2020-06-04,global,us_10y_treasury,0.82,percent
2020-06-05,global,us_10y_treasury,0.91,percent
2020-06-08,global,us_10y_treasury,0.88,percent
2020-06-09,global,us_10y_treasury,0.84,percent
2020-06-10,global,us_10y_treasury,0.75,percent
2020-06-11,global,us_10y_treasury,0.66,percent
2020-06-12,global,us_10y_treasury,0.71,percent
2020-06-15,global,us_10y_treasury,0.71,percent
2020-06-16,global,us_10y_treasury,0.75,percent
2020-06-17,global,us_10y_treasury,0.74,percent
2020-06-18,global,us_10y_treasury,0.71,percent
2020-06-19,global,us_10y_treasury,0.7,percent
2020-06-22,global,us_10y_treasury,0.71,percent
2020-06-23,global,us_10y_treasury,0.72,percent
2020-06-24,global,us_10y_treasury,0.69,percent
2020-06-25,global,us_10y_treasury,0.68,percent
2020-06-26,global,us_10y_treasury,0.64,percent
2020-06-29,global,us_10y_treasury,0.64,percent
2020-06-30,global,us_10y_treasury,0.66,percent
2020-07-01,global,us_10y_treasury,0.69,percent
2020-07-02,global,us_10y_treasury,0.68,percent
2020-07-06,global,us_10y_treasury,0.69,percent
2020-07-07,global,us_10y_treasury,0.65,percent
2020-07-08,global,us_10y_treasury,0.67,percent
2020-07-09,global,us_10y_treasury,0.62,percent
2020-07-10,global,us_10y_treasury,0.65,percent
2020-07-13,global,us_10y_treasury,0.64,percent
2020-07-14,global,us_10y_treasury,0.63,percent
2020-07-15,global,us_10y_treasury,0.64,percent
2020-07-16,global,us_10y_treasury,0.62,percent
2020-07-17,global,us_10y_treasury,0.64,percent
2020-07-20,global,us_10y_treasury,0.62,percent
2020-07-21,global,us_10y_treasury,0.61,percent
2020-07-22,global,us_10y_treasury,0.6,percent
2020-07-23,global,us_10y_treasury,0.59,percent
2020-07-24,global,us_10y_treasury,0.59,percent
2020-07-27,global,us_10y_treasury,0.62,percent
2020-07-28,global,us_10y_treasury,0.59,percent
2020-07-29,global,us_10y_treasury,0.58,percent
2020-07-30,global,us_10y_treasury,0.55,percent
2020-07-31,global,us_10y_treasury,0.55,percent
2020-08-03,global,us_10y_treasury,0.56,percent
2020-08-04,global,us_10y_treasury,0.52,percent
2020-08-05,global,us_10y_treasury,0.55,percent
2020-08-06,global,us_10y_treasury,0.55,percent
2020-08-07,global,us_10y_treasury,0.57,percent
2020-08-10,global,us_10y_treasury,0.59,percent
2020-08-11,global,us_10y_treasury,0.64,percent
2020-08-12,global,us_10y_treasury,0.69,percent
2020-08-13,global,us_10y_treasury,0.71,percent
2020-08-14,global,us_10y_treasury,0.71,percent
2020-08-17,global,us_10y_treasury,0.69,percent
2020-08-18,global,us_10y_treasury,0.67,percent
2020-08-19,global,us_10y_treasury,0.68,percent
2020-08-20,global,us_10y_treasury,0.65,percent
2020-08-21,global,us_10y_treasury,0.64,percent
2020-08-24,global,us_10y_treasury,0.65,percent
2020-08-25,global,us_10y_treasury,0.69,percent
2020-08-26,global,us_10y_treasury,0.69,percent
2020-08-27,global,us_10y_treasury,0.74,percent
2020-08-28,global,us_10y_treasury,0.74,percent
2020-08-31,global,us_10y_treasury,0.72,percent
2020-09-01,global,us_10y_treasury,0.68,percent
2020-09-02,global,us_10y_treasury,0.66,percent
2020-09-03,global,us_10y_treasury,0.63,percent
2020-09-04,global,us_10y_treasury,0.72,percent
2020-09-08,global,us_10y_treasury,0.69,percent
2020-09-09,global,us_10y_treasury,0.71,percent
2020-09-10,global,us_10y_treasury,0.68,percent
2020-09-11,global,us_10y_treasury,0.67,percent
2020-09-14,global,us_10y_treasury,0.68,percent
2020-09-15,global,us_10y_treasury,0.68,percent
2020-09-16,global,us_10y_treasury,0.69,percent
2020-09-17,global,us_10y_treasury,0.69,percent
2020-09-18,global,us_10y_treasury,0.7,percent
2020-09-21,global,us_10y_treasury,0.68,percent
2020-09-22,global,us_10y_treasury,0.68,percent
2020-09-23,global,us_10y_treasury,0.68,percent
2020-09-24,global,us_10y_treasury,0.67,percent
2020-09-25,global,us_10y_treasury,0.66,percent
2020-09-28,global,us_10y_treasury,0.67,percent
2020-09-29,global,us_10y_treasury,0.66,percent
2020-09-30,global,us_10y_treasury,0.69,percent
2020-10-01,global,us_10y_treasury,0.68,percent
2020-10-02,global,us_10y_treasury,0.7,percent
2020-10-05,global,us_10y_treasury,0.78,percent
2020-10-06,global,us_10y_treasury,0.76,percent
2020-10-07,global,us_10y_treasury,0.81,percent
2020-10-08,global,us_10y_treasury,0.78,percent
2020-10-09,global,us_10y_treasury,0.79,percent
2020-10-13,global,us_10y_treasury,0.74,percent
2020-10-14,global,us_10y_treasury,0.73,percent
2020-10-15,global,us_10y_treasury,0.74,percent
2020-10-16,global,us_10y_treasury,0.76,percent
2020-10-19,global,us_10y_treasury,0.78,percent
2020-10-20,global,us_10y_treasury,0.81,percent
2020-10-21,global,us_10y_treasury,0.83,percent
2020-10-22,global,us_10y_treasury,0.87,percent
2020-10-23,global,us_10y_treasury,0.85,percent
2020-10-26,global,us_10y_treasury,0.81,percent
2020-10-27,global,us_10y_treasury,0.79,percent
2020-10-28,global,us_10y_treasury,0.79,percent
2020-10-29,global,us_10y_treasury,0.85,percent
2020-10-30,global,us_10y_treasury,0.88,percent
2020-11-02,global,us_10y_treasury,0.87,percent
2020-11-03,global,us_10y_treasury,0.9,percent
2020-11-04,global,us_10y_treasury,0.78,percent
2020-11-05,global,us_10y_treasury,0.79,percent
2020-11-06,global,us_10y_treasury,0.83,percent
2020-11-09,global,us_10y_treasury,0.96,percent
2020-11-10,global,us_10y_treasury,0.98,percent
2020-11-12,global,us_10y_treasury,0.88,percent
2020-11-13,global,us_10y_treasury,0.89,percent
2020-11-16,global,us_10y_treasury,0.91,percent
2020-11-17,global,us_10y_treasury,0.87,percent
2020-11-18,global,us_10y_treasury,0.88,percent
2020-11-19,global,us_10y_treasury,0.86,percent
2020-11-20,global,us_10y_treasury,0.83,percent
2020-11-23,global,us_10y_treasury,0.86,percent
2020-11-24,global,us_10y_treasury,0.88,percent
2020-11-25,global,us_10y_treasury,0.88,percent
2020-11-27,global,us_10y_treasury,0.84,percent
2020-11-30,global,us_10y_treasury,0.84,percent
2020-12-01,global,us_10y_treasury,0.92,percent
2020-12-02,global,us_10y_treasury,0.95,percent
2020-12-03,global,us_10y_treasury,0.92,percent
2020-12-04,global,us_10y_treasury,0.97,percent
2020-12-07,global,us_10y_treasury,0.94,percent
2020-12-08,global,us_10y_treasury,0.92,percent
2020-12-09,global,us_10y_treasury,0.95,percent
2020-12-10,global,us_10y_treasury,0.92,percent
2020-12-11,global,us_10y_treasury,0.9,percent
2020-12-14,global,us_10y_treasury,0.9,percent
2020-12-15,global,us_10y_treasury,0.92,percent
2020-12-16,global,us_10y_treasury,0.92,percent
2020-12-17,global,us_10y_treasury,0.94,percent
2020-12-18,global,us_10y_treasury,0.95,percent
2020-12-21,global,us_10y_treasury,0.95,percent
2020-12-22,global,us_10y_treasury,0.93,percent
2020-12-23,global,us_10y_treasury,0.96,percent
2020-12-24,global,us_10y_treasury,0.94,percent
2020-12-28,global,us_10y_treasury,0.94,percent
2020-12-29,global,us_10y_treasury,0.94,percent
2020-12-30,global,us_10y_treasury,0.93,percent
2020-12-31,global,us_10y_treasury,0.93,percent
2021-01-04,global,us_10y_treasury,0.93,percent
2021-01-05,global,us_10y_treasury,0.96,percent
2021-01-06,global,us_10y_treasury,1.04,percent
2021-01-07,global,us_10y_treasury,1.08,percent
2021-01-08,global,us_10y_treasury,1.13,percent
2021-01-11,global,us_10y_treasury,1.15,percent
2021-01-12,global,us_10y_treasury,1.15,percent
2021-01-13,global,us_10y_treasury,1.1,percent
2021-01-14,global,us_10y_treasury,1.15,percent
2021-01-15,global,us_10y_treasury,1.11,percent
2021-01-19,global,us_10y_treasury,1.1,percent
2021-01-20,global,us_10y_treasury,1.1,percent
2021-01-21,global,us_10y_treasury,1.12,percent
2021-01-22,global,us_10y_treasury,1.1,percent
2021-01-25,global,us_10y_treasury,1.05,percent
2021-01-26,global,us_10y_treasury,1.05,percent
2021-01-27,global,us_10y_treasury,1.04,percent
2021-01-28,global,us_10y_treasury,1.07,percent
2021-01-29,global,us_10y_treasury,1.11,percent
2021-02-01,global,us_10y_treasury,1.09,percent
2021-02-02,global,us_10y_treasury,1.12,percent
2021-02-03,global,us_10y_treasury,1.15,percent
2021-02-04,global,us_10y_treasury,1.15,percent
2021-02-05,global,us_10y_treasury,1.19,percent
2021-02-08,global,us_10y_treasury,1.19,percent
2021-02-09,global,us_10y_treasury,1.18,percent
2021-02-10,global,us_10y_treasury,1.15,percent
2021-02-11,global,us_10y_treasury,1.16,percent
2021-02-12,global,us_10y_treasury,1.2,percent
2021-02-16,global,us_10y_treasury,1.3,percent
2021-02-17,global,us_10y_treasury,1.29,percent
2021-02-18,global,us_10y_treasury,1.29,percent
2021-02-19,global,us_10y_treasury,1.34,percent
2021-02-22,global,us_10y_treasury,1.37,percent
2021-02-23,global,us_10y_treasury,1.37,percent
2021-02-24,global,us_10y_treasury,1.38,percent
2021-02-25,global,us_10y_treasury,1.54,percent
2021-02-26,global,us_10y_treasury,1.44,percent
2021-03-01,global,us_10y_treasury,1.45,percent
2021-03-02,global,us_10y_treasury,1.42,percent
2021-03-03,global,us_10y_treasury,1.47,percent
2021-03-04,global,us_10y_treasury,1.54,percent
2021-03-05,global,us_10y_treasury,1.56,percent
2021-03-08,global,us_10y_treasury,1.59,percent
2021-03-09,global,us_10y_treasury,1.55,percent
2021-03-10,global,us_10y_treasury,1.53,percent
2021-03-11,global,us_10y_treasury,1.54,percent
2021-03-12,global,us_10y_treasury,1.64,percent
2021-03-15,global,us_10y_treasury,1.62,percent
2021-03-16,global,us_10y_treasury,1.62,percent
2021-03-17,global,us_10y_treasury,1.63,percent
2021-03-18,global,us_10y_treasury,1.71,percent
2021-03-19,global,us_10y_treasury,1.74,percent
2021-03-22,global,us_10y_treasury,1.69,percent
2021-03-23,global,us_10y_treasury,1.63,percent
2021-03-24,global,us_10y_treasury,1.62,percent
2021-03-25,global,us_10y_treasury,1.63,percent
2021-03-26,global,us_10y_treasury,1.67,percent
2021-03-29,global,us_10y_treasury,1.73,percent
2021-03-30,global,us_10y_treasury,1.73,percent
2021-03-31,global,us_10y_treasury,1.74,percent
2021-04-01,global,us_10y_treasury,1.69,percent
2021-04-02,global,us_10y_treasury,1.72,percent
2021-04-05,global,us_10y_treasury,1.73,percent
2021-04-06,global,us_10y_treasury,1.67,percent
2021-04-07,global,us_10y_treasury,1.68,percent
2021-04-08,global,us_10y_treasury,1.64,percent
2021-04-09,global,us_10y_treasury,1.67,percent
2021-04-12,global,us_10y_treasury,1.69,percent
2021-04-13,global,us_10y_treasury,1.64,percent
2021-04-14,global,us_10y_treasury,1.64,percent
2021-04-15,global,us_10y_treasury,1.56,percent
2021-04-16,global,us_10y_treasury,1.59,percent
2021-04-19,global,us_10y_treasury,1.61,percent
2021-04-20,global,us_10y_treasury,1.58,percent
2021-04-21,global,us_10y_treasury,1.57,percent
2021-04-22,global,us_10y_treasury,1.57,percent
2021-04-23,global,us_10y_treasury,1.58,percent
2021-04-26,global,us_10y_treasury,1.58,percent
2021-04-27,global,us_10y_treasury,1.63,percent
2021-04-28,global,us_10y_treasury,1.63,percent
2021-04-29,global,us_10y_treasury,1.65,percent
2021-04-30,global,us_10y_treasury,1.65,percent
2021-05-03,global,us_10y_treasury,1.63,percent
2021-05-04,global,us_10y_treasury,1.61,percent
2021-05-05,global,us_10y_treasury,1.59,percent
2021-05-06,global,us_10y_treasury,1.58,percent
2021-05-07,global,us_10y_treasury,1.6,percent
2021-05-10,global,us_10y_treasury,1.63,percent
2021-05-11,global,us_10y_treasury,1.64,percent
2021-05-12,global,us_10y_treasury,1.69,percent
2021-05-13,global,us_10y_treasury,1.66,percent
2021-05-14,global,us_10y_treasury,1.63,percent
2021-05-17,global,us_10y_treasury,1.64,percent
2021-05-18,global,us_10y_treasury,1.64,percent
2021-05-19,global,us_10y_treasury,1.68,percent
2021-05-20,global,us_10y_treasury,1.63,percent
2021-05-21,global,us_10y_treasury,1.63,percent
2021-05-24,global,us_10y_treasury,1.61,percent
2021-05-25,global,us_10y_treasury,1.56,percent
2021-05-26,global,us_10y_treasury,1.58,percent
2021-05-27,global,us_10y_treasury,1.61,percent
2021-05-28,global,us_10y_treasury,1.58,percent
2021-06-01,global,us_10y_treasury,1.62,percent
2021-06-02,global,us_10y_treasury,1.59,percent
2021-06-03,global,us_10y_treasury,1.63,percent
2021-06-04,global,us_10y_treasury,1.56,percent
2021-06-07,global,us_10y_treasury,1.57,percent
2021-06-08,global,us_10y_treasury,1.53,percent
2021-06-09,global,us_10y_treasury,1.5,percent
2021-06-10,global,us_10y_treasury,1.45,percent
2021-06-11,global,us_10y_treasury,1.47,percent
2021-06-14,global,us_10y_treasury,1.51,percent
2021-06-15,global,us_10y_treasury,1.51,percent
2021-06-16,global,us_10y_treasury,1.57,percent
2021-06-17,global,us_10y_treasury,1.52,percent
2021-06-18,global,us_10y_treasury,1.45,percent
2021-06-21,global,us_10y_treasury,1.5,percent
2021-06-22,global,us_10y_treasury,1.48,percent
2021-06-23,global,us_10y_treasury,1.5,percent
2021-06-24,global,us_10y_treasury,1.49,percent
2021-06-25,global,us_10y_treasury,1.54,percent
2021-06-28,global,us_10y_treasury,1.49,percent
2021-06-29,global,us_10y_treasury,1.49,percent
2021-06-30,global,us_10y_treasury,1.45,percent
2021-07-01,global,us_10y_treasury,1.48,percent
2021-07-02,global,us_10y_treasury,1.44,percent
2021-07-06,global,us_10y_treasury,1.37,percent
2021-07-07,global,us_10y_treasury,1.33,percent
2021-07-08,global,us_10y_treasury,1.3,percent
2021-07-09,global,us_10y_treasury,1.37,percent
2021-07-12,global,us_10y_treasury,1.38,percent
2021-07-13,global,us_10y_treasury,1.42,percent
2021-07-14,global,us_10y_treasury,1.37,percent
2021-07-15,global,us_10y_treasury,1.31,percent
2021-07-16,global,us_10y_treasury,1.31,percent
2021-07-19,global,us_10y_treasury,1.19,percent
2021-07-20,global,us_10y_treasury,1.23,percent
2021-07-21,global,us_10y_treasury,1.3,percent
2021-07-22,global,us_10y_treasury,1.27,percent
2021-07-23,global,us_10y_treasury,1.3,percent
2021-07-26,global,us_10y_treasury,1.29,percent
2021-07-27,global,us_10y_treasury,1.25,percent
2021-07-28,global,us_10y_treasury,1.26,percent
2021-07-29,global,us_10y_treasury,1.28,percent
2021-07-30,global,us_10y_treasury,1.24,percent
2021-08-02,global,us_10y_treasury,1.2,percent
2021-08-03,global,us_10y_treasury,1.19,percent
2021-08-04,global,us_10y_treasury,1.19,percent
2021-08-05,global,us_10y_treasury,1.23,percent
2021-08-06,global,us_10y_treasury,1.31,percent
2021-08-09,global,us_10y_treasury,1.33,percent
2021-08-10,global,us_10y_treasury,1.36,percent
2021-08-11,global,us_10y_treasury,1.35,percent
2021-08-12,global,us_10y_treasury,1.36,percent
2021-08-13,global,us_10y_treasury,1.29,percent
2021-08-16,global,us_10y_treasury,1.26,percent
2021-08-17,global,us_10y_treasury,1.26,percent
2021-08-18,global,us_10y_treasury,1.27,percent
2021-08-19,global,us_10y_treasury,1.24,percent
2021-08-20,global,us_10y_treasury,1.26,percent
2021-08-23,global,us_10y_treasury,1.25,percent
2021-08-24,global,us_10y_treasury,1.29,percent
2021-08-25,global,us_10y_treasury,1.35,percent
2021-08-26,global,us_10y_treasury,1.34,percent
2021-08-27,global,us_10y_treasury,1.31,percent
2021-08-30,global,us_10y_treasury,1.29,percent
2021-08-31,global,us_10y_treasury,1.3,percent
2021-09-01,global,us_10y_treasury,1.31,percent
2021-09-02,global,us_10y_treasury,1.29,percent
2021-09-03,global,us_10y_treasury,1.33,percent
2021-09-07,global,us_10y_treasury,1.38,percent
2021-09-08,global,us_10y_treasury,1.35,percent
2021-09-09,global,us_10y_treasury,1.3,percent
2021-09-10,global,us_10y_treasury,1.35,percent
2021-09-13,global,us_10y_treasury,1.33,percent
2021-09-14,global,us_10y_treasury,1.28,percent
2021-09-15,global,us_10y_treasury,1.31,percent
2021-09-16,global,us_10y_treasury,1.34,percent
2021-09-17,global,us_10y_treasury,1.37,percent
2021-09-20,global,us_10y_treasury,1.31,percent
2021-09-21,global,us_10y_treasury,1.33,percent
2021-09-22,global,us_10y_treasury,1.32,percent
2021-09-23,global,us_10y_treasury,1.41,percent
2021-09-24,global,us_10y_treasury,1.47,percent
2021-09-27,global,us_10y_treasury,1.48,percent
2021-09-28,global,us_10y_treasury,1.54,percent
2021-09-29,global,us_10y_treasury,1.55,percent
2021-09-30,global,us_10y_treasury,1.52,percent
2021-10-01,global,us_10y_treasury,1.48,percent
2021-10-04,global,us_10y_treasury,1.49,percent
2021-10-05,global,us_10y_treasury,1.54,percent
2021-10-06,global,us_10y_treasury,1.53,percent
2021-10-07,global,us_10y_treasury,1.58,percent
2021-10-08,global,us_10y_treasury,1.61,percent
2021-10-12,global,us_10y_treasury,1.59,percent
2021-10-13,global,us_10y_treasury,1.56,percent
2021-10-14,global,us_10y_treasury,1.52,percent
2021-10-15,global,us_10y_treasury,1.59,percent
2021-10-18,global,us_10y_treasury,1.59,percent
2021-10-19,global,us_10y_treasury,1.65,percent
2021-10-20,global,us_10y_treasury,1.65,percent
2021-10-21,global,us_10y_treasury,1.68,percent
2021-10-22,global,us_10y_treasury,1.66,percent
2021-10-25,global,us_10y_treasury,1.64,percent
2021-10-26,global,us_10y_treasury,1.63,percent
2021-10-27,global,us_10y_treasury,1.54,percent
2021-10-28,global,us_10y_treasury,1.57,percent
2021-10-29,global,us_10y_treasury,1.55,percent
2021-11-01,global,us_10y_treasury,1.58,percent
2021-11-02,global,us_10y_treasury,1.56,percent
2021-11-03,global,us_10y_treasury,1.6,percent
2021-11-04,global,us_10y_treasury,1.53,percent
2021-11-05,global,us_10y_treasury,1.45,percent
2021-11-08,global,us_10y_treasury,1.51,percent
2021-11-09,global,us_10y_treasury,1.46,percent
2021-11-10,global,us_10y_treasury,1.56,percent
2021-11-12,global,us_10y_treasury,1.58,percent
2021-11-15,global,us_10y_treasury,1.63,percent
2021-11-16,global,us_10y_treasury,1.63,percent
2021-11-17,global,us_10y_treasury,1.6,percent
2021-11-18,global,us_10y_treasury,1.59,percent
2021-11-19,global,us_10y_treasury,1.54,percent
2021-11-22,global,us_10y_treasury,1.63,percent
2021-11-23,global,us_10y_treasury,1.67,percent
2021-11-24,global,us_10y_treasury,1.64,percent
2021-11-26,global,us_10y_treasury,1.48,percent
2021-11-29,global,us_10y_treasury,1.52,percent
2021-11-30,global,us_10y_treasury,1.43,percent
2021-12-01,global,us_10y_treasury,1.43,percent
2021-12-02,global,us_10y_treasury,1.44,percent
2021-12-03,global,us_10y_treasury,1.35,percent
2021-12-06,global,us_10y_treasury,1.43,percent
2021-12-07,global,us_10y_treasury,1.48,percent
2021-12-08,global,us_10y_treasury,1.52,percent
2021-12-09,global,us_10y_treasury,1.49,percent
2021-12-10,global,us_10y_treasury,1.48,percent
2021-12-13,global,us_10y_treasury,1.42,percent
2021-12-14,global,us_10y_treasury,1.44,percent
2021-12-15,global,us_10y_treasury,1.47,percent
2021-12-16,global,us_10y_treasury,1.44,percent
2021-12-17,global,us_10y_treasury,1.41,percent
2021-12-20,global,us_10y_treasury,1.43,percent
2021-12-21,global,us_10y_treasury,1.48,percent
2021-12-22,global,us_10y_treasury,1.46,percent
2021-12-23,global,us_10y_treasury,1.5,percent
2021-12-27,global,us_10y_treasury,1.48,percent
2021-12-28,global,us_10y_treasury,1.49,percent
2021-12-29,global,us_10y_treasury,1.55,percent
2021-12-30,global,us_10y_treasury,1.52,percent
2021-12-31,global,us_10y_treasury,1.52,percent
2022-01-03,global,us_10y_treasury,1.63,percent
2022-01-04,global,us_10y_treasury,1.66,percent
2022-01-05,global,us_10y_treasury,1.71,percent
2022-01-06,global,us_10y_treasury,1.73,percent
2022-01-07,global,us_10y_treasury,1.76,percent
2022-01-10,global,us_10y_treasury,1.78,percent
2022-01-11,global,us_10y_treasury,1.75,percent
2022-01-12,global,us_10y_treasury,1.74,percent
2022-01-13,global,us_10y_treasury,1.7,percent
2022-01-14,global,us_10y_treasury,1.78,percent
2022-01-18,global,us_10y_treasury,1.87,percent
2022-01-19,global,us_10y_treasury,1.83,percent
2022-01-20,global,us_10y_treasury,1.83,percent
2022-01-21,global,us_10y_treasury,1.75,percent
2022-01-24,global,us_10y_treasury,1.75,percent
2022-01-25,global,us_10y_treasury,1.78,percent
2022-01-26,global,us_10y_treasury,1.85,percent
2022-01-27,global,us_10y_treasury,1.81,percent
2022-01-28,global,us_10y_treasury,1.78,percent
2022-01-31,global,us_10y_treasury,1.79,percent
2022-02-01,global,us_10y_treasury,1.81,percent
2022-02-02,global,us_10y_treasury,1.78,percent
2022-02-03,global,us_10y_treasury,1.82,percent
2022-02-04,global,us_10y_treasury,1.93,percent
2022-02-07,global,us_10y_treasury,1.92,percent
2022-02-08,global,us_10y_treasury,1.96,percent
2022-02-09,global,us_10y_treasury,1.94,percent
2022-02-10,global,us_10y_treasury,2.03,percent
2022-02-11,global,us_10y_treasury,1.92,percent
2022-02-14,global,us_10y_treasury,1.98,percent
2022-02-15,global,us_10y_treasury,2.05,percent
2022-02-16,global,us_10y_treasury,2.03,percent
2022-02-17,global,us_10y_treasury,1.97,percent
2022-02-18,global,us_10y_treasury,1.92,percent
2022-02-22,global,us_10y_treasury,1.94,percent
2022-02-23,global,us_10y_treasury,1.99,percent
2022-02-24,global,us_10y_treasury,1.96,percent
2022-02-25,global,us_10y_treasury,1.97,percent
2022-02-28,global,us_10y_treasury,1.83,percent
2022-03-01,global,us_10y_treasury,1.72,percent
2022-03-02,global,us_10y_treasury,1.86,percent
2022-03-03,global,us_10y_treasury,1.86,percent
2022-03-04,global,us_10y_treasury,1.74,percent
2022-03-07,global,us_10y_treasury,1.78,percent
2022-03-08,global,us_10y_treasury,1.86,percent
2022-03-09,global,us_10y_treasury,1.94,percent
2022-03-10,global,us_10y_treasury,1.98,percent
2022-03-11,global,us_10y_treasury,2.0,percent
2022-03-14,global,us_10y_treasury,2.14,percent
2022-03-15,global,us_10y_treasury,2.15,percent
2022-03-16,global,us_10y_treasury,2.19,percent
2022-03-17,global,us_10y_treasury,2.2,percent
2022-03-18,global,us_10y_treasury,2.14,percent
2022-03-21,global,us_10y_treasury,2.32,percent
2022-03-22,global,us_10y_treasury,2.38,percent
2022-03-23,global,us_10y_treasury,2.32,percent
2022-03-24,global,us_10y_treasury,2.34,percent
2022-03-25,global,us_10y_treasury,2.48,percent
2022-03-28,global,us_10y_treasury,2.46,percent
2022-03-29,global,us_10y_treasury,2.41,percent
2022-03-30,global,us_10y_treasury,2.35,percent
2022-03-31,global,us_10y_treasury,2.32,percent
2022-04-01,global,us_10y_treasury,2.39,percent
2022-04-04,global,us_10y_treasury,2.42,percent
2022-04-05,global,us_10y_treasury,2.54,percent
2022-04-06,global,us_10y_treasury,2.61,percent
2022-04-07,global,us_10y_treasury,2.66,percent
2022-04-08,global,us_10y_treasury,2.72,percent
2022-04-11,global,us_10y_treasury,2.79,percent
2022-04-12,global,us_10y_treasury,2.72,percent
2022-04-13,global,us_10y_treasury,2.7,percent
2022-04-14,global,us_10y_treasury,2.83,percent
2022-04-18,global,us_10y_treasury,2.85,percent
2022-04-19,global,us_10y_treasury,2.93,percent
2022-04-20,global,us_10y_treasury,2.85,percent
2022-04-21,global,us_10y_treasury,2.9,percent
2022-04-22,global,us_10y_treasury,2.9,percent
2022-04-25,global,us_10y_treasury,2.81,percent
2022-04-26,global,us_10y_treasury,2.77,percent
2022-04-27,global,us_10y_treasury,2.82,percent
2022-04-28,global,us_10y_treasury,2.85,percent
2022-04-29,global,us_10y_treasury,2.89,percent
2022-05-02,global,us_10y_treasury,2.99,percent
2022-05-03,global,us_10y_treasury,2.97,percent
2022-05-04,global,us_10y_treasury,2.93,percent
2022-05-05,global,us_10y_treasury,3.05,percent
2022-05-06,global,us_10y_treasury,3.12,percent
2022-05-09,global,us_10y_treasury,3.05,percent
2022-05-10,global,us_10y_treasury,2.99,percent
2022-05-11,global,us_10y_treasury,2.91,percent
2022-05-12,global,us_10y_treasury,2.84,percent
2022-05-13,global,us_10y_treasury,2.93,percent
2022-05-16,global,us_10y_treasury,2.88,percent
2022-05-17,global,us_10y_treasury,2.98,percent
2022-05-18,global,us_10y_treasury,2.89,percent
2022-05-19,global,us_10y_treasury,2.84,percent
2022-05-20,global,us_10y_treasury,2.78,percent
2022-05-23,global,us_10y_treasury,2.86,percent
2022-05-24,global,us_10y_treasury,2.76,percent
2022-05-25,global,us_10y_treasury,2.75,percent
2022-05-26,global,us_10y_treasury,2.75,percent
2022-05-27,global,us_10y_treasury,2.74,percent
2022-05-31,global,us_10y_treasury,2.85,percent
2022-06-01,global,us_10y_treasury,2.94,percent
2022-06-02,global,us_10y_treasury,2.92,percent
2022-06-03,global,us_10y_treasury,2.96,percent
2022-06-06,global,us_10y_treasury,3.04,percent
2022-06-07,global,us_10y_treasury,2.98,percent
2022-06-08,global,us_10y_treasury,3.03,percent
2022-06-09,global,us_10y_treasury,3.04,percent
2022-06-10,global,us_10y_treasury,3.15,percent
2022-06-13,global,us_10y_treasury,3.43,percent
2022-06-14,global,us_10y_treasury,3.49,percent
2022-06-15,global,us_10y_treasury,3.33,percent
2022-06-16,global,us_10y_treasury,3.28,percent
2022-06-17,global,us_10y_treasury,3.25,percent
2022-06-21,global,us_10y_treasury,3.31,percent
2022-06-22,global,us_10y_treasury,3.16,percent
2022-06-23,global,us_10y_treasury,3.09,percent
2022-06-24,global,us_10y_treasury,3.13,percent
2022-06-27,global,us_10y_treasury,3.2,percent
2022-06-28,global,us_10y_treasury,3.2,percent
2022-06-29,global,us_10y_treasury,3.1,percent
2022-06-30,global,us_10y_treasury,2.98,percent
2022-07-01,global,us_10y_treasury,2.88,percent
2022-07-05,global,us_10y_treasury,2.82,percent
2022-07-06,global,us_10y_treasury,2.93,percent
2022-07-07,global,us_10y_treasury,3.01,percent
2022-07-08,global,us_10y_treasury,3.09,percent
2022-07-11,global,us_10y_treasury,2.99,percent
2022-07-12,global,us_10y_treasury,2.96,percent
2022-07-13,global,us_10y_treasury,2.91,percent
2022-07-14,global,us_10y_treasury,2.96,percent
2022-07-15,global,us_10y_treasury,2.93,percent
2022-07-18,global,us_10y_treasury,2.96,percent
2022-07-19,global,us_10y_treasury,3.01,percent
2022-07-20,global,us_10y_treasury,3.04,percent
2022-07-21,global,us_10y_treasury,2.91,percent
2022-07-22,global,us_10y_treasury,2.77,percent
2022-07-25,global,us_10y_treasury,2.81,percent
2022-07-26,global,us_10y_treasury,2.81,percent
2022-07-27,global,us_10y_treasury,2.78,percent
2022-07-28,global,us_10y_treasury,2.68,percent
2022-07-29,global,us_10y_treasury,2.67,percent
2022-08-01,global,us_10y_treasury,2.6,percent
2022-08-02,global,us_10y_treasury,2.75,percent
2022-08-03,global,us_10y_treasury,2.73,percent
2022-08-04,global,us_10y_treasury,2.68,percent
2022-08-05,global,us_10y_treasury,2.83,percent
2022-08-08,global,us_10y_treasury,2.77,percent
2022-08-09,global,us_10y_treasury,2.8,percent
2022-08-10,global,us_10y_treasury,2.78,percent
2022-08-11,global,us_10y_treasury,2.87,percent
2022-08-12,global,us_10y_treasury,2.84,percent
2022-08-15,global,us_10y_treasury,2.79,percent
2022-08-16,global,us_10y_treasury,2.82,percent
2022-08-17,global,us_10y_treasury,2.89,percent
2022-08-18,global,us_10y_treasury,2.88,percent
2022-08-19,global,us_10y_treasury,2.98,percent
2022-08-22,global,us_10y_treasury,3.03,percent
2022-08-23,global,us_10y_treasury,3.05,percent
2022-08-24,global,us_10y_treasury,3.11,percent
2022-08-25,global,us_10y_treasury,3.03,percent
2022-08-26,global,us_10y_treasury,3.04,percent
2022-08-29,global,us_10y_treasury,3.12,percent
2022-08-30,global,us_10y_treasury,3.11,percent
2022-08-31,global,us_10y_treasury,3.15,percent
2022-09-01,global,us_10y_treasury,3.26,percent
2022-09-02,global,us_10y_treasury,3.2,percent
2022-09-06,global,us_10y_treasury,3.33,percent
2022-09-07,global,us_10y_treasury,3.27,percent
2022-09-08,global,us_10y_treasury,3.29,percent
2022-09-09,global,us_10y_treasury,3.33,percent
2022-09-12,global,us_10y_treasury,3.37,percent
2022-09-13,global,us_10y_treasury,3.42,percent
2022-09-14,global,us_10y_treasury,3.41,percent
2022-09-15,global,us_10y_treasury,3.45,percent
2022-09-16,global,us_10y_treasury,3.45,percent
2022-09-19,global,us_10y_treasury,3.49,percent
2022-09-20,global,us_10y_treasury,3.57,percent
2022-09-21,global,us_10y_treasury,3.51,percent
2022-09-22,global,us_10y_treasury,3.7,percent
2022-09-23,global,us_10y_treasury,3.69,percent
2022-09-26,global,us_10y_treasury,3.88,percent
2022-09-27,global,us_10y_treasury,3.97,percent
2022-09-28,global,us_10y_treasury,3.72,percent
2022-09-29,global,us_10y_treasury,3.76,percent
2022-09-30,global,us_10y_treasury,3.83,percent
2022-10-03,global,us_10y_treasury,3.67,percent
2022-10-04,global,us_10y_treasury,3.62,percent
2022-10-05,global,us_10y_treasury,3.76,percent
2022-10-06,global,us_10y_treasury,3.83,percent
2022-10-07,global,us_10y_treasury,3.89,percent
2022-10-11,global,us_10y_treasury,3.93,percent
2022-10-12,global,us_10y_treasury,3.91,percent
2022-10-13,global,us_10y_treasury,3.97,percent
2022-10-14,global,us_10y_treasury,4.0,percent
2022-10-17,global,us_10y_treasury,4.02,percent
2022-10-18,global,us_10y_treasury,4.01,percent
2022-10-19,global,us_10y_treasury,4.14,percent
2022-10-20,global,us_10y_treasury,4.24,percent
2022-10-21,global,us_10y_treasury,4.21,percent
2022-10-24,global,us_10y_treasury,4.25,percent
2022-10-25,global,us_10y_treasury,4.1,percent
2022-10-26,global,us_10y_treasury,4.04,percent
2022-10-27,global,us_10y_treasury,3.96,percent
2022-10-28,global,us_10y_treasury,4.02,percent
2022-10-31,global,us_10y_treasury,4.1,percent
2022-11-01,global,us_10y_treasury,4.07,percent
2022-11-02,global,us_10y_treasury,4.1,percent
2022-11-03,global,us_10y_treasury,4.14,percent
2022-11-04,global,us_10y_treasury,4.17,percent
2022-11-07,global,us_10y_treasury,4.22,percent
2022-11-08,global,us_10y_treasury,4.14,percent
2022-11-09,global,us_10y_treasury,4.12,percent
2022-11-10,global,us_10y_treasury,3.82,percent
2022-11-14,global,us_10y_treasury,3.88,percent
2022-11-15,global,us_10y_treasury,3.8,percent
2022-11-16,global,us_10y_treasury,3.67,percent
2022-11-17,global,us_10y_treasury,3.77,percent
2022-11-18,global,us_10y_treasury,3.82,percent
2022-11-21,global,us_10y_treasury,3.83,percent
2022-11-22,global,us_10y_treasury,3.76,percent
2022-11-23,global,us_10y_treasury,3.71,percent
2022-11-25,global,us_10y_treasury,3.68,percent
2022-11-28,global,us_10y_treasury,3.69,percent
2022-11-29,global,us_10y_treasury,3.75,percent
2022-11-30,global,us_10y_treasury,3.68,percent
2022-12-01,global,us_10y_treasury,3.53,percent
2022-12-02,global,us_10y_treasury,3.51,percent
2022-12-05,global,us_10y_treasury,3.6,percent
2022-12-06,global,us_10y_treasury,3.51,percent
2022-12-07,global,us_10y_treasury,3.42,percent
2022-12-08,global,us_10y_treasury,3.48,percent
2022-12-09,global,us_10y_treasury,3.57,percent
2022-12-12,global,us_10y_treasury,3.61,percent
2022-12-13,global,us_10y_treasury,3.51,percent
2022-12-14,global,us_10y_treasury,3.49,percent
2022-12-15,global,us_10y_treasury,3.44,percent
2022-12-16,global,us_10y_treasury,3.48,percent
2022-12-19,global,us_10y_treasury,3.57,percent
2022-12-20,global,us_10y_treasury,3.69,percent
2022-12-21,global,us_10y_treasury,3.68,percent
2022-12-22,global,us_10y_treasury,3.67,percent
2022-12-23,global,us_10y_treasury,3.75,percent
2022-12-27,global,us_10y_treasury,3.84,percent
2022-12-28,global,us_10y_treasury,3.88,percent
2022-12-29,global,us_10y_treasury,3.83,percent
2022-12-30,global,us_10y_treasury,3.88,percent
2023-01-03,global,us_10y_treasury,3.79,percent
2023-01-04,global,us_10y_treasury,3.69,percent
2023-01-05,global,us_10y_treasury,3.71,percent
2023-01-06,global,us_10y_treasury,3.55,percent
2023-01-09,global,us_10y_treasury,3.53,percent
2023-01-10,global,us_10y_treasury,3.61,percent
2023-01-11,global,us_10y_treasury,3.54,percent
2023-01-12,global,us_10y_treasury,3.43,percent
2023-01-13,global,us_10y_treasury,3.49,percent
2023-01-17,global,us_10y_treasury,3.53,percent
2023-01-18,global,us_10y_treasury,3.37,percent
2023-01-19,global,us_10y_treasury,3.39,percent
2023-01-20,global,us_10y_treasury,3.48,percent
2023-01-23,global,us_10y_treasury,3.52,percent
2023-01-24,global,us_10y_treasury,3.46,percent
2023-01-25,global,us_10y_treasury,3.46,percent
2023-01-26,global,us_10y_treasury,3.49,percent
2023-01-27,global,us_10y_treasury,3.52,percent
2023-01-30,global,us_10y_treasury,3.55,percent
2023-01-31,global,us_10y_treasury,3.52,percent
2023-02-01,global,us_10y_treasury,3.39,percent
2023-02-02,global,us_10y_treasury,3.4,percent
2023-02-03,global,us_10y_treasury,3.53,percent
2023-02-06,global,us_10y_treasury,3.63,percent
2023-02-07,global,us_10y_treasury,3.67,percent
2023-02-08,global,us_10y_treasury,3.63,percent
2023-02-09,global,us_10y_treasury,3.67,percent
2023-02-10,global,us_10y_treasury,3.74,percent
2023-02-13,global,us_10y_treasury,3.72,percent
2023-02-14,global,us_10y_treasury,3.77,percent
2023-02-15,global,us_10y_treasury,3.81,percent
2023-02-16,global,us_10y_treasury,3.86,percent
2023-02-17,global,us_10y_treasury,3.82,percent
2023-02-21,global,us_10y_treasury,3.95,percent
2023-02-22,global,us_10y_treasury,3.93,percent
2023-02-23,global,us_10y_treasury,3.88,percent
2023-02-24,global,us_10y_treasury,3.95,percent
2023-02-27,global,us_10y_treasury,3.92,percent
2023-02-28,global,us_10y_treasury,3.92,percent
2023-03-01,global,us_10y_treasury,4.01,percent
2023-03-02,global,us_10y_treasury,4.08,percent
2023-03-03,global,us_10y_treasury,3.97,percent
2023-03-06,global,us_10y_treasury,3.98,percent
2023-03-07,global,us_10y_treasury,3.97,percent
2023-03-08,global,us_10y_treasury,3.98,percent
2023-03-09,global,us_10y_treasury,3.93,percent
2023-03-10,global,us_10y_treasury,3.7,percent
2023-03-13,global,us_10y_treasury,3.55,percent
2023-03-14,global,us_10y_treasury,3.64,percent
2023-03-15,global,us_10y_treasury,3.51,percent
2023-03-16,global,us_10y_treasury,3.56,percent
2023-03-17,global,us_10y_treasury,3.39,percent
2023-03-20,global,us_10y_treasury,3.47,percent
2023-03-21,global,us_10y_treasury,3.59,percent
2023-03-22,global,us_10y_treasury,3.48,percent
2023-03-23,global,us_10y_treasury,3.38,percent
2023-03-24,global,us_10y_treasury,3.38,percent
2023-03-27,global,us_10y_treasury,3.53,percent
2023-03-28,global,us_10y_treasury,3.55,percent
2023-03-29,global,us_10y_treasury,3.57,percent
2023-03-30,global,us_10y_treasury,3.55,percent
2023-03-31,global,us_10y_treasury,3.48,percent
2023-04-03,global,us_10y_treasury,3.43,percent
2023-04-04,global,us_10y_treasury,3.35,percent
2023-04-05,global,us_10y_treasury,3.3,percent
2023-04-06,global,us_10y_treasury,3.3,percent
2023-04-07,global,us_10y_treasury,3.39,percent
2023-04-10,global,us_10y_treasury,3.41,percent
2023-04-11,global,us_10y_treasury,3.43,percent
2023-04-12,global,us_10y_treasury,3.41,percent
2023-04-13,global,us_10y_treasury,3.45,percent
2023-04-14,global,us_10y_treasury,3.52,percent
2023-04-17,global,us_10y_treasury,3.6,percent
2023-04-18,global,us_10y_treasury,3.58,percent
2023-04-19,global,us_10y_treasury,3.6,percent
2023-04-20,global,us_10y_treasury,3.54,percent
2023-04-21,global,us_10y_treasury,3.57,percent
2023-04-24,global,us_10y_treasury,3.52,percent
2023-04-25,global,us_10y_treasury,3.4,percent
2023-04-26,global,us_10y_treasury,3.43,percent
2023-04-27,global,us_10y_treasury,3.53,percent
2023-04-28,global,us_10y_treasury,3.44,percent
2023-05-01,global,us_10y_treasury,3.59,percent
2023-05-02,global,us_10y_treasury,3.44,percent
2023-05-03,global,us_10y_treasury,3.38,percent
2023-05-04,global,us_10y_treasury,3.37,percent
2023-05-05,global,us_10y_treasury,3.44,percent
2023-05-08,global,us_10y_treasury,3.52,percent
2023-05-09,global,us_10y_treasury,3.53,percent
2023-05-10,global,us_10y_treasury,3.43,percent
2023-05-11,global,us_10y_treasury,3.39,percent
2023-05-12,global,us_10y_treasury,3.46,percent
2023-05-15,global,us_10y_treasury,3.5,percent
2023-05-16,global,us_10y_treasury,3.54,percent
2023-05-17,global,us_10y_treasury,3.57,percent
2023-05-18,global,us_10y_treasury,3.65,percent
2023-05-19,global,us_10y_treasury,3.7,percent
2023-05-22,global,us_10y_treasury,3.72,percent
2023-05-23,global,us_10y_treasury,3.7,percent
2023-05-24,global,us_10y_treasury,3.73,percent
2023-05-25,global,us_10y_treasury,3.83,percent
2023-05-26,global,us_10y_treasury,3.8,percent
2023-05-30,global,us_10y_treasury,3.69,percent
2023-05-31,global,us_10y_treasury,3.64,percent
2023-06-01,global,us_10y_treasury,3.61,percent
2023-06-02,global,us_10y_treasury,3.69,percent
2023-06-05,global,us_10y_treasury,3.69,percent
2023-06-06,global,us_10y_treasury,3.7,percent
2023-06-07,global,us_10y_treasury,3.79,percent
2023-06-08,global,us_10y_treasury,3.73,percent
2023-06-09,global,us_10y_treasury,3.75,percent
2023-06-12,global,us_10y_treasury,3.73,percent
2023-06-13,global,us_10y_treasury,3.84,percent
2023-06-14,global,us_10y_treasury,3.83,percent
2023-06-15,global,us_10y_treasury,3.72,percent
2023-06-16,global,us_10y_treasury,3.77,percent
2023-06-20,global,us_10y_treasury,3.74,percent
2023-06-21,global,us_10y_treasury,3.72,percent
2023-06-22,global,us_10y_treasury,3.8,percent
2023-06-23,global,us_10y_treasury,3.74,percent
2023-06-26,global,us_10y_treasury,3.72,percent
2023-06-27,global,us_10y_treasury,3.77,percent
2023-06-28,global,us_10y_treasury,3.71,percent
2023-06-29,global,us_10y_treasury,3.85,percent
2023-06-30,global,us_10y_treasury,3.81,percent
2023-07-03,global,us_10y_treasury,3.86,percent
2023-07-05,global,us_10y_treasury,3.95,percent
2023-07-06,global,us_10y_treasury,4.05,percent
2023-07-07,global,us_10y_treasury,4.06,percent
2023-07-10,global,us_10y_treasury,4.01,percent
2023-07-11,global,us_10y_treasury,3.99,percent
2023-07-12,global,us_10y_treasury,3.86,percent
2023-07-13,global,us_10y_treasury,3.76,percent
2023-07-14,global,us_10y_treasury,3.83,percent
2023-07-17,global,us_10y_treasury,3.81,percent
2023-07-18,global,us_10y_treasury,3.8,percent
2023-07-19,global,us_10y_treasury,3.75,percent
2023-07-20,global,us_10y_treasury,3.85,percent
2023-07-21,global,us_10y_treasury,3.84,percent
2023-07-24,global,us_10y_treasury,3.86,percent
2023-07-25,global,us_10y_treasury,3.91,percent
2023-07-26,global,us_10y_treasury,3.86,percent
2023-07-27,global,us_10y_treasury,4.01,percent
2023-07-28,global,us_10y_treasury,3.96,percent
2023-07-31,global,us_10y_treasury,3.97,percent
2023-08-01,global,us_10y_treasury,4.05,percent
2023-08-02,global,us_10y_treasury,4.08,percent
2023-08-03,global,us_10y_treasury,4.2,percent
2023-08-04,global,us_10y_treasury,4.05,percent
2023-08-07,global,us_10y_treasury,4.09,percent
2023-08-08,global,us_10y_treasury,4.02,percent
2023-08-09,global,us_10y_treasury,4.0,percent
2023-08-10,global,us_10y_treasury,4.09,percent
2023-08-11,global,us_10y_treasury,4.16,percent
2023-08-14,global,us_10y_treasury,4.19,percent
2023-08-15,global,us_10y_treasury,4.21,percent
2023-08-16,global,us_10y_treasury,4.28,percent
2023-08-17,global,us_10y_treasury,4.3,percent
2023-08-18,global,us_10y_treasury,4.26,percent
2023-08-21,global,us_10y_treasury,4.34,percent
2023-08-22,global,us_10y_treasury,4.34,percent
2023-08-23,global,us_10y_treasury,4.19,percent
2023-08-24,global,us_10y_treasury,4.23,percent
2023-08-25,global,us_10y_treasury,4.25,percent
2023-08-28,global,us_10y_treasury,4.2,percent
2023-08-29,global,us_10y_treasury,4.12,percent
2023-08-30,global,us_10y_treasury,4.12,percent
2023-08-31,global,us_10y_treasury,4.09,percent
2023-09-01,global,us_10y_treasury,4.18,percent
2023-09-05,global,us_10y_treasury,4.27,percent
2023-09-06,global,us_10y_treasury,4.3,percent
2023-09-07,global,us_10y_treasury,4.27,percent
2023-09-08,global,us_10y_treasury,4.26,percent
2023-09-11,global,us_10y_treasury,4.29,percent
2023-09-12,global,us_10y_treasury,4.27,percent
2023-09-13,global,us_10y_treasury,4.25,percent
2023-09-14,global,us_10y_treasury,4.29,percent
2023-09-15,global,us_10y_treasury,4.33,percent
2023-09-18,global,us_10y_treasury,4.32,percent
2023-09-19,global,us_10y_treasury,4.37,percent
2023-09-20,global,us_10y_treasury,4.35,percent
2023-09-21,global,us_10y_treasury,4.49,percent
2023-09-22,global,us_10y_treasury,4.44,percent
2023-09-25,global,us_10y_treasury,4.55,percent
2023-09-26,global,us_10y_treasury,4.56,percent
2023-09-27,global,us_10y_treasury,4.61,percent
2023-09-28,global,us_10y_treasury,4.59,percent
2023-09-29,global,us_10y_treasury,4.59,percent
2023-10-02,global,us_10y_treasury,4.69,percent
2023-10-03,global,us_10y_treasury,4.81,percent
2023-10-04,global,us_10y_treasury,4.73,percent
2023-10-05,global,us_10y_treasury,4.72,percent
2023-10-06,global,us_10y_treasury,4.78,percent
2023-10-10,global,us_10y_treasury,4.66,percent
2023-10-11,global,us_10y_treasury,4.58,percent
2023-10-12,global,us_10y_treasury,4.7,percent
2023-10-13,global,us_10y_treasury,4.63,percent
2023-10-16,global,us_10y_treasury,4.71,percent
2023-10-17,global,us_10y_treasury,4.83,percent
2023-10-18,global,us_10y_treasury,4.91,percent
2023-10-19,global,us_10y_treasury,4.98,percent
2023-10-20,global,us_10y_treasury,4.93,percent
2023-10-23,global,us_10y_treasury,4.86,percent
2023-10-24,global,us_10y_treasury,4.83,percent
2023-10-25,global,us_10y_treasury,4.95,percent
2023-10-26,global,us_10y_treasury,4.86,percent
2023-10-27,global,us_10y_treasury,4.84,percent
2023-10-30,global,us_10y_treasury,4.88,percent
2023-10-31,global,us_10y_treasury,4.88,percent
2023-11-01,global,us_10y_treasury,4.77,percent
2023-11-02,global,us_10y_treasury,4.67,percent
2023-11-03,global,us_10y_treasury,4.57,percent
2023-11-06,global,us_10y_treasury,4.67,percent
2023-11-07,global,us_10y_treasury,4.58,percent
2023-11-08,global,us_10y_treasury,4.49,percent
2023-11-09,global,us_10y_treasury,4.62,percent
2023-11-10,global,us_10y_treasury,4.61,percent
2023-11-13,global,us_10y_treasury,4.63,percent
2023-11-14,global,us_10y_treasury,4.44,percent
2023-11-15,global,us_10y_treasury,4.53,percent
2023-11-16,global,us_10y_treasury,4.45,percent
2023-11-17,global,us_10y_treasury,4.44,percent
2023-11-20,global,us_10y_treasury,4.42,percent
2023-11-21,global,us_10y_treasury,4.41,percent
2023-11-22,global,us_10y_treasury,4.42,percent
2023-11-24,global,us_10y_treasury,4.47,percent
2023-11-27,global,us_10y_treasury,4.39,percent
2023-11-28,global,us_10y_treasury,4.34,percent
2023-11-29,global,us_10y_treasury,4.27,percent
2023-11-30,global,us_10y_treasury,4.37,percent
2023-12-01,global,us_10y_treasury,4.22,percent
2023-12-04,global,us_10y_treasury,4.28,percent
2023-12-05,global,us_10y_treasury,4.18,percent
2023-12-06,global,us_10y_treasury,4.12,percent
2023-12-07,global,us_10y_treasury,4.14,percent
2023-12-08,global,us_10y_treasury,4.23,percent
2023-12-11,global,us_10y_treasury,4.23,percent
2023-12-12,global,us_10y_treasury,4.2,percent
2023-12-13,global,us_10y_treasury,4.04,percent
2023-12-14,global,us_10y_treasury,3.92,percent
2023-12-15,global,us_10y_treasury,3.91,percent
2023-12-18,global,us_10y_treasury,3.95,percent
2023-12-19,global,us_10y_treasury,3.93,percent
2023-12-20,global,us_10y_treasury,3.86,percent
2023-12-21,global,us_10y_treasury,3.89,percent
2023-12-22,global,us_10y_treasury,3.9,percent
2023-12-26,global,us_10y_treasury,3.89,percent
2023-12-27,global,us_10y_treasury,3.79,percent
2023-12-28,global,us_10y_treasury,3.84,percent
2023-12-29,global,us_10y_treasury,3.88,percent
2024-01-02,global,us_10y_treasury,3.95,percent
2024-01-03,global,us_10y_treasury,3.91,percent
2024-01-04,global,us_10y_treasury,3.99,percent
2024-01-05,global,us_10y_treasury,4.05,percent
2024-01-08,global,us_10y_treasury,4.01,percent
2024-01-09,global,us_10y_treasury,4.02,percent
2024-01-10,global,us_10y_treasury,4.04,percent
2024-01-11,global,us_10y_treasury,3.98,percent
2024-01-12,global,us_10y_treasury,3.96,percent
2024-01-16,global,us_10y_treasury,4.07,percent
2024-01-17,global,us_10y_treasury,4.1,percent
2024-01-18,global,us_10y_treasury,4.14,percent
2024-01-19,global,us_10y_treasury,4.15,percent
2024-01-22,global,us_10y_treasury,4.11,percent
2024-01-23,global,us_10y_treasury,4.14,percent
2024-01-24,global,us_10y_treasury,4.18,percent
2024-01-25,global,us_10y_treasury,4.14,percent
2024-01-26,global,us_10y_treasury,4.15,percent
2024-01-29,global,us_10y_treasury,4.08,percent
2024-01-30,global,us_10y_treasury,4.06,percent
2024-01-31,global,us_10y_treasury,3.99,percent
2024-02-01,global,us_10y_treasury,3.87,percent
2024-02-02,global,us_10y_treasury,4.03,percent
2024-02-05,global,us_10y_treasury,4.17,percent
2024-02-06,global,us_10y_treasury,4.09,percent
2024-02-07,global,us_10y_treasury,4.09,percent
2024-02-08,global,us_10y_treasury,4.15,percent
2024-02-09,global,us_10y_treasury,4.17,percent
2024-02-12,global,us_10y_treasury,4.17,percent
2024-02-13,global,us_10y_treasury,4.31,percent
2024-02-14,global,us_10y_treasury,4.27,percent
2024-02-15,global,us_10y_treasury,4.24,percent
2024-02-16,global,us_10y_treasury,4.3,percent
2024-02-20,global,us_10y_treasury,4.27,percent
2024-02-21,global,us_10y_treasury,4.32,percent
2024-02-22,global,us_10y_treasury,4.33,percent
2024-02-23,global,us_10y_treasury,4.26,percent
2024-02-26,global,us_10y_treasury,4.28,percent
2024-02-27,global,us_10y_treasury,4.31,percent
2024-02-28,global,us_10y_treasury,4.27,percent
2024-02-29,global,us_10y_treasury,4.25,percent
2024-03-01,global,us_10y_treasury,4.19,percent
2024-03-04,global,us_10y_treasury,4.22,percent
2024-03-05,global,us_10y_treasury,4.13,percent
2024-03-06,global,us_10y_treasury,4.11,percent
2024-03-07,global,us_10y_treasury,4.09,percent
2024-03-08,global,us_10y_treasury,4.09,percent
2024-03-11,global,us_10y_treasury,4.1,percent
2024-03-12,global,us_10y_treasury,4.16,percent
2024-03-13,global,us_10y_treasury,4.19,percent
2024-03-14,global,us_10y_treasury,4.29,percent
2024-03-15,global,us_10y_treasury,4.31,percent
2024-03-18,global,us_10y_treasury,4.34,percent
2024-03-19,global,us_10y_treasury,4.3,percent
2024-03-20,global,us_10y_treasury,4.27,percent
2024-03-21,global,us_10y_treasury,4.27,percent
2024-03-22,global,us_10y_treasury,4.22,percent
2024-03-25,global,us_10y_treasury,4.25,percent
2024-03-26,global,us_10y_treasury,4.24,percent
2024-03-27,global,us_10y_treasury,4.2,percent
2024-03-28,global,us_10y_treasury,4.2,percent
2024-04-01,global,us_10y_treasury,4.33,percent
2024-04-02,global,us_10y_treasury,4.36,percent
2024-04-03,global,us_10y_treasury,4.36,percent
2024-04-04,global,us_10y_treasury,4.31,percent
2024-04-05,global,us_10y_treasury,4.39,percent
2024-04-08,global,us_10y_treasury,4.42,percent
2024-04-09,global,us_10y_treasury,4.36,percent
2024-04-10,global,us_10y_treasury,4.55,percent
2024-04-11,global,us_10y_treasury,4.56,percent
2024-04-12,global,us_10y_treasury,4.5,percent
2024-04-15,global,us_10y_treasury,4.63,percent
2024-04-16,global,us_10y_treasury,4.67,percent
2024-04-17,global,us_10y_treasury,4.59,percent
2024-04-18,global,us_10y_treasury,4.64,percent
2024-04-19,global,us_10y_treasury,4.62,percent
2024-04-22,global,us_10y_treasury,4.62,percent
2024-04-23,global,us_10y_treasury,4.61,percent
2024-04-24,global,us_10y_treasury,4.65,percent
2024-04-25,global,us_10y_treasury,4.7,percent
2024-04-26,global,us_10y_treasury,4.67,percent
2024-04-29,global,us_10y_treasury,4.63,percent
2024-04-30,global,us_10y_treasury,4.69,percent
2024-05-01,global,us_10y_treasury,4.63,percent
2024-05-02,global,us_10y_treasury,4.58,percent
2024-05-03,global,us_10y_treasury,4.5,percent
2024-05-06,global,us_10y_treasury,4.49,percent
2024-05-07,global,us_10y_treasury,4.47,percent
2024-05-08,global,us_10y_treasury,4.48,percent
2024-05-09,global,us_10y_treasury,4.45,percent
2024-05-10,global,us_10y_treasury,4.5,percent
2024-05-13,global,us_10y_treasury,4.48,percent
2024-05-14,global,us_10y_treasury,4.45,percent
2024-05-15,global,us_10y_treasury,4.36,percent
2024-05-16,global,us_10y_treasury,4.38,percent
2024-05-17,global,us_10y_treasury,4.42,percent
2024-05-20,global,us_10y_treasury,4.44,percent
2024-05-21,global,us_10y_treasury,4.41,percent
2024-05-22,global,us_10y_treasury,4.43,percent
2024-05-23,global,us_10y_treasury,4.47,percent
2024-05-24,global,us_10y_treasury,4.46,percent
2024-05-28,global,us_10y_treasury,4.54,percent
2024-05-29,global,us_10y_treasury,4.61,percent
2024-05-30,global,us_10y_treasury,4.55,percent
2024-05-31,global,us_10y_treasury,4.51,percent
2024-06-03,global,us_10y_treasury,4.41,percent
2024-06-04,global,us_10y_treasury,4.33,percent
2024-06-05,global,us_10y_treasury,4.29,percent
2024-06-06,global,us_10y_treasury,4.28,percent
2024-06-07,global,us_10y_treasury,4.43,percent
2024-06-10,global,us_10y_treasury,4.47,percent
2024-06-11,global,us_10y_treasury,4.39,percent
2024-06-12,global,us_10y_treasury,4.31,percent
2024-06-13,global,us_10y_treasury,4.24,percent
2024-06-14,global,us_10y_treasury,4.2,percent
2024-06-17,global,us_10y_treasury,4.28,percent
2024-06-18,global,us_10y_treasury,4.22,percent
2024-06-20,global,us_10y_treasury,4.25,percent
2024-06-21,global,us_10y_treasury,4.25,percent
2024-06-24,global,us_10y_treasury,4.25,percent
2024-06-25,global,us_10y_treasury,4.23,percent
2024-06-26,global,us_10y_treasury,4.32,percent
2024-06-27,global,us_10y_treasury,4.29,percent
2024-06-28,global,us_10y_treasury,4.36,percent
2024-07-01,global,us_10y_treasury,4.48,percent
2024-07-02,global,us_10y_treasury,4.43,percent
2024-07-03,global,us_10y_treasury,4.36,percent
2024-07-05,global,us_10y_treasury,4.28,percent
2024-07-08,global,us_10y_treasury,4.28,percent
2024-07-09,global,us_10y_treasury,4.3,percent
2024-07-10,global,us_10y_treasury,4.28,percent
2024-07-11,global,us_10y_treasury,4.2,percent
2024-07-12,global,us_10y_treasury,4.18,percent
2024-07-15,global,us_10y_treasury,4.23,percent
2024-07-16,global,us_10y_treasury,4.17,percent
2024-07-17,global,us_10y_treasury,4.16,percent
2024-07-18,global,us_10y_treasury,4.2,percent
2024-07-19,global,us_10y_treasury,4.25,percent
2024-07-22,global,us_10y_treasury,4.26,percent
2024-07-23,global,us_10y_treasury,4.25,percent
2024-07-24,global,us_10y_treasury,4.28,percent
2024-07-25,global,us_10y_treasury,4.27,percent
2024-07-26,global,us_10y_treasury,4.2,percent
2024-07-29,global,us_10y_treasury,4.17,percent
2024-07-30,global,us_10y_treasury,4.15,percent
2024-07-31,global,us_10y_treasury,4.09,percent
2024-08-01,global,us_10y_treasury,3.99,percent
2024-08-02,global,us_10y_treasury,3.8,percent
2024-08-05,global,us_10y_treasury,3.78,percent
2024-08-06,global,us_10y_treasury,3.9,percent
2024-08-07,global,us_10y_treasury,3.96,percent
2024-08-08,global,us_10y_treasury,3.99,percent
2024-08-09,global,us_10y_treasury,3.94,percent
2024-08-12,global,us_10y_treasury,3.9,percent
2024-08-13,global,us_10y_treasury,3.85,percent
2024-08-14,global,us_10y_treasury,3.83,percent
2024-08-15,global,us_10y_treasury,3.92,percent
2024-08-16,global,us_10y_treasury,3.89,percent
2024-08-19,global,us_10y_treasury,3.86,percent
2024-08-20,global,us_10y_treasury,3.82,percent
2024-08-21,global,us_10y_treasury,3.79,percent
2024-08-22,global,us_10y_treasury,3.86,percent
2024-08-23,global,us_10y_treasury,3.81,percent
2024-08-26,global,us_10y_treasury,3.82,percent
2024-08-27,global,us_10y_treasury,3.83,percent
2024-08-28,global,us_10y_treasury,3.84,percent
2024-08-29,global,us_10y_treasury,3.87,percent
2024-08-30,global,us_10y_treasury,3.91,percent
2024-09-03,global,us_10y_treasury,3.84,percent
2024-09-04,global,us_10y_treasury,3.77,percent
2024-09-05,global,us_10y_treasury,3.73,percent
2024-09-06,global,us_10y_treasury,3.72,percent
2024-09-09,global,us_10y_treasury,3.7,percent
2024-09-10,global,us_10y_treasury,3.65,percent
2024-09-11,global,us_10y_treasury,3.65,percent
2024-09-12,global,us_10y_treasury,3.68,percent
2024-09-13,global,us_10y_treasury,3.66,percent
2024-09-16,global,us_10y_treasury,3.63,percent
2024-09-17,global,us_10y_treasury,3.65,percent
2024-09-18,global,us_10y_treasury,3.7,percent
2024-09-19,global,us_10y_treasury,3.73,percent
2024-09-20,global,us_10y_treasury,3.73,percent
2024-09-23,global,us_10y_treasury,3.75,percent
2024-09-24,global,us_10y_treasury,3.74,percent
2024-09-25,global,us_10y_treasury,3.79,percent
2024-09-26,global,us_10y_treasury,3.79,percent
2024-09-27,global,us_10y_treasury,3.75,percent
2024-09-30,global,us_10y_treasury,3.81,percent
2024-10-01,global,us_10y_treasury,3.74,percent
2024-10-02,global,us_10y_treasury,3.79,percent
2024-10-03,global,us_10y_treasury,3.85,percent
2024-10-04,global,us_10y_treasury,3.98,percent
2024-10-07,global,us_10y_treasury,4.03,percent
2024-10-08,global,us_10y_treasury,4.04,percent
2024-10-09,global,us_10y_treasury,4.06,percent
2024-10-10,global,us_10y_treasury,4.09,percent
2024-10-11,global,us_10y_treasury,4.08,percent
2024-10-15,global,us_10y_treasury,4.03,percent
2024-10-16,global,us_10y_treasury,4.02,percent
2024-10-17,global,us_10y_treasury,4.09,percent
2024-10-18,global,us_10y_treasury,4.08,percent
2024-10-21,global,us_10y_treasury,4.19,percent
2024-10-22,global,us_10y_treasury,4.2,percent
2024-10-23,global,us_10y_treasury,4.24,percent
2024-10-24,global,us_10y_treasury,4.21,percent
2024-10-25,global,us_10y_treasury,4.25,percent
2024-10-28,global,us_10y_treasury,4.28,percent
2024-10-29,global,us_10y_treasury,4.28,percent
2024-10-30,global,us_10y_treasury,4.29,percent
2024-10-31,global,us_10y_treasury,4.28,percent
2024-11-01,global,us_10y_treasury,4.37,percent
2024-11-04,global,us_10y_treasury,4.31,percent
2024-11-05,global,us_10y_treasury,4.26,percent
2024-11-06,global,us_10y_treasury,4.42,percent
2024-11-07,global,us_10y_treasury,4.31,percent
2024-11-08,global,us_10y_treasury,4.3,percent
2024-11-12,global,us_10y_treasury,4.43,percent
2024-11-13,global,us_10y_treasury,4.44,percent
2024-11-14,global,us_10y_treasury,4.43,percent
2024-11-15,global,us_10y_treasury,4.43,percent
2024-11-18,global,us_10y_treasury,4.42,percent
2024-11-19,global,us_10y_treasury,4.39,percent
2024-11-20,global,us_10y_treasury,4.41,percent
2024-11-21,global,us_10y_treasury,4.43,percent
2024-11-22,global,us_10y_treasury,4.41,percent
2024-11-25,global,us_10y_treasury,4.27,percent
2024-11-26,global,us_10y_treasury,4.3,percent
2024-11-27,global,us_10y_treasury,4.25,percent
2024-11-29,global,us_10y_treasury,4.18,percent
2024-12-02,global,us_10y_treasury,4.19,percent
2024-12-03,global,us_10y_treasury,4.23,percent
2024-12-04,global,us_10y_treasury,4.19,percent
2024-12-05,global,us_10y_treasury,4.17,percent
2024-12-06,global,us_10y_treasury,4.15,percent
2024-12-09,global,us_10y_treasury,4.2,percent
2024-12-10,global,us_10y_treasury,4.22,percent
2024-12-11,global,us_10y_treasury,4.26,percent
2024-12-12,global,us_10y_treasury,4.32,percent
2024-12-13,global,us_10y_treasury,4.4,percent
2024-12-16,global,us_10y_treasury,4.39,percent
2024-12-17,global,us_10y_treasury,4.4,percent
2024-12-18,global,us_10y_treasury,4.5,percent
2024-12-19,global,us_10y_treasury,4.57,percent
2024-12-20,global,us_10y_treasury,4.52,percent
2024-12-23,global,us_10y_treasury,4.59,percent
2024-12-24,global,us_10y_treasury,4.59,percent
2024-12-26,global,us_10y_treasury,4.58,percent
2024-12-27,global,us_10y_treasury,4.62,percent
2024-12-30,global,us_10y_treasury,4.55,percent
2024-12-31,global,us_10y_treasury,4.58,percent
2025-01-02,global,us_10y_treasury,4.57,percent
2025-01-03,global,us_10y_treasury,4.6,percent
2025-01-06,global,us_10y_treasury,4.62,percent
2025-01-07,global,us_10y_treasury,4.67,percent
2025-01-08,global,us_10y_treasury,4.67,percent
2025-01-09,global,us_10y_treasury,4.68,percent
2025-01-10,global,us_10y_treasury,4.77,percent
2025-01-13,global,us_10y_treasury,4.79,percent
2025-01-14,global,us_10y_treasury,4.78,percent
2025-01-15,global,us_10y_treasury,4.66,percent
2025-01-16,global,us_10y_treasury,4.61,percent
2025-01-17,global,us_10y_treasury,4.61,percent
2025-01-21,global,us_10y_treasury,4.57,percent
2025-01-22,global,us_10y_treasury,4.6,percent
2025-01-23,global,us_10y_treasury,4.65,percent
2025-01-24,global,us_10y_treasury,4.63,percent
2025-01-27,global,us_10y_treasury,4.53,percent
2025-01-28,global,us_10y_treasury,4.55,percent
2025-01-29,global,us_10y_treasury,4.55,percent
2025-01-30,global,us_10y_treasury,4.52,percent
2025-01-31,global,us_10y_treasury,4.58,percent
2025-02-03,global,us_10y_treasury,4.54,percent
2025-02-04,global,us_10y_treasury,4.52,percent
2025-02-05,global,us_10y_treasury,4.43,percent
2025-02-06,global,us_10y_treasury,4.45,percent
2025-02-07,global,us_10y_treasury,4.49,percent
2025-02-10,global,us_10y_treasury,4.51,percent
2025-02-11,global,us_10y_treasury,4.54,percent
2025-02-12,global,us_10y_treasury,4.62,percent
2025-02-13,global,us_10y_treasury,4.52,percent
2025-02-14,global,us_10y_treasury,4.47,percent
2025-02-18,global,us_10y_treasury,4.55,percent
2025-02-19,global,us_10y_treasury,4.53,percent
2025-02-20,global,us_10y_treasury,4.5,percent
2025-02-21,global,us_10y_treasury,4.42,percent
2025-02-24,global,us_10y_treasury,4.4,percent
2025-02-25,global,us_10y_treasury,4.3,percent
2025-02-26,global,us_10y_treasury,4.25,percent
2025-02-27,global,us_10y_treasury,4.29,percent
2025-02-28,global,us_10y_treasury,4.24,percent
2025-03-03,global,us_10y_treasury,4.16,percent
2025-03-04,global,us_10y_treasury,4.22,percent
2025-03-05,global,us_10y_treasury,4.28,percent
2025-03-06,global,us_10y_treasury,4.29,percent
2025-03-07,global,us_10y_treasury,4.32,percent
2025-03-10,global,us_10y_treasury,4.22,percent
2025-03-11,global,us_10y_treasury,4.28,percent
2025-03-12,global,us_10y_treasury,4.32,percent
2025-03-13,global,us_10y_treasury,4.27,percent
2025-03-14,global,us_10y_treasury,4.31,percent
2025-03-17,global,us_10y_treasury,4.31,percent
2025-03-18,global,us_10y_treasury,4.29,percent
2025-03-19,global,us_10y_treasury,4.25,percent
2025-03-20,global,us_10y_treasury,4.24,percent
2025-03-21,global,us_10y_treasury,4.25,percent
2025-03-24,global,us_10y_treasury,4.34,percent
2025-03-25,global,us_10y_treasury,4.31,percent
2025-03-26,global,us_10y_treasury,4.35,percent
2025-03-27,global,us_10y_treasury,4.38,percent
2025-03-28,global,us_10y_treasury,4.27,percent
2025-03-31,global,us_10y_treasury,4.23,percent
2025-04-01,global,us_10y_treasury,4.17,percent
2025-04-02,global,us_10y_treasury,4.2,percent
2025-04-03,global,us_10y_treasury,4.06,percent
2025-04-04,global,us_10y_treasury,4.01,percent
2025-04-07,global,us_10y_treasury,4.15,percent
2025-04-08,global,us_10y_treasury,4.26,percent
2025-04-09,global,us_10y_treasury,4.34,percent
2025-04-10,global,us_10y_treasury,4.4,percent
2025-04-11,global,us_10y_treasury,4.48,percent
2025-04-14,global,us_10y_treasury,4.38,percent
2025-04-15,global,us_10y_treasury,4.35,percent
2025-04-16,global,us_10y_treasury,4.29,percent
2025-04-17,global,us_10y_treasury,4.34,percent
2025-04-21,global,us_10y_treasury,4.42,percent
2025-04-22,global,us_10y_treasury,4.41,percent
2025-04-23,global,us_10y_treasury,4.4,percent
2025-04-24,global,us_10y_treasury,4.32,percent
2025-04-25,global,us_10y_treasury,4.29,percent
2025-04-28,global,us_10y_treasury,4.23,percent
2025-04-29,global,us_10y_treasury,4.19,percent
2025-04-30,global,us_10y_treasury,4.17,percent
2025-05-01,global,us_10y_treasury,4.25,percent
2025-05-02,global,us_10y_treasury,4.33,percent
2025-05-05,global,us_10y_treasury,4.36,percent
2025-05-06,global,us_10y_treasury,4.3,percent
2025-05-07,global,us_10y_treasury,4.26,percent
2025-05-08,global,us_10y_treasury,4.37,percent
2025-05-09,global,us_10y_treasury,4.37,percent
2025-05-12,global,us_10y_treasury,4.45,percent
2025-05-13,global,us_10y_treasury,4.49,percent
2025-05-14,global,us_10y_treasury,4.53,percent
2025-05-15,global,us_10y_treasury,4.45,percent
2025-05-16,global,us_10y_treasury,4.43,percent
2025-05-19,global,us_10y_treasury,4.46,percent
2025-05-20,global,us_10y_treasury,4.48,percent
2025-05-21,global,us_10y_treasury,4.58,percent
2025-05-22,global,us_10y_treasury,4.54,percent
2025-05-23,global,us_10y_treasury,4.51,percent
2025-05-27,global,us_10y_treasury,4.43,percent
2025-05-28,global,us_10y_treasury,4.47,percent
2025-05-29,global,us_10y_treasury,4.43,percent
2025-05-30,global,us_10y_treasury,4.41,percent
2025-06-02,global,us_10y_treasury,4.46,percent
2025-06-03,global,us_10y_treasury,4.46,percent
2025-06-04,global,us_10y_treasury,4.37,percent
2025-06-05,global,us_10y_treasury,4.4,percent
2025-06-06,global,us_10y_treasury,4.51,percent
2025-06-09,global,us_10y_treasury,4.49,percent
2025-06-10,global,us_10y_treasury,4.47,percent
2025-06-11,global,us_10y_treasury,4.41,percent
2025-06-12,global,us_10y_treasury,4.36,percent
2025-06-13,global,us_10y_treasury,4.41,percent
2025-06-16,global,us_10y_treasury,4.46,percent
2025-06-17,global,us_10y_treasury,4.39,percent
2025-06-18,global,us_10y_treasury,4.38,percent
2025-06-20,global,us_10y_treasury,4.38,percent
2025-06-23,global,us_10y_treasury,4.34,percent
2025-06-24,global,us_10y_treasury,4.3,percent
2025-06-25,global,us_10y_treasury,4.29,percent
2025-06-26,global,us_10y_treasury,4.26,percent
2025-06-27,global,us_10y_treasury,4.29,percent
2025-06-30,global,us_10y_treasury,4.24,percent
2025-07-01,global,us_10y_treasury,4.26,percent
2025-07-02,global,us_10y_treasury,4.3,percent
2025-07-03,global,us_10y_treasury,4.35,percent
2025-07-07,global,us_10y_treasury,4.4,percent
2025-07-08,global,us_10y_treasury,4.42,percent
2025-07-09,global,us_10y_treasury,4.34,percent
2025-07-10,global,us_10y_treasury,4.35,percent
2025-07-11,global,us_10y_treasury,4.43,percent
2025-07-14,global,us_10y_treasury,4.43,percent
2025-07-15,global,us_10y_treasury,4.5,percent
2025-07-16,global,us_10y_treasury,4.46,percent
2025-07-17,global,us_10y_treasury,4.47,percent
2025-07-18,global,us_10y_treasury,4.44,percent
2025-07-21,global,us_10y_treasury,4.38,percent
2025-07-22,global,us_10y_treasury,4.35,percent
2025-07-23,global,us_10y_treasury,4.4,percent
2025-07-24,global,us_10y_treasury,4.43,percent
2025-07-25,global,us_10y_treasury,4.4,percent
2025-07-28,global,us_10y_treasury,4.42,percent
2025-07-29,global,us_10y_treasury,4.34,percent
2025-07-30,global,us_10y_treasury,4.38,percent
2025-07-31,global,us_10y_treasury,4.37,percent
2025-08-01,global,us_10y_treasury,4.23,percent
2025-08-04,global,us_10y_treasury,4.22,percent
2025-08-05,global,us_10y_treasury,4.22,percent
2025-08-06,global,us_10y_treasury,4.22,percent
2025-08-07,global,us_10y_treasury,4.23,percent
2025-08-08,global,us_10y_treasury,4.27,percent
2025-08-11,global,us_10y_treasury,4.27,percent
2025-08-12,global,us_10y_treasury,4.29,percent
2025-08-13,global,us_10y_treasury,4.24,percent
2025-08-14,global,us_10y_treasury,4.29,percent
2025-08-15,global,us_10y_treasury,4.33,percent
2025-08-18,global,us_10y_treasury,4.34,percent
2025-08-19,global,us_10y_treasury,4.3,percent
2025-08-20,global,us_10y_treasury,4.29,percent
2025-08-21,global,us_10y_treasury,4.33,percent
2025-08-22,global,us_10y_treasury,4.26,percent
2025-08-25,global,us_10y_treasury,4.28,percent
2025-08-26,global,us_10y_treasury,4.26,percent
2025-08-27,global,us_10y_treasury,4.24,percent
2025-08-28,global,us_10y_treasury,4.22,percent
2025-08-29,global,us_10y_treasury,4.23,percent
2025-09-02,global,us_10y_treasury,4.28,percent
2025-09-03,global,us_10y_treasury,4.22,percent
2025-09-04,global,us_10y_treasury,4.17,percent
2025-09-05,global,us_10y_treasury,4.1,percent
2025-09-08,global,us_10y_treasury,4.05,percent
2025-09-09,global,us_10y_treasury,4.08,percent
2025-09-10,global,us_10y_treasury,4.04,percent
2025-09-11,global,us_10y_treasury,4.01,percent
2025-09-12,global,us_10y_treasury,4.06,percent
2025-09-15,global,us_10y_treasury,4.05,percent
2025-09-16,global,us_10y_treasury,4.04,percent
2025-09-17,global,us_10y_treasury,4.06,percent
2025-09-18,global,us_10y_treasury,4.11,percent
2025-09-19,global,us_10y_treasury,4.14,percent
2025-09-22,global,us_10y_treasury,4.15,percent
2025-09-23,global,us_10y_treasury,4.12,percent
2025-09-24,global,us_10y_treasury,4.16,percent
2025-09-25,global,us_10y_treasury,4.18,percent
2025-09-26,global,us_10y_treasury,4.2,percent
2025-09-29,global,us_10y_treasury,4.15,percent
2025-09-30,global,us_10y_treasury,4.16,percent
2025-10-01,global,us_10y_treasury,4.12,percent
2025-10-02,global,us_10y_treasury,4.1,percent
2025-10-03,global,us_10y_treasury,4.13,percent
2025-10-06,global,us_10y_treasury,4.18,percent
2025-10-07,global,us_10y_treasury,4.14,percent
2025-10-08,global,us_10y_treasury,4.13,percent
2025-10-09,global,us_10y_treasury,4.14,percent
2025-10-10,global,us_10y_treasury,4.05,percent
2025-10-14,global,us_10y_treasury,4.03,percent
2025-10-15,global,us_10y_treasury,4.05,percent
2025-10-16,global,us_10y_treasury,3.99,percent
2025-10-17,global,us_10y_treasury,4.02,percent
2025-10-20,global,us_10y_treasury,4.0,percent
2025-10-21,global,us_10y_treasury,3.98,percent
2025-10-22,global,us_10y_treasury,3.97,percent
2025-10-23,global,us_10y_treasury,4.01,percent
2025-10-24,global,us_10y_treasury,4.02,percent
2025-10-27,global,us_10y_treasury,4.01,percent
2025-10-28,global,us_10y_treasury,3.99,percent
2025-10-29,global,us_10y_treasury,4.08,percent
2025-10-30,global,us_10y_treasury,4.11,percent
2025-10-31,global,us_10y_treasury,4.11,percent
2025-11-03,global,us_10y_treasury,4.13,percent
2025-11-04,global,us_10y_treasury,4.1,percent
2025-11-05,global,us_10y_treasury,4.17,percent
2025-11-06,global,us_10y_treasury,4.11,percent
2025-11-07,global,us_10y_treasury,4.11,percent
2025-11-10,global,us_10y_treasury,4.13,percent
2025-11-12,global,us_10y_treasury,4.08,percent
2025-11-13,global,us_10y_treasury,4.11,percent
2025-11-14,global,us_10y_treasury,4.14,percent
2025-11-17,global,us_10y_treasury,4.13,percent
2025-11-18,global,us_10y_treasury,4.12,percent
2025-11-19,global,us_10y_treasury,4.13,percent
2025-11-20,global,us_10y_treasury,4.1,percent
2025-11-21,global,us_10y_treasury,4.06,percent
2025-11-24,global,us_10y_treasury,4.04,percent
2025-11-25,global,us_10y_treasury,4.01,percent
2025-11-26,global,us_10y_treasury,4.0,percent
2025-11-28,global,us_10y_treasury,4.02,percent
2025-12-01,global,us_10y_treasury,4.09,percent
2025-12-02,global,us_10y_treasury,4.09,percent
2025-12-03,global,us_10y_treasury,4.06,percent
2025-12-04,global,us_10y_treasury,4.11,percent
2025-12-05,global,us_10y_treasury,4.14,percent
2025-12-08,global,us_10y_treasury,4.17,percent
2025-12-09,global,us_10y_treasury,4.18,percent
2025-12-10,global,us_10y_treasury,4.13,percent
2025-12-11,global,us_10y_treasury,4.14,percent
2025-12-12,global,us_10y_treasury,4.19,percent
2025-12-15,global,us_10y_treasury,4.18,percent
2025-12-16,global,us_10y_treasury,4.15,percent
2025-12-17,global,us_10y_treasury,4.16,percent
2025-12-18,global,us_10y_treasury,4.12,percent
2025-12-19,global,us_10y_treasury,4.16,percent
2025-12-22,global,us_10y_treasury,4.17,percent
2025-12-23,global,us_10y_treasury,4.18,percent
2025-12-24,global,us_10y_treasury,4.15,percent
2025-12-26,global,us_10y_treasury,4.14,percent
2025-12-29,global,us_10y_treasury,4.12,percent
2025-12-30,global,us_10y_treasury,4.14,percent
2025-12-31,global,us_10y_treasury,4.18,percent
2026-01-02,global,us_10y_treasury,4.19,percent
2026-01-05,global,us_10y_treasury,4.17,percent
2026-01-06,global,us_10y_treasury,4.18,percent
2026-01-07,global,us_10y_treasury,4.15,percent
2026-01-08,global,us_10y_treasury,4.19,percent
2026-01-09,global,us_10y_treasury,4.18,percent
2026-01-12,global,us_10y_treasury,4.19,percent
2026-01-13,global,us_10y_treasury,4.18,percent
2026-01-14,global,us_10y_treasury,4.15,percent
2026-01-15,global,us_10y_treasury,4.17,percent
2026-01-16,global,us_10y_treasury,4.24,percent
2026-01-20,global,us_10y_treasury,4.3,percent
2026-01-21,global,us_10y_treasury,4.26,percent
2026-01-22,global,us_10y_treasury,4.26,percent
2026-01-23,global,us_10y_treasury,4.24,percent
2026-01-26,global,us_10y_treasury,4.22,percent
2026-01-27,global,us_10y_treasury,4.24,percent
2026-01-28,global,us_10y_treasury,4.26,percent
2026-01-29,global,us_10y_treasury,4.24,percent
2026-01-30,global,us_10y_treasury,4.26,percent
2026-02-02,global,us_10y_treasury,4.29,percent
2026-02-03,global,us_10y_treasury,4.28,percent
2026-02-04,global,us_10y_treasury,4.29,percent
2026-02-05,global,us_10y_treasury,4.21,percent
2026-02-06,global,us_10y_treasury,4.22,percent
2026-02-09,global,us_10y_treasury,4.22,percent
2026-02-10,global,us_10y_treasury,4.16,percent
2026-02-11,global,us_10y_treasury,4.18,percent
2026-02-12,global,us_10y_treasury,4.09,percent
2026-02-13,global,us_10y_treasury,4.04,percent
2026-02-17,global,us_10y_treasury,4.05,percent
2026-02-18,global,us_10y_treasury,4.09,percent
2026-02-19,global,us_10y_treasury,4.08,percent
2026-02-20,global,us_10y_treasury,4.08,percent
2026-02-23,global,us_10y_treasury,4.03,percent
2026-02-24,global,us_10y_treasury,4.04,percent
2026-02-25,global,us_10y_treasury,4.05,percent
2026-02-26,global,us_10y_treasury,4.02,percent
2026-02-27,global,us_10y_treasury,3.97,percent
2026-03-02,global,us_10y_treasury,4.05,percent
2026-03-03,global,us_10y_treasury,4.06,percent
2026-03-04,global,us_10y_treasury,4.09,percent
2026-03-05,global,us_10y_treasury,4.13,percent
2026-03-06,global,us_10y_treasury,4.15,percent
2026-03-09,global,us_10y_treasury,4.12,percent
2026-03-10,global,us_10y_treasury,4.15,percent
2026-03-11,global,us_10y_treasury,4.21,percent
2026-03-12,global,us_10y_treasury,4.27,percent
2026-03-13,global,us_10y_treasury,4.28,percent
2026-03-16,global,us_10y_treasury,4.23,percent
2026-03-17,global,us_10y_treasury,4.2,percent
2026-03-18,global,us_10y_treasury,4.26,percent
2026-03-19,global,us_10y_treasury,4.25,percent
2026-03-20,global,us_10y_treasury,4.39,percent
2026-03-23,global,us_10y_treasury,4.34,percent
2026-03-24,global,us_10y_treasury,4.39,percent
2026-03-25,global,us_10y_treasury,4.33,percent
2026-03-26,global,us_10y_treasury,4.42,percent
2026-03-27,global,us_10y_treasury,4.44,percent
2026-03-30,global,us_10y_treasury,4.35,percent
2026-03-31,global,us_10y_treasury,4.3,percent
2026-04-01,global,us_10y_treasury,4.33,percent
2026-04-02,global,us_10y_treasury,4.31,percent
2026-04-03,global,us_10y_treasury,4.35,percent
2026-04-06,global,us_10y_treasury,4.34,percent
2026-04-07,global,us_10y_treasury,4.33,percent
2026-04-08,global,us_10y_treasury,4.29,percent
2026-04-09,global,us_10y_treasury,4.29,percent
2026-04-10,global,us_10y_treasury,4.31,percent
2026-04-13,global,us_10y_treasury,4.3,percent
2026-04-14,global,us_10y_treasury,4.26,percent
2026-04-15,global,us_10y_treasury,4.29,percent
2026-04-16,global,us_10y_treasury,4.32,percent
2026-04-17,global,us_10y_treasury,4.26,percent
2026-04-20,global,us_10y_treasury,4.26,percent
2026-04-21,global,us_10y_treasury,4.3,percent
2026-04-22,global,us_10y_treasury,4.3,percent
2026-04-23,global,us_10y_treasury,4.34,percent
2026-04-24,global,us_10y_treasury,4.31,percent
2026-04-27,global,us_10y_treasury,4.35,percent
2026-04-28,global,us_10y_treasury,4.36,percent
2026-04-29,global,us_10y_treasury,4.42,percent
2026-04-30,global,us_10y_treasury,4.4,percent
2026-05-01,global,us_10y_treasury,4.39,percent
2026-05-04,global,us_10y_treasury,4.45,percent
2026-05-05,global,us_10y_treasury,4.43,percent
2026-05-06,global,us_10y_treasury,4.36,percent
2026-05-07,global,us_10y_treasury,4.41,percent
2026-05-08,global,us_10y_treasury,4.38,percent
2026-05-11,global,us_10y_treasury,4.42,percent
2026-05-12,global,us_10y_treasury,4.46,percent
2026-05-13,global,us_10y_treasury,4.46,percent
2026-05-14,global,us_10y_treasury,4.47,percent
2026-05-15,global,us_10y_treasury,4.59,percent
2026-05-18,global,us_10y_treasury,4.61,percent
2026-05-19,global,us_10y_treasury,4.67,percent
2026-05-20,global,us_10y_treasury,4.57,percent
2026-05-21,global,us_10y_treasury,4.57,percent
2026-05-22,global,us_10y_treasury,4.56,percent
2026-05-26,global,us_10y_treasury,4.5,percent
2026-05-27,global,us_10y_treasury,4.48,percent
2026-05-28,global,us_10y_treasury,4.45,percent
2026-05-29,global,us_10y_treasury,4.45,percent
2026-06-01,global,us_10y_treasury,4.47,percent
2026-06-02,global,us_10y_treasury,4.46,percent
2026-06-03,global,us_10y_treasury,4.49,percent
2026-06-04,global,us_10y_treasury,4.47,percent
2026-06-05,global,us_10y_treasury,4.55,percent
2026-06-08,global,us_10y_treasury,4.56,percent
2026-06-09,global,us_10y_treasury,4.53,percent
2026-06-10,global,us_10y_treasury,4.55,percent
2026-06-11,global,us_10y_treasury,4.45,percent
2026-06-12,global,us_10y_treasury,4.48,percent
2026-06-15,global,us_10y_treasury,4.47,percent
2026-06-16,global,us_10y_treasury,4.43,percent
2026-06-17,global,us_10y_treasury,4.49,percent
2026-06-18,global,us_10y_treasury,4.46,percent
2026-06-22,global,us_10y_treasury,4.51,percent
2026-06-23,global,us_10y_treasury,4.5,percent
2026-06-24,global,us_10y_treasury,4.41,percent
2026-06-25,global,us_10y_treasury,4.4,percent
2026-06-26,global,us_10y_treasury,4.38,percent
2026-06-29,global,us_10y_treasury,4.38,percent
2026-06-30,global,us_10y_treasury,4.44,percent
2026-07-01,global,us_10y_treasury,4.48,percent
2026-07-02,global,us_10y_treasury,4.49,percent
2026-07-06,global,us_10y_treasury,4.48,percent
2026-07-07,global,us_10y_treasury,4.55,percent
2026-07-08,global,us_10y_treasury,4.56,percent
2026-07-09,global,us_10y_treasury,4.54,percent
2026-07-10,global,us_10y_treasury,4.56,percent
2026-07-13,global,us_10y_treasury,4.62,percent
2026-07-14,global,us_10y_treasury,4.58,percent
2026-07-15,global,us_10y_treasury,4.55,percent
2026-07-16,global,us_10y_treasury,4.57,percent
2026-07-17,global,us_10y_treasury,4.55,percent
2026-07-20,global,us_10y_treasury,4.6,percent
2026-07-21,global,us_10y_treasury,4.63,percent
2026-07-22,global,us_10y_treasury,4.67,percent
2026-07-23,global,us_10y_treasury,4.71,percent
2026-07-24,global,us_10y_treasury,4.69,percent
2026-07-27,global,us_10y_treasury,4.65,percent
2026-07-28,global,us_10y_treasury,4.61,percent
2026-07-29,global,us_10y_treasury,4.67,percent
2026-07-30,global,us_10y_treasury,4.68,percent
2026-07-31,global,us_10y_treasury,4.75,percent
2026-08-03,global,us_10y_treasury,4.7,percent
2026-08-04,global,us_10y_treasury,4.63,percent
2026-08-05,global,us_10y_treasury,4.63,percent
2026-08-06,global,us_10y_treasury,4.69,percent
2026-08-07,global,us_10y_treasury,4.65,percent
2026-08-10,global,us_10y_treasury,4.72,percent
2026-08-11,global,us_10y_treasury,4.7,percent
2026-08-12,global,us_10y_treasury,4.68,percent
2026-08-13,global,us_10y_treasury,4.63,percent
2026-08-14,global,us_10y_treasury,4.68,percent
2026-08-17,global,us_10y_treasury,4.72,percent
2026-08-18,global,us_10y_treasury,4.71,percent
2026-08-19,global,us_10y_treasury,4.65,percent
2026-08-20,global,us_10y_treasury,4.69,percent
