date,region,metric,value,unit
2001-07-31,melbourne,approvals_dwellings_total,2885,dwellings
2001-08-31,melbourne,approvals_dwellings_total,4622,dwellings
2001-09-30,melbourne,approvals_dwellings_total,3115,dwellings
2001-10-31,melbourne,approvals_dwellings_total,3127,dwellings
2001-11-30,melbourne,approvals_dwellings_total,2738,dwellings
2001-12-31,melbourne,approvals_dwellings_total,2866,dwellings
2002-01-31,melbourne,approvals_dwellings_total,2592,dwellings
2002-02-28,melbourne,approvals_dwellings_total,2821,dwellings
2002-03-31,melbourne,approvals_dwellings_total,2600,dwellings
2002-04-30,melbourne,approvals_dwellings_total,3447,dwellings
2002-05-31,melbourne,approvals_dwellings_total,3167,dwellings
2002-06-30,melbourne,approvals_dwellings_total,3016,dwellings
2002-07-31,melbourne,approvals_dwellings_total,3178,dwellings
2002-08-31,melbourne,approvals_dwellings_total,4768,dwellings
2002-09-30,melbourne,approvals_dwellings_total,2825,dwellings
2002-10-31,melbourne,approvals_dwellings_total,3609,dwellings
2002-11-30,melbourne,approvals_dwellings_total,2419,dwellings
2002-12-31,melbourne,approvals_dwellings_total,2658,dwellings
2003-01-31,melbourne,approvals_dwellings_total,2484,dwellings
2003-02-28,melbourne,approvals_dwellings_total,2501,dwellings
2003-03-31,melbourne,approvals_dwellings_total,2512,dwellings
2003-04-30,melbourne,approvals_dwellings_total,3484,dwellings
2003-05-31,melbourne,approvals_dwellings_total,2797,dwellings
2003-06-30,melbourne,approvals_dwellings_total,3005,dwellings
2003-07-31,melbourne,approvals_dwellings_total,2755,dwellings
2003-08-31,melbourne,approvals_dwellings_total,2739,dwellings
2003-09-30,melbourne,approvals_dwellings_total,3140,dwellings
2003-10-31,melbourne,approvals_dwellings_total,4041,dwellings
2003-11-30,melbourne,approvals_dwellings_total,2517,dwellings
2003-12-31,melbourne,approvals_dwellings_total,2407,dwellings
2004-01-31,melbourne,approvals_dwellings_total,2871,dwellings
2004-02-29,melbourne,approvals_dwellings_total,2354,dwellings
2004-03-31,melbourne,approvals_dwellings_total,2696,dwellings
2004-04-30,melbourne,approvals_dwellings_total,2614,dwellings
2004-05-31,melbourne,approvals_dwellings_total,2884,dwellings
2004-06-30,melbourne,approvals_dwellings_total,2416,dwellings
2004-07-31,melbourne,approvals_dwellings_total,2439,dwellings
2004-08-31,melbourne,approvals_dwellings_total,2501,dwellings
2004-09-30,melbourne,approvals_dwellings_total,2329,dwellings
2004-10-31,melbourne,approvals_dwellings_total,2595,dwellings
2004-11-30,melbourne,approvals_dwellings_total,2539,dwellings
2004-12-31,melbourne,approvals_dwellings_total,1906,dwellings
2005-01-31,melbourne,approvals_dwellings_total,1614,dwellings
2005-02-28,melbourne,approvals_dwellings_total,2237,dwellings
2005-03-31,melbourne,approvals_dwellings_total,2393,dwellings
2005-04-30,melbourne,approvals_dwellings_total,2682,dwellings
2005-05-31,melbourne,approvals_dwellings_total,2931,dwellings
2005-06-30,melbourne,approvals_dwellings_total,3531,dwellings
2005-07-31,melbourne,approvals_dwellings_total,1828,dwellings
2005-08-31,melbourne,approvals_dwellings_total,2093,dwellings
2005-09-30,melbourne,approvals_dwellings_total,2092,dwellings
2005-10-31,melbourne,approvals_dwellings_total,2162,dwellings
2005-11-30,melbourne,approvals_dwellings_total,2469,dwellings
2005-12-31,melbourne,approvals_dwellings_total,1743,dwellings
2006-01-31,melbourne,approvals_dwellings_total,1539,dwellings
2006-02-28,melbourne,approvals_dwellings_total,2077,dwellings
2006-03-31,melbourne,approvals_dwellings_total,2680,dwellings
2006-04-30,melbourne,approvals_dwellings_total,1815,dwellings
2006-05-31,melbourne,approvals_dwellings_total,2626,dwellings
2006-06-30,melbourne,approvals_dwellings_total,2273,dwellings
2006-07-31,melbourne,approvals_dwellings_total,2512,dwellings
2006-08-31,melbourne,approvals_dwellings_total,2664,dwellings
2006-09-30,melbourne,approvals_dwellings_total,2137,dwellings
2006-10-31,melbourne,approvals_dwellings_total,2357,dwellings
2006-11-30,melbourne,approvals_dwellings_total,2434,dwellings
2006-12-31,melbourne,approvals_dwellings_total,1745,dwellings
2007-01-31,melbourne,approvals_dwellings_total,1507,dwellings
2007-02-28,melbourne,approvals_dwellings_total,2507,dwellings
2007-03-31,melbourne,approvals_dwellings_total,2294,dwellings
2007-04-30,melbourne,approvals_dwellings_total,2052,dwellings
2007-05-31,melbourne,approvals_dwellings_total,2701,dwellings
2007-06-30,melbourne,approvals_dwellings_total,2389,dwellings
2007-07-31,melbourne,approvals_dwellings_total,2719,dwellings
2007-08-31,melbourne,approvals_dwellings_total,2847,dwellings
2007-09-30,melbourne,approvals_dwellings_total,2900,dwellings
2007-10-31,melbourne,approvals_dwellings_total,3496,dwellings
2007-11-30,melbourne,approvals_dwellings_total,2663,dwellings
2007-12-31,melbourne,approvals_dwellings_total,2238,dwellings
2008-01-31,melbourne,approvals_dwellings_total,2152,dwellings
2008-02-29,melbourne,approvals_dwellings_total,2823,dwellings
2008-03-31,melbourne,approvals_dwellings_total,2436,dwellings
2008-04-30,melbourne,approvals_dwellings_total,2512,dwellings
2008-05-31,melbourne,approvals_dwellings_total,2806,dwellings
2008-06-30,melbourne,approvals_dwellings_total,2848,dwellings
2008-07-31,melbourne,approvals_dwellings_total,3206,dwellings
2008-08-31,melbourne,approvals_dwellings_total,2735,dwellings
2008-09-30,melbourne,approvals_dwellings_total,2782,dwellings
2008-10-31,melbourne,approvals_dwellings_total,3085,dwellings
2008-11-30,melbourne,approvals_dwellings_total,2194,dwellings
2008-12-31,melbourne,approvals_dwellings_total,2069,dwellings
2009-01-31,melbourne,approvals_dwellings_total,1875,dwellings
2009-02-28,melbourne,approvals_dwellings_total,2698,dwellings
2009-03-31,melbourne,approvals_dwellings_total,3284,dwellings
2009-04-30,melbourne,approvals_dwellings_total,2506,dwellings
2009-05-31,melbourne,approvals_dwellings_total,2369,dwellings
2009-06-30,melbourne,approvals_dwellings_total,3350,dwellings
2009-07-31,melbourne,approvals_dwellings_total,3966,dwellings
2009-08-31,melbourne,approvals_dwellings_total,3009,dwellings
2009-09-30,melbourne,approvals_dwellings_total,3701,dwellings
2009-10-31,melbourne,approvals_dwellings_total,3585,dwellings
2009-11-30,melbourne,approvals_dwellings_total,3467,dwellings
2009-12-31,melbourne,approvals_dwellings_total,3765,dwellings
2010-01-31,melbourne,approvals_dwellings_total,2549,dwellings
2010-02-28,melbourne,approvals_dwellings_total,3452,dwellings
2010-03-31,melbourne,approvals_dwellings_total,4612,dwellings
2010-04-30,melbourne,approvals_dwellings_total,3766,dwellings
2010-05-31,melbourne,approvals_dwellings_total,3754,dwellings
2010-06-30,melbourne,approvals_dwellings_total,4350,dwellings
2010-07-31,melbourne,approvals_dwellings_total,4827,dwellings
2010-08-31,melbourne,approvals_dwellings_total,4938,dwellings
2010-09-30,melbourne,approvals_dwellings_total,4522,dwellings
2010-10-31,melbourne,approvals_dwellings_total,4224,dwellings
2010-11-30,melbourne,approvals_dwellings_total,4007,dwellings
2010-12-31,melbourne,approvals_dwellings_total,4331,dwellings
2011-01-31,melbourne,approvals_dwellings_total,3203,dwellings
2011-02-28,melbourne,approvals_dwellings_total,3045,dwellings
2011-03-31,melbourne,approvals_dwellings_total,4595,dwellings
2011-04-30,melbourne,approvals_dwellings_total,3721,dwellings
2011-05-31,melbourne,approvals_dwellings_total,3183,dwellings
2011-06-30,melbourne,approvals_dwellings_total,3957,dwellings
2011-07-31,melbourne,approvals_dwellings_total,3661,dwellings
2011-08-31,melbourne,approvals_dwellings_total,3915,dwellings
2011-09-30,melbourne,approvals_dwellings_total,3310,dwellings
2011-10-31,melbourne,approvals_dwellings_total,2532,dwellings
2011-11-30,melbourne,approvals_dwellings_total,3357,dwellings
2011-12-31,melbourne,approvals_dwellings_total,2504,dwellings
2012-01-31,melbourne,approvals_dwellings_total,1921,dwellings
2012-02-29,melbourne,approvals_dwellings_total,3463,dwellings
2012-03-31,melbourne,approvals_dwellings_total,2832,dwellings
2012-04-30,melbourne,approvals_dwellings_total,2770,dwellings
2012-05-31,melbourne,approvals_dwellings_total,4242,dwellings
2012-06-30,melbourne,approvals_dwellings_total,4886,dwellings
2012-07-31,melbourne,approvals_dwellings_total,2733,dwellings
2012-08-31,melbourne,approvals_dwellings_total,4023,dwellings
2012-09-30,melbourne,approvals_dwellings_total,3814,dwellings
2012-10-31,melbourne,approvals_dwellings_total,3401,dwellings
2012-11-30,melbourne,approvals_dwellings_total,3593,dwellings
2012-12-31,melbourne,approvals_dwellings_total,3046,dwellings
2013-01-31,melbourne,approvals_dwellings_total,2269,dwellings
2013-02-28,melbourne,approvals_dwellings_total,2633,dwellings
2013-03-31,melbourne,approvals_dwellings_total,2859,dwellings
2013-04-30,melbourne,approvals_dwellings_total,3448,dwellings
2013-05-31,melbourne,approvals_dwellings_total,3465,dwellings
2013-06-30,melbourne,approvals_dwellings_total,2438,dwellings
2013-07-31,melbourne,approvals_dwellings_total,3851,dwellings
2013-08-31,melbourne,approvals_dwellings_total,3155,dwellings
2013-09-30,melbourne,approvals_dwellings_total,4097,dwellings
2013-10-31,melbourne,approvals_dwellings_total,4621,dwellings
2013-11-30,melbourne,approvals_dwellings_total,3770,dwellings
2013-12-31,melbourne,approvals_dwellings_total,3150,dwellings
2014-01-31,melbourne,approvals_dwellings_total,2891,dwellings
2014-02-28,melbourne,approvals_dwellings_total,3899,dwellings
2014-03-31,melbourne,approvals_dwellings_total,3256,dwellings
2014-04-30,melbourne,approvals_dwellings_total,4608,dwellings
2014-05-31,melbourne,approvals_dwellings_total,3412,dwellings
2014-06-30,melbourne,approvals_dwellings_total,3590,dwellings
2014-07-31,melbourne,approvals_dwellings_total,4139,dwellings
2014-08-31,melbourne,approvals_dwellings_total,4461,dwellings
2014-09-30,melbourne,approvals_dwellings_total,3888,dwellings
2014-10-31,melbourne,approvals_dwellings_total,4912,dwellings
2014-11-30,melbourne,approvals_dwellings_total,6005,dwellings
2014-12-31,melbourne,approvals_dwellings_total,4543,dwellings
2015-01-31,melbourne,approvals_dwellings_total,3153,dwellings
2015-02-28,melbourne,approvals_dwellings_total,5609,dwellings
2015-03-31,melbourne,approvals_dwellings_total,5084,dwellings
2015-04-30,melbourne,approvals_dwellings_total,4879,dwellings
2015-05-31,melbourne,approvals_dwellings_total,5663,dwellings
2015-06-30,melbourne,approvals_dwellings_total,3819,dwellings
2015-07-31,melbourne,approvals_dwellings_total,5017,dwellings
2015-08-31,melbourne,approvals_dwellings_total,4557,dwellings
2015-09-30,melbourne,approvals_dwellings_total,5253,dwellings
2015-10-31,melbourne,approvals_dwellings_total,6260,dwellings
2015-11-30,melbourne,approvals_dwellings_total,3552,dwellings
2015-12-31,melbourne,approvals_dwellings_total,4601,dwellings
2016-01-31,melbourne,approvals_dwellings_total,3486,dwellings
2016-02-29,melbourne,approvals_dwellings_total,4701,dwellings
2016-03-31,melbourne,approvals_dwellings_total,4589,dwellings
2016-04-30,melbourne,approvals_dwellings_total,4550,dwellings
2016-05-31,melbourne,approvals_dwellings_total,5024,dwellings
2016-06-30,melbourne,approvals_dwellings_total,4882,dwellings
2016-07-31,melbourne,approvals_dwellings_total,6099,dwellings
2016-08-31,melbourne,approvals_dwellings_total,5544,dwellings
2016-09-30,melbourne,approvals_dwellings_total,4461,dwellings
2016-10-31,melbourne,approvals_dwellings_total,3760,dwellings
2016-11-30,melbourne,approvals_dwellings_total,4886,dwellings
2016-12-31,melbourne,approvals_dwellings_total,5486,dwellings
2017-01-31,melbourne,approvals_dwellings_total,3776,dwellings
2017-02-28,melbourne,approvals_dwellings_total,4849,dwellings
2017-03-31,melbourne,approvals_dwellings_total,4532,dwellings
2017-04-30,melbourne,approvals_dwellings_total,3592,dwellings
2017-05-31,melbourne,approvals_dwellings_total,4389,dwellings
2017-06-30,melbourne,approvals_dwellings_total,4347,dwellings
2017-07-31,melbourne,approvals_dwellings_total,4581,dwellings
2017-08-31,melbourne,approvals_dwellings_total,4867,dwellings
2017-09-30,melbourne,approvals_dwellings_total,4493,dwellings
2017-10-31,melbourne,approvals_dwellings_total,6052,dwellings
2017-11-30,melbourne,approvals_dwellings_total,9064,dwellings
2017-12-31,melbourne,approvals_dwellings_total,4698,dwellings
2018-01-31,melbourne,approvals_dwellings_total,4924,dwellings
2018-02-28,melbourne,approvals_dwellings_total,4826,dwellings
2018-03-31,melbourne,approvals_dwellings_total,5606,dwellings
2018-04-30,melbourne,approvals_dwellings_total,4628,dwellings
2018-05-31,melbourne,approvals_dwellings_total,5119,dwellings
2018-06-30,melbourne,approvals_dwellings_total,4188,dwellings
2018-07-31,melbourne,approvals_dwellings_total,4245,dwellings
2018-08-31,melbourne,approvals_dwellings_total,3990,dwellings
2018-09-30,melbourne,approvals_dwellings_total,4775,dwellings
2018-10-31,melbourne,approvals_dwellings_total,5166,dwellings
2018-11-30,melbourne,approvals_dwellings_total,4111,dwellings
2018-12-31,melbourne,approvals_dwellings_total,3075,dwellings
2019-01-31,melbourne,approvals_dwellings_total,2699,dwellings
2019-02-28,melbourne,approvals_dwellings_total,4736,dwellings
2019-03-31,melbourne,approvals_dwellings_total,4034,dwellings
2019-04-30,melbourne,approvals_dwellings_total,2844,dwellings
2019-05-31,melbourne,approvals_dwellings_total,3838,dwellings
2019-06-30,melbourne,approvals_dwellings_total,3778,dwellings
2019-07-31,melbourne,approvals_dwellings_total,3242,dwellings
2019-08-31,melbourne,approvals_dwellings_total,3521,dwellings
2019-09-30,melbourne,approvals_dwellings_total,3533,dwellings
2019-10-31,melbourne,approvals_dwellings_total,4277,dwellings
2019-11-30,melbourne,approvals_dwellings_total,4010,dwellings
2019-12-31,melbourne,approvals_dwellings_total,5281,dwellings
2020-01-31,melbourne,approvals_dwellings_total,2739,dwellings
2020-02-29,melbourne,approvals_dwellings_total,5925,dwellings
2020-03-31,melbourne,approvals_dwellings_total,4119,dwellings
2020-04-30,melbourne,approvals_dwellings_total,4422,dwellings
2020-05-31,melbourne,approvals_dwellings_total,3708,dwellings
2020-06-30,melbourne,approvals_dwellings_total,3544,dwellings
2020-07-31,melbourne,approvals_dwellings_total,4926,dwellings
2020-08-31,melbourne,approvals_dwellings_total,4250,dwellings
2020-09-30,melbourne,approvals_dwellings_total,4652,dwellings
2020-10-31,melbourne,approvals_dwellings_total,3985,dwellings
2020-11-30,melbourne,approvals_dwellings_total,3477,dwellings
2020-12-31,melbourne,approvals_dwellings_total,3202,dwellings
2021-01-31,melbourne,approvals_dwellings_total,2453,dwellings
2021-02-28,melbourne,approvals_dwellings_total,4070,dwellings
2021-03-31,melbourne,approvals_dwellings_total,5653,dwellings
2021-04-30,melbourne,approvals_dwellings_total,4028,dwellings
2021-05-31,melbourne,approvals_dwellings_total,4347,dwellings
2021-06-30,melbourne,approvals_dwellings_total,5270,dwellings
2021-07-31,melbourne,approvals_dwellings_total,4475,dwellings
2021-08-31,melbourne,approvals_dwellings_total,5149,dwellings
2021-09-30,melbourne,approvals_dwellings_total,4537,dwellings
2021-10-31,melbourne,approvals_dwellings_total,4326,dwellings
2021-11-30,melbourne,approvals_dwellings_total,4968,dwellings
2021-12-31,melbourne,approvals_dwellings_total,4251,dwellings
2022-01-31,melbourne,approvals_dwellings_total,2364,dwellings
2022-02-28,melbourne,approvals_dwellings_total,5597,dwellings
2022-03-31,melbourne,approvals_dwellings_total,3743,dwellings
2022-04-30,melbourne,approvals_dwellings_total,4121,dwellings
2022-05-31,melbourne,approvals_dwellings_total,3589,dwellings
2022-06-30,melbourne,approvals_dwellings_total,4155,dwellings
2022-07-31,melbourne,approvals_dwellings_total,3256,dwellings
2022-08-31,melbourne,approvals_dwellings_total,4485,dwellings
2022-09-30,melbourne,approvals_dwellings_total,4300,dwellings
2022-10-31,melbourne,approvals_dwellings_total,4521,dwellings
2022-11-30,melbourne,approvals_dwellings_total,4068,dwellings
2022-12-31,melbourne,approvals_dwellings_total,4576,dwellings
2023-01-31,melbourne,approvals_dwellings_total,2165,dwellings
2023-02-28,melbourne,approvals_dwellings_total,3258,dwellings
2023-03-31,melbourne,approvals_dwellings_total,3503,dwellings
2023-04-30,melbourne,approvals_dwellings_total,2457,dwellings
2023-05-31,melbourne,approvals_dwellings_total,3434,dwellings
2023-06-30,melbourne,approvals_dwellings_total,3686,dwellings
2023-07-31,melbourne,approvals_dwellings_total,3156,dwellings
2023-08-31,melbourne,approvals_dwellings_total,4311,dwellings
2023-09-30,melbourne,approvals_dwellings_total,3631,dwellings
2023-10-31,melbourne,approvals_dwellings_total,3690,dwellings
2023-11-30,melbourne,approvals_dwellings_total,4432,dwellings
2023-12-31,melbourne,approvals_dwellings_total,2896,dwellings
2024-01-31,melbourne,approvals_dwellings_total,2590,dwellings
2024-02-29,melbourne,approvals_dwellings_total,3121,dwellings
2024-03-31,melbourne,approvals_dwellings_total,2978,dwellings
2024-04-30,melbourne,approvals_dwellings_total,3223,dwellings
2024-05-31,melbourne,approvals_dwellings_total,3920,dwellings
2024-06-30,melbourne,approvals_dwellings_total,2794,dwellings
2024-07-31,melbourne,approvals_dwellings_total,4230,dwellings
2024-08-31,melbourne,approvals_dwellings_total,3979,dwellings
2024-09-30,melbourne,approvals_dwellings_total,3797,dwellings
2024-10-31,melbourne,approvals_dwellings_total,5423,dwellings
2024-11-30,melbourne,approvals_dwellings_total,4145,dwellings
2024-12-31,melbourne,approvals_dwellings_total,3277,dwellings
2025-01-31,melbourne,approvals_dwellings_total,3218,dwellings
2025-02-28,melbourne,approvals_dwellings_total,5011,dwellings
2025-03-31,melbourne,approvals_dwellings_total,3390,dwellings
2025-04-30,melbourne,approvals_dwellings_total,3114,dwellings
2025-05-31,melbourne,approvals_dwellings_total,3541,dwellings
2025-06-30,melbourne,approvals_dwellings_total,3369,dwellings
2025-07-31,melbourne,approvals_dwellings_total,3839,dwellings
2025-08-31,melbourne,approvals_dwellings_total,3351,dwellings
2025-09-30,melbourne,approvals_dwellings_total,4627,dwellings
2025-10-31,melbourne,approvals_dwellings_total,3754,dwellings
2025-11-30,melbourne,approvals_dwellings_total,3903,dwellings
2025-12-31,melbourne,approvals_dwellings_total,2525,dwellings
2026-01-31,melbourne,approvals_dwellings_total,1609,dwellings
2026-02-28,melbourne,approvals_dwellings_total,4853,dwellings
2026-03-31,melbourne,approvals_dwellings_total,4080,dwellings
2026-04-30,melbourne,approvals_dwellings_total,3996,dwellings
2026-05-31,melbourne,approvals_dwellings_total,3343,dwellings
2001-07-31,melbourne,approvals_houses,2101,dwellings
2001-08-31,melbourne,approvals_houses,2724,dwellings
2001-09-30,melbourne,approvals_houses,2211,dwellings
2001-10-31,melbourne,approvals_houses,2350,dwellings
2001-11-30,melbourne,approvals_houses,2142,dwellings
2001-12-31,melbourne,approvals_houses,1964,dwellings
2002-01-31,melbourne,approvals_houses,1679,dwellings
2002-02-28,melbourne,approvals_houses,2156,dwellings
2002-03-31,melbourne,approvals_houses,2112,dwellings
2002-04-30,melbourne,approvals_houses,2443,dwellings
2002-05-31,melbourne,approvals_houses,2400,dwellings
2002-06-30,melbourne,approvals_houses,2060,dwellings
2002-07-31,melbourne,approvals_houses,2144,dwellings
2002-08-31,melbourne,approvals_houses,2279,dwellings
2002-09-30,melbourne,approvals_houses,2016,dwellings
2002-10-31,melbourne,approvals_houses,2216,dwellings
2002-11-30,melbourne,approvals_houses,1625,dwellings
2002-12-31,melbourne,approvals_houses,1919,dwellings
2003-01-31,melbourne,approvals_houses,1403,dwellings
2003-02-28,melbourne,approvals_houses,1956,dwellings
2003-03-31,melbourne,approvals_houses,1695,dwellings
2003-04-30,melbourne,approvals_houses,1840,dwellings
2003-05-31,melbourne,approvals_houses,2015,dwellings
2003-06-30,melbourne,approvals_houses,2202,dwellings
2003-07-31,melbourne,approvals_houses,2258,dwellings
2003-08-31,melbourne,approvals_houses,2030,dwellings
2003-09-30,melbourne,approvals_houses,1986,dwellings
2003-10-31,melbourne,approvals_houses,2275,dwellings
2003-11-30,melbourne,approvals_houses,2026,dwellings
2003-12-31,melbourne,approvals_houses,1766,dwellings
2004-01-31,melbourne,approvals_houses,1491,dwellings
2004-02-29,melbourne,approvals_houses,1767,dwellings
2004-03-31,melbourne,approvals_houses,2066,dwellings
2004-04-30,melbourne,approvals_houses,1832,dwellings
2004-05-31,melbourne,approvals_houses,1901,dwellings
2004-06-30,melbourne,approvals_houses,1981,dwellings
2004-07-31,melbourne,approvals_houses,1979,dwellings
2004-08-31,melbourne,approvals_houses,1662,dwellings
2004-09-30,melbourne,approvals_houses,1691,dwellings
2004-10-31,melbourne,approvals_houses,1726,dwellings
2004-11-30,melbourne,approvals_houses,1853,dwellings
2004-12-31,melbourne,approvals_houses,1275,dwellings
2005-01-31,melbourne,approvals_houses,1271,dwellings
2005-02-28,melbourne,approvals_houses,1604,dwellings
2005-03-31,melbourne,approvals_houses,1691,dwellings
2005-04-30,melbourne,approvals_houses,1760,dwellings
2005-05-31,melbourne,approvals_houses,1928,dwellings
2005-06-30,melbourne,approvals_houses,2402,dwellings
2005-07-31,melbourne,approvals_houses,1497,dwellings
2005-08-31,melbourne,approvals_houses,1641,dwellings
2005-09-30,melbourne,approvals_houses,1536,dwellings
2005-10-31,melbourne,approvals_houses,1440,dwellings
2005-11-30,melbourne,approvals_houses,1971,dwellings
2005-12-31,melbourne,approvals_houses,1427,dwellings
2006-01-31,melbourne,approvals_houses,1140,dwellings
2006-02-28,melbourne,approvals_houses,1634,dwellings
2006-03-31,melbourne,approvals_houses,1876,dwellings
2006-04-30,melbourne,approvals_houses,1390,dwellings
2006-05-31,melbourne,approvals_houses,1889,dwellings
2006-06-30,melbourne,approvals_houses,1761,dwellings
2006-07-31,melbourne,approvals_houses,1628,dwellings
2006-08-31,melbourne,approvals_houses,2192,dwellings
2006-09-30,melbourne,approvals_houses,1740,dwellings
2006-10-31,melbourne,approvals_houses,1651,dwellings
2006-11-30,melbourne,approvals_houses,1779,dwellings
2006-12-31,melbourne,approvals_houses,1111,dwellings
2007-01-31,melbourne,approvals_houses,1189,dwellings
2007-02-28,melbourne,approvals_houses,1537,dwellings
2007-03-31,melbourne,approvals_houses,1689,dwellings
2007-04-30,melbourne,approvals_houses,1424,dwellings
2007-05-31,melbourne,approvals_houses,1852,dwellings
2007-06-30,melbourne,approvals_houses,1733,dwellings
2007-07-31,melbourne,approvals_houses,1984,dwellings
2007-08-31,melbourne,approvals_houses,2009,dwellings
2007-09-30,melbourne,approvals_houses,1719,dwellings
2007-10-31,melbourne,approvals_houses,2139,dwellings
2007-11-30,melbourne,approvals_houses,2004,dwellings
2007-12-31,melbourne,approvals_houses,1628,dwellings
2008-01-31,melbourne,approvals_houses,1303,dwellings
2008-02-29,melbourne,approvals_houses,1914,dwellings
2008-03-31,melbourne,approvals_houses,1893,dwellings
2008-04-30,melbourne,approvals_houses,2021,dwellings
2008-05-31,melbourne,approvals_houses,1862,dwellings
2008-06-30,melbourne,approvals_houses,2055,dwellings
2008-07-31,melbourne,approvals_houses,1893,dwellings
2008-08-31,melbourne,approvals_houses,2071,dwellings
2008-09-30,melbourne,approvals_houses,1900,dwellings
2008-10-31,melbourne,approvals_houses,2005,dwellings
2008-11-30,melbourne,approvals_houses,1676,dwellings
2008-12-31,melbourne,approvals_houses,1426,dwellings
2009-01-31,melbourne,approvals_houses,1240,dwellings
2009-02-28,melbourne,approvals_houses,1716,dwellings
2009-03-31,melbourne,approvals_houses,1976,dwellings
2009-04-30,melbourne,approvals_houses,1954,dwellings
2009-05-31,melbourne,approvals_houses,1835,dwellings
2009-06-30,melbourne,approvals_houses,2252,dwellings
2009-07-31,melbourne,approvals_houses,2479,dwellings
2009-08-31,melbourne,approvals_houses,2273,dwellings
2009-09-30,melbourne,approvals_houses,2286,dwellings
2009-10-31,melbourne,approvals_houses,2667,dwellings
2009-11-30,melbourne,approvals_houses,2228,dwellings
2009-12-31,melbourne,approvals_houses,2040,dwellings
2010-01-31,melbourne,approvals_houses,1611,dwellings
2010-02-28,melbourne,approvals_houses,2409,dwellings
2010-03-31,melbourne,approvals_houses,2572,dwellings
2010-04-30,melbourne,approvals_houses,2127,dwellings
2010-05-31,melbourne,approvals_houses,2338,dwellings
2010-06-30,melbourne,approvals_houses,2443,dwellings
2010-07-31,melbourne,approvals_houses,2597,dwellings
2010-08-31,melbourne,approvals_houses,2282,dwellings
2010-09-30,melbourne,approvals_houses,2293,dwellings
2010-10-31,melbourne,approvals_houses,2280,dwellings
2010-11-30,melbourne,approvals_houses,2133,dwellings
2010-12-31,melbourne,approvals_houses,1874,dwellings
2011-01-31,melbourne,approvals_houses,1644,dwellings
2011-02-28,melbourne,approvals_houses,1957,dwellings
2011-03-31,melbourne,approvals_houses,2253,dwellings
2011-04-30,melbourne,approvals_houses,1690,dwellings
2011-05-31,melbourne,approvals_houses,2079,dwellings
2011-06-30,melbourne,approvals_houses,2100,dwellings
2011-07-31,melbourne,approvals_houses,2092,dwellings
2011-08-31,melbourne,approvals_houses,2053,dwellings
2011-09-30,melbourne,approvals_houses,1967,dwellings
2011-10-31,melbourne,approvals_houses,1677,dwellings
2011-11-30,melbourne,approvals_houses,1901,dwellings
2011-12-31,melbourne,approvals_houses,1425,dwellings
2012-01-31,melbourne,approvals_houses,1044,dwellings
2012-02-29,melbourne,approvals_houses,1650,dwellings
2012-03-31,melbourne,approvals_houses,1622,dwellings
2012-04-30,melbourne,approvals_houses,1274,dwellings
2012-05-31,melbourne,approvals_houses,1753,dwellings
2012-06-30,melbourne,approvals_houses,1629,dwellings
2012-07-31,melbourne,approvals_houses,1736,dwellings
2012-08-31,melbourne,approvals_houses,1814,dwellings
2012-09-30,melbourne,approvals_houses,1631,dwellings
2012-10-31,melbourne,approvals_houses,1830,dwellings
2012-11-30,melbourne,approvals_houses,1563,dwellings
2012-12-31,melbourne,approvals_houses,1201,dwellings
2013-01-31,melbourne,approvals_houses,1044,dwellings
2013-02-28,melbourne,approvals_houses,1401,dwellings
2013-03-31,melbourne,approvals_houses,1329,dwellings
2013-04-30,melbourne,approvals_houses,1514,dwellings
2013-05-31,melbourne,approvals_houses,1865,dwellings
2013-06-30,melbourne,approvals_houses,1423,dwellings
2013-07-31,melbourne,approvals_houses,1694,dwellings
2013-08-31,melbourne,approvals_houses,1714,dwellings
2013-09-30,melbourne,approvals_houses,1591,dwellings
2013-10-31,melbourne,approvals_houses,1784,dwellings
2013-11-30,melbourne,approvals_houses,1834,dwellings
2013-12-31,melbourne,approvals_houses,1356,dwellings
2014-01-31,melbourne,approvals_houses,1590,dwellings
2014-02-28,melbourne,approvals_houses,1805,dwellings
2014-03-31,melbourne,approvals_houses,1781,dwellings
2014-04-30,melbourne,approvals_houses,1730,dwellings
2014-05-31,melbourne,approvals_houses,2026,dwellings
2014-06-30,melbourne,approvals_houses,1796,dwellings
2014-07-31,melbourne,approvals_houses,2072,dwellings
2014-08-31,melbourne,approvals_houses,2018,dwellings
2014-09-30,melbourne,approvals_houses,1849,dwellings
2014-10-31,melbourne,approvals_houses,2193,dwellings
2014-11-30,melbourne,approvals_houses,1944,dwellings
2014-12-31,melbourne,approvals_houses,1555,dwellings
2015-01-31,melbourne,approvals_houses,1447,dwellings
2015-02-28,melbourne,approvals_houses,2084,dwellings
2015-03-31,melbourne,approvals_houses,2124,dwellings
2015-04-30,melbourne,approvals_houses,1946,dwellings
2015-05-31,melbourne,approvals_houses,1961,dwellings
2015-06-30,melbourne,approvals_houses,1971,dwellings
2015-07-31,melbourne,approvals_houses,2261,dwellings
2015-08-31,melbourne,approvals_houses,2173,dwellings
2015-09-30,melbourne,approvals_houses,2382,dwellings
2015-10-31,melbourne,approvals_houses,2259,dwellings
2015-11-30,melbourne,approvals_houses,2064,dwellings
2015-12-31,melbourne,approvals_houses,1800,dwellings
2016-01-31,melbourne,approvals_houses,1468,dwellings
2016-02-29,melbourne,approvals_houses,2325,dwellings
2016-03-31,melbourne,approvals_houses,2373,dwellings
2016-04-30,melbourne,approvals_houses,2180,dwellings
2016-05-31,melbourne,approvals_houses,2355,dwellings
2016-06-30,melbourne,approvals_houses,2267,dwellings
2016-07-31,melbourne,approvals_houses,2422,dwellings
2016-08-31,melbourne,approvals_houses,2572,dwellings
2016-09-30,melbourne,approvals_houses,2249,dwellings
2016-10-31,melbourne,approvals_houses,2221,dwellings
2016-11-30,melbourne,approvals_houses,2327,dwellings
2016-12-31,melbourne,approvals_houses,1775,dwellings
2017-01-31,melbourne,approvals_houses,1560,dwellings
2017-02-28,melbourne,approvals_houses,2143,dwellings
2017-03-31,melbourne,approvals_houses,2359,dwellings
2017-04-30,melbourne,approvals_houses,1936,dwellings
2017-05-31,melbourne,approvals_houses,2542,dwellings
2017-06-30,melbourne,approvals_houses,2318,dwellings
2017-07-31,melbourne,approvals_houses,2333,dwellings
2017-08-31,melbourne,approvals_houses,2574,dwellings
2017-09-30,melbourne,approvals_houses,2283,dwellings
2017-10-31,melbourne,approvals_houses,2590,dwellings
2017-11-30,melbourne,approvals_houses,2585,dwellings
2017-12-31,melbourne,approvals_houses,1773,dwellings
2018-01-31,melbourne,approvals_houses,1812,dwellings
2018-02-28,melbourne,approvals_houses,2527,dwellings
2018-03-31,melbourne,approvals_houses,2667,dwellings
2018-04-30,melbourne,approvals_houses,2371,dwellings
2018-05-31,melbourne,approvals_houses,2619,dwellings
2018-06-30,melbourne,approvals_houses,2282,dwellings
2018-07-31,melbourne,approvals_houses,2368,dwellings
2018-08-31,melbourne,approvals_houses,2609,dwellings
2018-09-30,melbourne,approvals_houses,2124,dwellings
2018-10-31,melbourne,approvals_houses,2687,dwellings
2018-11-30,melbourne,approvals_houses,2260,dwellings
2018-12-31,melbourne,approvals_houses,1609,dwellings
2019-01-31,melbourne,approvals_houses,1512,dwellings
2019-02-28,melbourne,approvals_houses,2104,dwellings
2019-03-31,melbourne,approvals_houses,2038,dwellings
2019-04-30,melbourne,approvals_houses,1707,dwellings
2019-05-31,melbourne,approvals_houses,2130,dwellings
2019-06-30,melbourne,approvals_houses,1907,dwellings
2019-07-31,melbourne,approvals_houses,2049,dwellings
2019-08-31,melbourne,approvals_houses,2188,dwellings
2019-09-30,melbourne,approvals_houses,2063,dwellings
2019-10-31,melbourne,approvals_houses,2106,dwellings
2019-11-30,melbourne,approvals_houses,2323,dwellings
2019-12-31,melbourne,approvals_houses,1778,dwellings
2020-01-31,melbourne,approvals_houses,1669,dwellings
2020-02-29,melbourne,approvals_houses,2200,dwellings
2020-03-31,melbourne,approvals_houses,2190,dwellings
2020-04-30,melbourne,approvals_houses,2302,dwellings
2020-05-31,melbourne,approvals_houses,2196,dwellings
2020-06-30,melbourne,approvals_houses,2131,dwellings
2020-07-31,melbourne,approvals_houses,2560,dwellings
2020-08-31,melbourne,approvals_houses,2264,dwellings
2020-09-30,melbourne,approvals_houses,2417,dwellings
2020-10-31,melbourne,approvals_houses,2439,dwellings
2020-11-30,melbourne,approvals_houses,2259,dwellings
2020-12-31,melbourne,approvals_houses,2014,dwellings
2021-01-31,melbourne,approvals_houses,1618,dwellings
2021-02-28,melbourne,approvals_houses,2637,dwellings
2021-03-31,melbourne,approvals_houses,3133,dwellings
2021-04-30,melbourne,approvals_houses,2891,dwellings
2021-05-31,melbourne,approvals_houses,2783,dwellings
2021-06-30,melbourne,approvals_houses,2889,dwellings
2021-07-31,melbourne,approvals_houses,2770,dwellings
2021-08-31,melbourne,approvals_houses,2928,dwellings
2021-09-30,melbourne,approvals_houses,2488,dwellings
2021-10-31,melbourne,approvals_houses,2535,dwellings
2021-11-30,melbourne,approvals_houses,2515,dwellings
2021-12-31,melbourne,approvals_houses,1849,dwellings
2022-01-31,melbourne,approvals_houses,1201,dwellings
2022-02-28,melbourne,approvals_houses,2102,dwellings
2022-03-31,melbourne,approvals_houses,2283,dwellings
2022-04-30,melbourne,approvals_houses,1793,dwellings
2022-05-31,melbourne,approvals_houses,1949,dwellings
2022-06-30,melbourne,approvals_houses,2212,dwellings
2022-07-31,melbourne,approvals_houses,2200,dwellings
2022-08-31,melbourne,approvals_houses,2501,dwellings
2022-09-30,melbourne,approvals_houses,2167,dwellings
2022-10-31,melbourne,approvals_houses,2161,dwellings
2022-11-30,melbourne,approvals_houses,2093,dwellings
2022-12-31,melbourne,approvals_houses,1650,dwellings
2023-01-31,melbourne,approvals_houses,1193,dwellings
2023-02-28,melbourne,approvals_houses,2090,dwellings
2023-03-31,melbourne,approvals_houses,2295,dwellings
2023-04-30,melbourne,approvals_houses,1520,dwellings
2023-05-31,melbourne,approvals_houses,1999,dwellings
2023-06-30,melbourne,approvals_houses,1836,dwellings
2023-07-31,melbourne,approvals_houses,1782,dwellings
2023-08-31,melbourne,approvals_houses,2281,dwellings
2023-09-30,melbourne,approvals_houses,1903,dwellings
2023-10-31,melbourne,approvals_houses,2081,dwellings
2023-11-30,melbourne,approvals_houses,2361,dwellings
2023-12-31,melbourne,approvals_houses,1790,dwellings
2024-01-31,melbourne,approvals_houses,1296,dwellings
2024-02-29,melbourne,approvals_houses,2148,dwellings
2024-03-31,melbourne,approvals_houses,2185,dwellings
2024-04-30,melbourne,approvals_houses,2085,dwellings
2024-05-31,melbourne,approvals_houses,2297,dwellings
2024-06-30,melbourne,approvals_houses,2000,dwellings
2024-07-31,melbourne,approvals_houses,2199,dwellings
2024-08-31,melbourne,approvals_houses,2477,dwellings
2024-09-30,melbourne,approvals_houses,1882,dwellings
2024-10-31,melbourne,approvals_houses,2339,dwellings
2024-11-30,melbourne,approvals_houses,2226,dwellings
2024-12-31,melbourne,approvals_houses,1683,dwellings
2025-01-31,melbourne,approvals_houses,1371,dwellings
2025-02-28,melbourne,approvals_houses,2089,dwellings
2025-03-31,melbourne,approvals_houses,1982,dwellings
2025-04-30,melbourne,approvals_houses,1691,dwellings
2025-05-31,melbourne,approvals_houses,2129,dwellings
2025-06-30,melbourne,approvals_houses,2000,dwellings
2025-07-31,melbourne,approvals_houses,2267,dwellings
2025-08-31,melbourne,approvals_houses,2002,dwellings
2025-09-30,melbourne,approvals_houses,2089,dwellings
2025-10-31,melbourne,approvals_houses,2167,dwellings
2025-11-30,melbourne,approvals_houses,1811,dwellings
2025-12-31,melbourne,approvals_houses,1721,dwellings
2026-01-31,melbourne,approvals_houses,1122,dwellings
2026-02-28,melbourne,approvals_houses,2081,dwellings
2026-03-31,melbourne,approvals_houses,2034,dwellings
2026-04-30,melbourne,approvals_houses,1923,dwellings
2026-05-31,melbourne,approvals_houses,1847,dwellings
2001-07-31,melbourne,approvals_other_residential,784,dwellings
2001-08-31,melbourne,approvals_other_residential,1898,dwellings
2001-09-30,melbourne,approvals_other_residential,904,dwellings
2001-10-31,melbourne,approvals_other_residential,777,dwellings
2001-11-30,melbourne,approvals_other_residential,596,dwellings
2001-12-31,melbourne,approvals_other_residential,902,dwellings
2002-01-31,melbourne,approvals_other_residential,913,dwellings
2002-02-28,melbourne,approvals_other_residential,665,dwellings
2002-03-31,melbourne,approvals_other_residential,488,dwellings
2002-04-30,melbourne,approvals_other_residential,1004,dwellings
2002-05-31,melbourne,approvals_other_residential,767,dwellings
2002-06-30,melbourne,approvals_other_residential,956,dwellings
2002-07-31,melbourne,approvals_other_residential,1034,dwellings
2002-08-31,melbourne,approvals_other_residential,2489,dwellings
2002-09-30,melbourne,approvals_other_residential,809,dwellings
2002-10-31,melbourne,approvals_other_residential,1393,dwellings
2002-11-30,melbourne,approvals_other_residential,794,dwellings
2002-12-31,melbourne,approvals_other_residential,739,dwellings
2003-01-31,melbourne,approvals_other_residential,1081,dwellings
2003-02-28,melbourne,approvals_other_residential,545,dwellings
2003-03-31,melbourne,approvals_other_residential,817,dwellings
2003-04-30,melbourne,approvals_other_residential,1644,dwellings
2003-05-31,melbourne,approvals_other_residential,782,dwellings
2003-06-30,melbourne,approvals_other_residential,803,dwellings
2003-07-31,melbourne,approvals_other_residential,497,dwellings
2003-08-31,melbourne,approvals_other_residential,709,dwellings
2003-09-30,melbourne,approvals_other_residential,1154,dwellings
2003-10-31,melbourne,approvals_other_residential,1766,dwellings
2003-11-30,melbourne,approvals_other_residential,491,dwellings
2003-12-31,melbourne,approvals_other_residential,641,dwellings
2004-01-31,melbourne,approvals_other_residential,1380,dwellings
2004-02-29,melbourne,approvals_other_residential,587,dwellings
2004-03-31,melbourne,approvals_other_residential,630,dwellings
2004-04-30,melbourne,approvals_other_residential,782,dwellings
2004-05-31,melbourne,approvals_other_residential,983,dwellings
2004-06-30,melbourne,approvals_other_residential,435,dwellings
2004-07-31,melbourne,approvals_other_residential,460,dwellings
2004-08-31,melbourne,approvals_other_residential,839,dwellings
2004-09-30,melbourne,approvals_other_residential,638,dwellings
2004-10-31,melbourne,approvals_other_residential,869,dwellings
2004-11-30,melbourne,approvals_other_residential,686,dwellings
2004-12-31,melbourne,approvals_other_residential,631,dwellings
2005-01-31,melbourne,approvals_other_residential,343,dwellings
2005-02-28,melbourne,approvals_other_residential,633,dwellings
2005-03-31,melbourne,approvals_other_residential,702,dwellings
2005-04-30,melbourne,approvals_other_residential,922,dwellings
2005-05-31,melbourne,approvals_other_residential,1003,dwellings
2005-06-30,melbourne,approvals_other_residential,1129,dwellings
2005-07-31,melbourne,approvals_other_residential,331,dwellings
2005-08-31,melbourne,approvals_other_residential,452,dwellings
2005-09-30,melbourne,approvals_other_residential,556,dwellings
2005-10-31,melbourne,approvals_other_residential,722,dwellings
2005-11-30,melbourne,approvals_other_residential,498,dwellings
2005-12-31,melbourne,approvals_other_residential,316,dwellings
2006-01-31,melbourne,approvals_other_residential,399,dwellings
2006-02-28,melbourne,approvals_other_residential,443,dwellings
2006-03-31,melbourne,approvals_other_residential,804,dwellings
2006-04-30,melbourne,approvals_other_residential,425,dwellings
2006-05-31,melbourne,approvals_other_residential,737,dwellings
2006-06-30,melbourne,approvals_other_residential,512,dwellings
2006-07-31,melbourne,approvals_other_residential,884,dwellings
2006-08-31,melbourne,approvals_other_residential,472,dwellings
2006-09-30,melbourne,approvals_other_residential,397,dwellings
2006-10-31,melbourne,approvals_other_residential,706,dwellings
2006-11-30,melbourne,approvals_other_residential,655,dwellings
2006-12-31,melbourne,approvals_other_residential,634,dwellings
2007-01-31,melbourne,approvals_other_residential,318,dwellings
2007-02-28,melbourne,approvals_other_residential,970,dwellings
2007-03-31,melbourne,approvals_other_residential,605,dwellings
2007-04-30,melbourne,approvals_other_residential,628,dwellings
2007-05-31,melbourne,approvals_other_residential,849,dwellings
2007-06-30,melbourne,approvals_other_residential,656,dwellings
2007-07-31,melbourne,approvals_other_residential,735,dwellings
2007-08-31,melbourne,approvals_other_residential,838,dwellings
2007-09-30,melbourne,approvals_other_residential,1181,dwellings
2007-10-31,melbourne,approvals_other_residential,1357,dwellings
2007-11-30,melbourne,approvals_other_residential,659,dwellings
2007-12-31,melbourne,approvals_other_residential,610,dwellings
2008-01-31,melbourne,approvals_other_residential,849,dwellings
2008-02-29,melbourne,approvals_other_residential,909,dwellings
2008-03-31,melbourne,approvals_other_residential,543,dwellings
2008-04-30,melbourne,approvals_other_residential,491,dwellings
2008-05-31,melbourne,approvals_other_residential,944,dwellings
2008-06-30,melbourne,approvals_other_residential,793,dwellings
2008-07-31,melbourne,approvals_other_residential,1313,dwellings
2008-08-31,melbourne,approvals_other_residential,664,dwellings
2008-09-30,melbourne,approvals_other_residential,882,dwellings
2008-10-31,melbourne,approvals_other_residential,1080,dwellings
2008-11-30,melbourne,approvals_other_residential,518,dwellings
2008-12-31,melbourne,approvals_other_residential,643,dwellings
2009-01-31,melbourne,approvals_other_residential,635,dwellings
2009-02-28,melbourne,approvals_other_residential,982,dwellings
2009-03-31,melbourne,approvals_other_residential,1308,dwellings
2009-04-30,melbourne,approvals_other_residential,552,dwellings
2009-05-31,melbourne,approvals_other_residential,534,dwellings
2009-06-30,melbourne,approvals_other_residential,1098,dwellings
2009-07-31,melbourne,approvals_other_residential,1487,dwellings
2009-08-31,melbourne,approvals_other_residential,736,dwellings
2009-09-30,melbourne,approvals_other_residential,1415,dwellings
2009-10-31,melbourne,approvals_other_residential,918,dwellings
2009-11-30,melbourne,approvals_other_residential,1239,dwellings
2009-12-31,melbourne,approvals_other_residential,1725,dwellings
2010-01-31,melbourne,approvals_other_residential,938,dwellings
2010-02-28,melbourne,approvals_other_residential,1043,dwellings
2010-03-31,melbourne,approvals_other_residential,2040,dwellings
2010-04-30,melbourne,approvals_other_residential,1639,dwellings
2010-05-31,melbourne,approvals_other_residential,1416,dwellings
2010-06-30,melbourne,approvals_other_residential,1907,dwellings
2010-07-31,melbourne,approvals_other_residential,2230,dwellings
2010-08-31,melbourne,approvals_other_residential,2656,dwellings
2010-09-30,melbourne,approvals_other_residential,2229,dwellings
2010-10-31,melbourne,approvals_other_residential,1944,dwellings
2010-11-30,melbourne,approvals_other_residential,1874,dwellings
2010-12-31,melbourne,approvals_other_residential,2457,dwellings
2011-01-31,melbourne,approvals_other_residential,1559,dwellings
2011-02-28,melbourne,approvals_other_residential,1088,dwellings
2011-03-31,melbourne,approvals_other_residential,2342,dwellings
2011-04-30,melbourne,approvals_other_residential,2031,dwellings
2011-05-31,melbourne,approvals_other_residential,1104,dwellings
2011-06-30,melbourne,approvals_other_residential,1857,dwellings
2011-07-31,melbourne,approvals_other_residential,1569,dwellings
2011-08-31,melbourne,approvals_other_residential,1862,dwellings
2011-09-30,melbourne,approvals_other_residential,1343,dwellings
2011-10-31,melbourne,approvals_other_residential,855,dwellings
2011-11-30,melbourne,approvals_other_residential,1456,dwellings
2011-12-31,melbourne,approvals_other_residential,1079,dwellings
2012-01-31,melbourne,approvals_other_residential,877,dwellings
2012-02-29,melbourne,approvals_other_residential,1813,dwellings
2012-03-31,melbourne,approvals_other_residential,1210,dwellings
2012-04-30,melbourne,approvals_other_residential,1496,dwellings
2012-05-31,melbourne,approvals_other_residential,2489,dwellings
2012-06-30,melbourne,approvals_other_residential,3257,dwellings
2012-07-31,melbourne,approvals_other_residential,997,dwellings
2012-08-31,melbourne,approvals_other_residential,2209,dwellings
2012-09-30,melbourne,approvals_other_residential,2183,dwellings
2012-10-31,melbourne,approvals_other_residential,1571,dwellings
2012-11-30,melbourne,approvals_other_residential,2030,dwellings
2012-12-31,melbourne,approvals_other_residential,1845,dwellings
2013-01-31,melbourne,approvals_other_residential,1225,dwellings
2013-02-28,melbourne,approvals_other_residential,1232,dwellings
2013-03-31,melbourne,approvals_other_residential,1530,dwellings
2013-04-30,melbourne,approvals_other_residential,1934,dwellings
2013-05-31,melbourne,approvals_other_residential,1600,dwellings
2013-06-30,melbourne,approvals_other_residential,1015,dwellings
2013-07-31,melbourne,approvals_other_residential,2157,dwellings
2013-08-31,melbourne,approvals_other_residential,1441,dwellings
2013-09-30,melbourne,approvals_other_residential,2506,dwellings
2013-10-31,melbourne,approvals_other_residential,2837,dwellings
2013-11-30,melbourne,approvals_other_residential,1936,dwellings
2013-12-31,melbourne,approvals_other_residential,1794,dwellings
2014-01-31,melbourne,approvals_other_residential,1301,dwellings
2014-02-28,melbourne,approvals_other_residential,2094,dwellings
2014-03-31,melbourne,approvals_other_residential,1475,dwellings
2014-04-30,melbourne,approvals_other_residential,2878,dwellings
2014-05-31,melbourne,approvals_other_residential,1386,dwellings
2014-06-30,melbourne,approvals_other_residential,1794,dwellings
2014-07-31,melbourne,approvals_other_residential,2067,dwellings
2014-08-31,melbourne,approvals_other_residential,2443,dwellings
2014-09-30,melbourne,approvals_other_residential,2039,dwellings
2014-10-31,melbourne,approvals_other_residential,2719,dwellings
2014-11-30,melbourne,approvals_other_residential,4061,dwellings
2014-12-31,melbourne,approvals_other_residential,2988,dwellings
2015-01-31,melbourne,approvals_other_residential,1706,dwellings
2015-02-28,melbourne,approvals_other_residential,3525,dwellings
2015-03-31,melbourne,approvals_other_residential,2960,dwellings
2015-04-30,melbourne,approvals_other_residential,2933,dwellings
2015-05-31,melbourne,approvals_other_residential,3702,dwellings
2015-06-30,melbourne,approvals_other_residential,1848,dwellings
2015-07-31,melbourne,approvals_other_residential,2756,dwellings
2015-08-31,melbourne,approvals_other_residential,2384,dwellings
2015-09-30,melbourne,approvals_other_residential,2871,dwellings
2015-10-31,melbourne,approvals_other_residential,4001,dwellings
2015-11-30,melbourne,approvals_other_residential,1488,dwellings
2015-12-31,melbourne,approvals_other_residential,2801,dwellings
2016-01-31,melbourne,approvals_other_residential,2018,dwellings
2016-02-29,melbourne,approvals_other_residential,2376,dwellings
2016-03-31,melbourne,approvals_other_residential,2216,dwellings
2016-04-30,melbourne,approvals_other_residential,2370,dwellings
2016-05-31,melbourne,approvals_other_residential,2669,dwellings
2016-06-30,melbourne,approvals_other_residential,2615,dwellings
2016-07-31,melbourne,approvals_other_residential,3677,dwellings
2016-08-31,melbourne,approvals_other_residential,2972,dwellings
2016-09-30,melbourne,approvals_other_residential,2212,dwellings
2016-10-31,melbourne,approvals_other_residential,1539,dwellings
2016-11-30,melbourne,approvals_other_residential,2559,dwellings
2016-12-31,melbourne,approvals_other_residential,3711,dwellings
2017-01-31,melbourne,approvals_other_residential,2216,dwellings
2017-02-28,melbourne,approvals_other_residential,2706,dwellings
2017-03-31,melbourne,approvals_other_residential,2173,dwellings
2017-04-30,melbourne,approvals_other_residential,1656,dwellings
2017-05-31,melbourne,approvals_other_residential,1847,dwellings
2017-06-30,melbourne,approvals_other_residential,2029,dwellings
2017-07-31,melbourne,approvals_other_residential,2248,dwellings
2017-08-31,melbourne,approvals_other_residential,2293,dwellings
2017-09-30,melbourne,approvals_other_residential,2210,dwellings
2017-10-31,melbourne,approvals_other_residential,3462,dwellings
2017-11-30,melbourne,approvals_other_residential,6479,dwellings
2017-12-31,melbourne,approvals_other_residential,2925,dwellings
2018-01-31,melbourne,approvals_other_residential,3112,dwellings
2018-02-28,melbourne,approvals_other_residential,2299,dwellings
2018-03-31,melbourne,approvals_other_residential,2939,dwellings
2018-04-30,melbourne,approvals_other_residential,2257,dwellings
2018-05-31,melbourne,approvals_other_residential,2500,dwellings
2018-06-30,melbourne,approvals_other_residential,1906,dwellings
2018-07-31,melbourne,approvals_other_residential,1877,dwellings
2018-08-31,melbourne,approvals_other_residential,1381,dwellings
2018-09-30,melbourne,approvals_other_residential,2651,dwellings
2018-10-31,melbourne,approvals_other_residential,2479,dwellings
2018-11-30,melbourne,approvals_other_residential,1851,dwellings
2018-12-31,melbourne,approvals_other_residential,1466,dwellings
2019-01-31,melbourne,approvals_other_residential,1187,dwellings
2019-02-28,melbourne,approvals_other_residential,2632,dwellings
2019-03-31,melbourne,approvals_other_residential,1996,dwellings
2019-04-30,melbourne,approvals_other_residential,1137,dwellings
2019-05-31,melbourne,approvals_other_residential,1708,dwellings
2019-06-30,melbourne,approvals_other_residential,1871,dwellings
2019-07-31,melbourne,approvals_other_residential,1193,dwellings
2019-08-31,melbourne,approvals_other_residential,1333,dwellings
2019-09-30,melbourne,approvals_other_residential,1470,dwellings
2019-10-31,melbourne,approvals_other_residential,2171,dwellings
2019-11-30,melbourne,approvals_other_residential,1687,dwellings
2019-12-31,melbourne,approvals_other_residential,3503,dwellings
2020-01-31,melbourne,approvals_other_residential,1070,dwellings
2020-02-29,melbourne,approvals_other_residential,3725,dwellings
2020-03-31,melbourne,approvals_other_residential,1929,dwellings
2020-04-30,melbourne,approvals_other_residential,2120,dwellings
2020-05-31,melbourne,approvals_other_residential,1512,dwellings
2020-06-30,melbourne,approvals_other_residential,1413,dwellings
2020-07-31,melbourne,approvals_other_residential,2366,dwellings
2020-08-31,melbourne,approvals_other_residential,1986,dwellings
2020-09-30,melbourne,approvals_other_residential,2235,dwellings
2020-10-31,melbourne,approvals_other_residential,1546,dwellings
2020-11-30,melbourne,approvals_other_residential,1218,dwellings
2020-12-31,melbourne,approvals_other_residential,1188,dwellings
2021-01-31,melbourne,approvals_other_residential,835,dwellings
2021-02-28,melbourne,approvals_other_residential,1433,dwellings
2021-03-31,melbourne,approvals_other_residential,2520,dwellings
2021-04-30,melbourne,approvals_other_residential,1137,dwellings
2021-05-31,melbourne,approvals_other_residential,1564,dwellings
2021-06-30,melbourne,approvals_other_residential,2381,dwellings
2021-07-31,melbourne,approvals_other_residential,1705,dwellings
2021-08-31,melbourne,approvals_other_residential,2221,dwellings
2021-09-30,melbourne,approvals_other_residential,2049,dwellings
2021-10-31,melbourne,approvals_other_residential,1791,dwellings
2021-11-30,melbourne,approvals_other_residential,2453,dwellings
2021-12-31,melbourne,approvals_other_residential,2402,dwellings
2022-01-31,melbourne,approvals_other_residential,1163,dwellings
2022-02-28,melbourne,approvals_other_residential,3495,dwellings
2022-03-31,melbourne,approvals_other_residential,1460,dwellings
2022-04-30,melbourne,approvals_other_residential,2328,dwellings
2022-05-31,melbourne,approvals_other_residential,1640,dwellings
2022-06-30,melbourne,approvals_other_residential,1943,dwellings
2022-07-31,melbourne,approvals_other_residential,1056,dwellings
2022-08-31,melbourne,approvals_other_residential,1984,dwellings
2022-09-30,melbourne,approvals_other_residential,2133,dwellings
2022-10-31,melbourne,approvals_other_residential,2360,dwellings
2022-11-30,melbourne,approvals_other_residential,1975,dwellings
2022-12-31,melbourne,approvals_other_residential,2926,dwellings
2023-01-31,melbourne,approvals_other_residential,972,dwellings
2023-02-28,melbourne,approvals_other_residential,1168,dwellings
2023-03-31,melbourne,approvals_other_residential,1208,dwellings
2023-04-30,melbourne,approvals_other_residential,937,dwellings
2023-05-31,melbourne,approvals_other_residential,1435,dwellings
2023-06-30,melbourne,approvals_other_residential,1850,dwellings
2023-07-31,melbourne,approvals_other_residential,1374,dwellings
2023-08-31,melbourne,approvals_other_residential,2030,dwellings
2023-09-30,melbourne,approvals_other_residential,1728,dwellings
2023-10-31,melbourne,approvals_other_residential,1609,dwellings
2023-11-30,melbourne,approvals_other_residential,2071,dwellings
2023-12-31,melbourne,approvals_other_residential,1106,dwellings
2024-01-31,melbourne,approvals_other_residential,1294,dwellings
2024-02-29,melbourne,approvals_other_residential,973,dwellings
2024-03-31,melbourne,approvals_other_residential,793,dwellings
2024-04-30,melbourne,approvals_other_residential,1138,dwellings
2024-05-31,melbourne,approvals_other_residential,1623,dwellings
2024-06-30,melbourne,approvals_other_residential,794,dwellings
2024-07-31,melbourne,approvals_other_residential,2031,dwellings
2024-08-31,melbourne,approvals_other_residential,1502,dwellings
2024-09-30,melbourne,approvals_other_residential,1915,dwellings
2024-10-31,melbourne,approvals_other_residential,3084,dwellings
2024-11-30,melbourne,approvals_other_residential,1919,dwellings
2024-12-31,melbourne,approvals_other_residential,1594,dwellings
2025-01-31,melbourne,approvals_other_residential,1847,dwellings
2025-02-28,melbourne,approvals_other_residential,2922,dwellings
2025-03-31,melbourne,approvals_other_residential,1408,dwellings
2025-04-30,melbourne,approvals_other_residential,1423,dwellings
2025-05-31,melbourne,approvals_other_residential,1412,dwellings
2025-06-30,melbourne,approvals_other_residential,1369,dwellings
2025-07-31,melbourne,approvals_other_residential,1572,dwellings
2025-08-31,melbourne,approvals_other_residential,1349,dwellings
2025-09-30,melbourne,approvals_other_residential,2538,dwellings
2025-10-31,melbourne,approvals_other_residential,1587,dwellings
2025-11-30,melbourne,approvals_other_residential,2092,dwellings
2025-12-31,melbourne,approvals_other_residential,804,dwellings
2026-01-31,melbourne,approvals_other_residential,487,dwellings
2026-02-28,melbourne,approvals_other_residential,2772,dwellings
2026-03-31,melbourne,approvals_other_residential,2046,dwellings
2026-04-30,melbourne,approvals_other_residential,2073,dwellings
2026-05-31,melbourne,approvals_other_residential,1496,dwellings
2001-07-31,regional_vic,approvals_dwellings_total,856,dwellings
2001-08-31,regional_vic,approvals_dwellings_total,1028,dwellings
2001-09-30,regional_vic,approvals_dwellings_total,888,dwellings
2001-10-31,regional_vic,approvals_dwellings_total,1041,dwellings
2001-11-30,regional_vic,approvals_dwellings_total,1047,dwellings
2001-12-31,regional_vic,approvals_dwellings_total,892,dwellings
2002-01-31,regional_vic,approvals_dwellings_total,776,dwellings
2002-02-28,regional_vic,approvals_dwellings_total,943,dwellings
2002-03-31,regional_vic,approvals_dwellings_total,892,dwellings
2002-04-30,regional_vic,approvals_dwellings_total,894,dwellings
2002-05-31,regional_vic,approvals_dwellings_total,1123,dwellings
2002-06-30,regional_vic,approvals_dwellings_total,949,dwellings
2002-07-31,regional_vic,approvals_dwellings_total,914,dwellings
2002-08-31,regional_vic,approvals_dwellings_total,932,dwellings
2002-09-30,regional_vic,approvals_dwellings_total,950,dwellings
2002-10-31,regional_vic,approvals_dwellings_total,1089,dwellings
2002-11-30,regional_vic,approvals_dwellings_total,825,dwellings
2002-12-31,regional_vic,approvals_dwellings_total,784,dwellings
2003-01-31,regional_vic,approvals_dwellings_total,719,dwellings
2003-02-28,regional_vic,approvals_dwellings_total,896,dwellings
2003-03-31,regional_vic,approvals_dwellings_total,826,dwellings
2003-04-30,regional_vic,approvals_dwellings_total,936,dwellings
2003-05-31,regional_vic,approvals_dwellings_total,1078,dwellings
2003-06-30,regional_vic,approvals_dwellings_total,990,dwellings
2003-07-31,regional_vic,approvals_dwellings_total,1178,dwellings
2003-08-31,regional_vic,approvals_dwellings_total,926,dwellings
2003-09-30,regional_vic,approvals_dwellings_total,1083,dwellings
2003-10-31,regional_vic,approvals_dwellings_total,1072,dwellings
2003-11-30,regional_vic,approvals_dwellings_total,969,dwellings
2003-12-31,regional_vic,approvals_dwellings_total,922,dwellings
2004-01-31,regional_vic,approvals_dwellings_total,751,dwellings
2004-02-29,regional_vic,approvals_dwellings_total,970,dwellings
2004-03-31,regional_vic,approvals_dwellings_total,1113,dwellings
2004-04-30,regional_vic,approvals_dwellings_total,1015,dwellings
2004-05-31,regional_vic,approvals_dwellings_total,1003,dwellings
2004-06-30,regional_vic,approvals_dwellings_total,1164,dwellings
2004-07-31,regional_vic,approvals_dwellings_total,1045,dwellings
2004-08-31,regional_vic,approvals_dwellings_total,970,dwellings
2004-09-30,regional_vic,approvals_dwellings_total,1007,dwellings
2004-10-31,regional_vic,approvals_dwellings_total,945,dwellings
2004-11-30,regional_vic,approvals_dwellings_total,929,dwellings
2004-12-31,regional_vic,approvals_dwellings_total,848,dwellings
2005-01-31,regional_vic,approvals_dwellings_total,686,dwellings
2005-02-28,regional_vic,approvals_dwellings_total,818,dwellings
2005-03-31,regional_vic,approvals_dwellings_total,935,dwellings
2005-04-30,regional_vic,approvals_dwellings_total,946,dwellings
2005-05-31,regional_vic,approvals_dwellings_total,1185,dwellings
2005-06-30,regional_vic,approvals_dwellings_total,1298,dwellings
2005-07-31,regional_vic,approvals_dwellings_total,833,dwellings
2005-08-31,regional_vic,approvals_dwellings_total,957,dwellings
2005-09-30,regional_vic,approvals_dwellings_total,961,dwellings
2005-10-31,regional_vic,approvals_dwellings_total,821,dwellings
2005-11-30,regional_vic,approvals_dwellings_total,939,dwellings
2005-12-31,regional_vic,approvals_dwellings_total,714,dwellings
2006-01-31,regional_vic,approvals_dwellings_total,886,dwellings
2006-02-28,regional_vic,approvals_dwellings_total,869,dwellings
2006-03-31,regional_vic,approvals_dwellings_total,920,dwellings
2006-04-30,regional_vic,approvals_dwellings_total,694,dwellings
2006-05-31,regional_vic,approvals_dwellings_total,1064,dwellings
2006-06-30,regional_vic,approvals_dwellings_total,862,dwellings
2006-07-31,regional_vic,approvals_dwellings_total,1031,dwellings
2006-08-31,regional_vic,approvals_dwellings_total,1058,dwellings
2006-09-30,regional_vic,approvals_dwellings_total,871,dwellings
2006-10-31,regional_vic,approvals_dwellings_total,866,dwellings
2006-11-30,regional_vic,approvals_dwellings_total,949,dwellings
2006-12-31,regional_vic,approvals_dwellings_total,675,dwellings
2007-01-31,regional_vic,approvals_dwellings_total,601,dwellings
2007-02-28,regional_vic,approvals_dwellings_total,843,dwellings
2007-03-31,regional_vic,approvals_dwellings_total,820,dwellings
2007-04-30,regional_vic,approvals_dwellings_total,829,dwellings
2007-05-31,regional_vic,approvals_dwellings_total,814,dwellings
2007-06-30,regional_vic,approvals_dwellings_total,849,dwellings
2007-07-31,regional_vic,approvals_dwellings_total,911,dwellings
2007-08-31,regional_vic,approvals_dwellings_total,1003,dwellings
2007-09-30,regional_vic,approvals_dwellings_total,770,dwellings
2007-10-31,regional_vic,approvals_dwellings_total,899,dwellings
2007-11-30,regional_vic,approvals_dwellings_total,954,dwellings
2007-12-31,regional_vic,approvals_dwellings_total,657,dwellings
2008-01-31,regional_vic,approvals_dwellings_total,669,dwellings
2008-02-29,regional_vic,approvals_dwellings_total,799,dwellings
2008-03-31,regional_vic,approvals_dwellings_total,765,dwellings
2008-04-30,regional_vic,approvals_dwellings_total,839,dwellings
2008-05-31,regional_vic,approvals_dwellings_total,779,dwellings
2008-06-30,regional_vic,approvals_dwellings_total,929,dwellings
2008-07-31,regional_vic,approvals_dwellings_total,864,dwellings
2008-08-31,regional_vic,approvals_dwellings_total,825,dwellings
2008-09-30,regional_vic,approvals_dwellings_total,894,dwellings
2008-10-31,regional_vic,approvals_dwellings_total,747,dwellings
2008-11-30,regional_vic,approvals_dwellings_total,689,dwellings
2008-12-31,regional_vic,approvals_dwellings_total,651,dwellings
2009-01-31,regional_vic,approvals_dwellings_total,546,dwellings
2009-02-28,regional_vic,approvals_dwellings_total,786,dwellings
2009-03-31,regional_vic,approvals_dwellings_total,722,dwellings
2009-04-30,regional_vic,approvals_dwellings_total,732,dwellings
2009-05-31,regional_vic,approvals_dwellings_total,859,dwellings
2009-06-30,regional_vic,approvals_dwellings_total,975,dwellings
2009-07-31,regional_vic,approvals_dwellings_total,1034,dwellings
2009-08-31,regional_vic,approvals_dwellings_total,1109,dwellings
2009-09-30,regional_vic,approvals_dwellings_total,1160,dwellings
2009-10-31,regional_vic,approvals_dwellings_total,1240,dwellings
2009-11-30,regional_vic,approvals_dwellings_total,1242,dwellings
2009-12-31,regional_vic,approvals_dwellings_total,891,dwellings
2010-01-31,regional_vic,approvals_dwellings_total,981,dwellings
2010-02-28,regional_vic,approvals_dwellings_total,1204,dwellings
2010-03-31,regional_vic,approvals_dwellings_total,1399,dwellings
2010-04-30,regional_vic,approvals_dwellings_total,1141,dwellings
2010-05-31,regional_vic,approvals_dwellings_total,1006,dwellings
2010-06-30,regional_vic,approvals_dwellings_total,1044,dwellings
2010-07-31,regional_vic,approvals_dwellings_total,1148,dwellings
2010-08-31,regional_vic,approvals_dwellings_total,1040,dwellings
2010-09-30,regional_vic,approvals_dwellings_total,1001,dwellings
2010-10-31,regional_vic,approvals_dwellings_total,1024,dwellings
2010-11-30,regional_vic,approvals_dwellings_total,992,dwellings
2010-12-31,regional_vic,approvals_dwellings_total,829,dwellings
2011-01-31,regional_vic,approvals_dwellings_total,687,dwellings
2011-02-28,regional_vic,approvals_dwellings_total,885,dwellings
2011-03-31,regional_vic,approvals_dwellings_total,1001,dwellings
2011-04-30,regional_vic,approvals_dwellings_total,816,dwellings
2011-05-31,regional_vic,approvals_dwellings_total,971,dwellings
2011-06-30,regional_vic,approvals_dwellings_total,875,dwellings
2011-07-31,regional_vic,approvals_dwellings_total,1042,dwellings
2011-08-31,regional_vic,approvals_dwellings_total,983,dwellings
2011-09-30,regional_vic,approvals_dwellings_total,933,dwellings
2011-10-31,regional_vic,approvals_dwellings_total,895,dwellings
2011-11-30,regional_vic,approvals_dwellings_total,903,dwellings
2011-12-31,regional_vic,approvals_dwellings_total,689,dwellings
2012-01-31,regional_vic,approvals_dwellings_total,722,dwellings
2012-02-29,regional_vic,approvals_dwellings_total,847,dwellings
2012-03-31,regional_vic,approvals_dwellings_total,844,dwellings
2012-04-30,regional_vic,approvals_dwellings_total,774,dwellings
2012-05-31,regional_vic,approvals_dwellings_total,974,dwellings
2012-06-30,regional_vic,approvals_dwellings_total,951,dwellings
2012-07-31,regional_vic,approvals_dwellings_total,973,dwellings
2012-08-31,regional_vic,approvals_dwellings_total,940,dwellings
2012-09-30,regional_vic,approvals_dwellings_total,984,dwellings
2012-10-31,regional_vic,approvals_dwellings_total,1019,dwellings
2012-11-30,regional_vic,approvals_dwellings_total,881,dwellings
2012-12-31,regional_vic,approvals_dwellings_total,542,dwellings
2013-01-31,regional_vic,approvals_dwellings_total,563,dwellings
2013-02-28,regional_vic,approvals_dwellings_total,845,dwellings
2013-03-31,regional_vic,approvals_dwellings_total,709,dwellings
2013-04-30,regional_vic,approvals_dwellings_total,801,dwellings
2013-05-31,regional_vic,approvals_dwellings_total,983,dwellings
2013-06-30,regional_vic,approvals_dwellings_total,706,dwellings
2013-07-31,regional_vic,approvals_dwellings_total,821,dwellings
2013-08-31,regional_vic,approvals_dwellings_total,817,dwellings
2013-09-30,regional_vic,approvals_dwellings_total,808,dwellings
2013-10-31,regional_vic,approvals_dwellings_total,922,dwellings
2013-11-30,regional_vic,approvals_dwellings_total,899,dwellings
2013-12-31,regional_vic,approvals_dwellings_total,631,dwellings
2014-01-31,regional_vic,approvals_dwellings_total,715,dwellings
2014-02-28,regional_vic,approvals_dwellings_total,869,dwellings
2014-03-31,regional_vic,approvals_dwellings_total,857,dwellings
2014-04-30,regional_vic,approvals_dwellings_total,892,dwellings
2014-05-31,regional_vic,approvals_dwellings_total,1052,dwellings
2014-06-30,regional_vic,approvals_dwellings_total,919,dwellings
2014-07-31,regional_vic,approvals_dwellings_total,938,dwellings
2014-08-31,regional_vic,approvals_dwellings_total,1008,dwellings
2014-09-30,regional_vic,approvals_dwellings_total,925,dwellings
2014-10-31,regional_vic,approvals_dwellings_total,941,dwellings
2014-11-30,regional_vic,approvals_dwellings_total,890,dwellings
2014-12-31,regional_vic,approvals_dwellings_total,787,dwellings
2015-01-31,regional_vic,approvals_dwellings_total,668,dwellings
2015-02-28,regional_vic,approvals_dwellings_total,850,dwellings
2015-03-31,regional_vic,approvals_dwellings_total,1203,dwellings
2015-04-30,regional_vic,approvals_dwellings_total,897,dwellings
2015-05-31,regional_vic,approvals_dwellings_total,925,dwellings
2015-06-30,regional_vic,approvals_dwellings_total,858,dwellings
2015-07-31,regional_vic,approvals_dwellings_total,836,dwellings
2015-08-31,regional_vic,approvals_dwellings_total,852,dwellings
2015-09-30,regional_vic,approvals_dwellings_total,904,dwellings
2015-10-31,regional_vic,approvals_dwellings_total,1003,dwellings
2015-11-30,regional_vic,approvals_dwellings_total,939,dwellings
2015-12-31,regional_vic,approvals_dwellings_total,809,dwellings
2016-01-31,regional_vic,approvals_dwellings_total,689,dwellings
2016-02-29,regional_vic,approvals_dwellings_total,882,dwellings
2016-03-31,regional_vic,approvals_dwellings_total,943,dwellings
2016-04-30,regional_vic,approvals_dwellings_total,933,dwellings
2016-05-31,regional_vic,approvals_dwellings_total,1045,dwellings
2016-06-30,regional_vic,approvals_dwellings_total,863,dwellings
2016-07-31,regional_vic,approvals_dwellings_total,806,dwellings
2016-08-31,regional_vic,approvals_dwellings_total,918,dwellings
2016-09-30,regional_vic,approvals_dwellings_total,924,dwellings
2016-10-31,regional_vic,approvals_dwellings_total,783,dwellings
2016-11-30,regional_vic,approvals_dwellings_total,964,dwellings
2016-12-31,regional_vic,approvals_dwellings_total,694,dwellings
2017-01-31,regional_vic,approvals_dwellings_total,555,dwellings
2017-02-28,regional_vic,approvals_dwellings_total,884,dwellings
2017-03-31,regional_vic,approvals_dwellings_total,991,dwellings
2017-04-30,regional_vic,approvals_dwellings_total,749,dwellings
2017-05-31,regional_vic,approvals_dwellings_total,992,dwellings
2017-06-30,regional_vic,approvals_dwellings_total,838,dwellings
2017-07-31,regional_vic,approvals_dwellings_total,998,dwellings
2017-08-31,regional_vic,approvals_dwellings_total,1026,dwellings
2017-09-30,regional_vic,approvals_dwellings_total,986,dwellings
2017-10-31,regional_vic,approvals_dwellings_total,1074,dwellings
2017-11-30,regional_vic,approvals_dwellings_total,1081,dwellings
2017-12-31,regional_vic,approvals_dwellings_total,701,dwellings
2018-01-31,regional_vic,approvals_dwellings_total,810,dwellings
2018-02-28,regional_vic,approvals_dwellings_total,1340,dwellings
2018-03-31,regional_vic,approvals_dwellings_total,1056,dwellings
2018-04-30,regional_vic,approvals_dwellings_total,1167,dwellings
2018-05-31,regional_vic,approvals_dwellings_total,1294,dwellings
2018-06-30,regional_vic,approvals_dwellings_total,1057,dwellings
2018-07-31,regional_vic,approvals_dwellings_total,1117,dwellings
2018-08-31,regional_vic,approvals_dwellings_total,1056,dwellings
2018-09-30,regional_vic,approvals_dwellings_total,1006,dwellings
2018-10-31,regional_vic,approvals_dwellings_total,1205,dwellings
2018-11-30,regional_vic,approvals_dwellings_total,1186,dwellings
2018-12-31,regional_vic,approvals_dwellings_total,827,dwellings
2019-01-31,regional_vic,approvals_dwellings_total,853,dwellings
2019-02-28,regional_vic,approvals_dwellings_total,1118,dwellings
2019-03-31,regional_vic,approvals_dwellings_total,1170,dwellings
2019-04-30,regional_vic,approvals_dwellings_total,872,dwellings
2019-05-31,regional_vic,approvals_dwellings_total,1209,dwellings
2019-06-30,regional_vic,approvals_dwellings_total,1216,dwellings
2019-07-31,regional_vic,approvals_dwellings_total,938,dwellings
2019-08-31,regional_vic,approvals_dwellings_total,983,dwellings
2019-09-30,regional_vic,approvals_dwellings_total,1035,dwellings
2019-10-31,regional_vic,approvals_dwellings_total,948,dwellings
2019-11-30,regional_vic,approvals_dwellings_total,1076,dwellings
2019-12-31,regional_vic,approvals_dwellings_total,819,dwellings
2020-01-31,regional_vic,approvals_dwellings_total,815,dwellings
2020-02-29,regional_vic,approvals_dwellings_total,1115,dwellings
2020-03-31,regional_vic,approvals_dwellings_total,1077,dwellings
2020-04-30,regional_vic,approvals_dwellings_total,1047,dwellings
2020-05-31,regional_vic,approvals_dwellings_total,1084,dwellings
2020-06-30,regional_vic,approvals_dwellings_total,1080,dwellings
2020-07-31,regional_vic,approvals_dwellings_total,1136,dwellings
2020-08-31,regional_vic,approvals_dwellings_total,1117,dwellings
2020-09-30,regional_vic,approvals_dwellings_total,1423,dwellings
2020-10-31,regional_vic,approvals_dwellings_total,1464,dwellings
2020-11-30,regional_vic,approvals_dwellings_total,1480,dwellings
2020-12-31,regional_vic,approvals_dwellings_total,1547,dwellings
2021-01-31,regional_vic,approvals_dwellings_total,1096,dwellings
2021-02-28,regional_vic,approvals_dwellings_total,1801,dwellings
2021-03-31,regional_vic,approvals_dwellings_total,2074,dwellings
2021-04-30,regional_vic,approvals_dwellings_total,1849,dwellings
2021-05-31,regional_vic,approvals_dwellings_total,1731,dwellings
2021-06-30,regional_vic,approvals_dwellings_total,1548,dwellings
2021-07-31,regional_vic,approvals_dwellings_total,1511,dwellings
2021-08-31,regional_vic,approvals_dwellings_total,1563,dwellings
2021-09-30,regional_vic,approvals_dwellings_total,1301,dwellings
2021-10-31,regional_vic,approvals_dwellings_total,1195,dwellings
2021-11-30,regional_vic,approvals_dwellings_total,1287,dwellings
2021-12-31,regional_vic,approvals_dwellings_total,1054,dwellings
2022-01-31,regional_vic,approvals_dwellings_total,712,dwellings
2022-02-28,regional_vic,approvals_dwellings_total,1278,dwellings
2022-03-31,regional_vic,approvals_dwellings_total,1443,dwellings
2022-04-30,regional_vic,approvals_dwellings_total,1034,dwellings
2022-05-31,regional_vic,approvals_dwellings_total,1264,dwellings
2022-06-30,regional_vic,approvals_dwellings_total,1138,dwellings
2022-07-31,regional_vic,approvals_dwellings_total,1020,dwellings
2022-08-31,regional_vic,approvals_dwellings_total,1096,dwellings
2022-09-30,regional_vic,approvals_dwellings_total,1050,dwellings
2022-10-31,regional_vic,approvals_dwellings_total,1216,dwellings
2022-11-30,regional_vic,approvals_dwellings_total,1245,dwellings
2022-12-31,regional_vic,approvals_dwellings_total,833,dwellings
2023-01-31,regional_vic,approvals_dwellings_total,724,dwellings
2023-02-28,regional_vic,approvals_dwellings_total,937,dwellings
2023-03-31,regional_vic,approvals_dwellings_total,979,dwellings
2023-04-30,regional_vic,approvals_dwellings_total,680,dwellings
2023-05-31,regional_vic,approvals_dwellings_total,979,dwellings
2023-06-30,regional_vic,approvals_dwellings_total,866,dwellings
2023-07-31,regional_vic,approvals_dwellings_total,852,dwellings
2023-08-31,regional_vic,approvals_dwellings_total,959,dwellings
2023-09-30,regional_vic,approvals_dwellings_total,1149,dwellings
2023-10-31,regional_vic,approvals_dwellings_total,1198,dwellings
2023-11-30,regional_vic,approvals_dwellings_total,923,dwellings
2023-12-31,regional_vic,approvals_dwellings_total,719,dwellings
2024-01-31,regional_vic,approvals_dwellings_total,741,dwellings
2024-02-29,regional_vic,approvals_dwellings_total,864,dwellings
2024-03-31,regional_vic,approvals_dwellings_total,1015,dwellings
2024-04-30,regional_vic,approvals_dwellings_total,860,dwellings
2024-05-31,regional_vic,approvals_dwellings_total,938,dwellings
2024-06-30,regional_vic,approvals_dwellings_total,866,dwellings
2024-07-31,regional_vic,approvals_dwellings_total,884,dwellings
2024-08-31,regional_vic,approvals_dwellings_total,801,dwellings
2024-09-30,regional_vic,approvals_dwellings_total,926,dwellings
2024-10-31,regional_vic,approvals_dwellings_total,969,dwellings
2024-11-30,regional_vic,approvals_dwellings_total,731,dwellings
2024-12-31,regional_vic,approvals_dwellings_total,631,dwellings
2025-01-31,regional_vic,approvals_dwellings_total,654,dwellings
2025-02-28,regional_vic,approvals_dwellings_total,802,dwellings
2025-03-31,regional_vic,approvals_dwellings_total,952,dwellings
2025-04-30,regional_vic,approvals_dwellings_total,778,dwellings
2025-05-31,regional_vic,approvals_dwellings_total,1074,dwellings
2025-06-30,regional_vic,approvals_dwellings_total,828,dwellings
2025-07-31,regional_vic,approvals_dwellings_total,1004,dwellings
2025-08-31,regional_vic,approvals_dwellings_total,827,dwellings
2025-09-30,regional_vic,approvals_dwellings_total,956,dwellings
2025-10-31,regional_vic,approvals_dwellings_total,1064,dwellings
2025-11-30,regional_vic,approvals_dwellings_total,1048,dwellings
2025-12-31,regional_vic,approvals_dwellings_total,915,dwellings
2026-01-31,regional_vic,approvals_dwellings_total,713,dwellings
2026-02-28,regional_vic,approvals_dwellings_total,1181,dwellings
2026-03-31,regional_vic,approvals_dwellings_total,1167,dwellings
2026-04-30,regional_vic,approvals_dwellings_total,1208,dwellings
2026-05-31,regional_vic,approvals_dwellings_total,1361,dwellings
2001-07-31,regional_vic,approvals_houses,833,dwellings
2001-08-31,regional_vic,approvals_houses,978,dwellings
2001-09-30,regional_vic,approvals_houses,848,dwellings
2001-10-31,regional_vic,approvals_houses,984,dwellings
2001-11-30,regional_vic,approvals_houses,1003,dwellings
2001-12-31,regional_vic,approvals_houses,845,dwellings
2002-01-31,regional_vic,approvals_houses,696,dwellings
2002-02-28,regional_vic,approvals_houses,919,dwellings
2002-03-31,regional_vic,approvals_houses,846,dwellings
2002-04-30,regional_vic,approvals_houses,808,dwellings
2002-05-31,regional_vic,approvals_houses,1042,dwellings
2002-06-30,regional_vic,approvals_houses,876,dwellings
2002-07-31,regional_vic,approvals_houses,849,dwellings
2002-08-31,regional_vic,approvals_houses,895,dwellings
2002-09-30,regional_vic,approvals_houses,890,dwellings
2002-10-31,regional_vic,approvals_houses,957,dwellings
2002-11-30,regional_vic,approvals_houses,799,dwellings
2002-12-31,regional_vic,approvals_houses,762,dwellings
2003-01-31,regional_vic,approvals_houses,668,dwellings
2003-02-28,regional_vic,approvals_houses,833,dwellings
2003-03-31,regional_vic,approvals_houses,784,dwellings
2003-04-30,regional_vic,approvals_houses,872,dwellings
2003-05-31,regional_vic,approvals_houses,932,dwellings
2003-06-30,regional_vic,approvals_houses,929,dwellings
2003-07-31,regional_vic,approvals_houses,1122,dwellings
2003-08-31,regional_vic,approvals_houses,869,dwellings
2003-09-30,regional_vic,approvals_houses,1022,dwellings
2003-10-31,regional_vic,approvals_houses,1012,dwellings
2003-11-30,regional_vic,approvals_houses,908,dwellings
2003-12-31,regional_vic,approvals_houses,806,dwellings
2004-01-31,regional_vic,approvals_houses,721,dwellings
2004-02-29,regional_vic,approvals_houses,877,dwellings
2004-03-31,regional_vic,approvals_houses,1047,dwellings
2004-04-30,regional_vic,approvals_houses,925,dwellings
2004-05-31,regional_vic,approvals_houses,906,dwellings
2004-06-30,regional_vic,approvals_houses,998,dwellings
2004-07-31,regional_vic,approvals_houses,993,dwellings
2004-08-31,regional_vic,approvals_houses,907,dwellings
2004-09-30,regional_vic,approvals_houses,890,dwellings
2004-10-31,regional_vic,approvals_houses,791,dwellings
2004-11-30,regional_vic,approvals_houses,872,dwellings
2004-12-31,regional_vic,approvals_houses,746,dwellings
2005-01-31,regional_vic,approvals_houses,613,dwellings
2005-02-28,regional_vic,approvals_houses,760,dwellings
2005-03-31,regional_vic,approvals_houses,784,dwellings
2005-04-30,regional_vic,approvals_houses,867,dwellings
2005-05-31,regional_vic,approvals_houses,1054,dwellings
2005-06-30,regional_vic,approvals_houses,1143,dwellings
2005-07-31,regional_vic,approvals_houses,768,dwellings
2005-08-31,regional_vic,approvals_houses,887,dwellings
2005-09-30,regional_vic,approvals_houses,848,dwellings
2005-10-31,regional_vic,approvals_houses,752,dwellings
2005-11-30,regional_vic,approvals_houses,880,dwellings
2005-12-31,regional_vic,approvals_houses,650,dwellings
2006-01-31,regional_vic,approvals_houses,732,dwellings
2006-02-28,regional_vic,approvals_houses,781,dwellings
2006-03-31,regional_vic,approvals_houses,835,dwellings
2006-04-30,regional_vic,approvals_houses,624,dwellings
2006-05-31,regional_vic,approvals_houses,989,dwellings
2006-06-30,regional_vic,approvals_houses,830,dwellings
2006-07-31,regional_vic,approvals_houses,925,dwellings
2006-08-31,regional_vic,approvals_houses,969,dwellings
2006-09-30,regional_vic,approvals_houses,812,dwellings
2006-10-31,regional_vic,approvals_houses,794,dwellings
2006-11-30,regional_vic,approvals_houses,892,dwellings
2006-12-31,regional_vic,approvals_houses,581,dwellings
2007-01-31,regional_vic,approvals_houses,585,dwellings
2007-02-28,regional_vic,approvals_houses,740,dwellings
2007-03-31,regional_vic,approvals_houses,776,dwellings
2007-04-30,regional_vic,approvals_houses,707,dwellings
2007-05-31,regional_vic,approvals_houses,756,dwellings
2007-06-30,regional_vic,approvals_houses,789,dwellings
2007-07-31,regional_vic,approvals_houses,827,dwellings
2007-08-31,regional_vic,approvals_houses,911,dwellings
2007-09-30,regional_vic,approvals_houses,735,dwellings
2007-10-31,regional_vic,approvals_houses,830,dwellings
2007-11-30,regional_vic,approvals_houses,824,dwellings
2007-12-31,regional_vic,approvals_houses,619,dwellings
2008-01-31,regional_vic,approvals_houses,615,dwellings
2008-02-29,regional_vic,approvals_houses,716,dwellings
2008-03-31,regional_vic,approvals_houses,653,dwellings
2008-04-30,regional_vic,approvals_houses,784,dwellings
2008-05-31,regional_vic,approvals_houses,712,dwellings
2008-06-30,regional_vic,approvals_houses,754,dwellings
2008-07-31,regional_vic,approvals_houses,830,dwellings
2008-08-31,regional_vic,approvals_houses,677,dwellings
2008-09-30,regional_vic,approvals_houses,781,dwellings
2008-10-31,regional_vic,approvals_houses,615,dwellings
2008-11-30,regional_vic,approvals_houses,633,dwellings
2008-12-31,regional_vic,approvals_houses,590,dwellings
2009-01-31,regional_vic,approvals_houses,509,dwellings
2009-02-28,regional_vic,approvals_houses,735,dwellings
2009-03-31,regional_vic,approvals_houses,689,dwellings
2009-04-30,regional_vic,approvals_houses,717,dwellings
2009-05-31,regional_vic,approvals_houses,824,dwellings
2009-06-30,regional_vic,approvals_houses,934,dwellings
2009-07-31,regional_vic,approvals_houses,976,dwellings
2009-08-31,regional_vic,approvals_houses,1037,dwellings
2009-09-30,regional_vic,approvals_houses,1091,dwellings
2009-10-31,regional_vic,approvals_houses,1208,dwellings
2009-11-30,regional_vic,approvals_houses,1187,dwellings
2009-12-31,regional_vic,approvals_houses,822,dwellings
2010-01-31,regional_vic,approvals_houses,824,dwellings
2010-02-28,regional_vic,approvals_houses,1056,dwellings
2010-03-31,regional_vic,approvals_houses,1146,dwellings
2010-04-30,regional_vic,approvals_houses,907,dwellings
2010-05-31,regional_vic,approvals_houses,872,dwellings
2010-06-30,regional_vic,approvals_houses,890,dwellings
2010-07-31,regional_vic,approvals_houses,917,dwellings
2010-08-31,regional_vic,approvals_houses,948,dwellings
2010-09-30,regional_vic,approvals_houses,905,dwellings
2010-10-31,regional_vic,approvals_houses,907,dwellings
2010-11-30,regional_vic,approvals_houses,935,dwellings
2010-12-31,regional_vic,approvals_houses,767,dwellings
2011-01-31,regional_vic,approvals_houses,590,dwellings
2011-02-28,regional_vic,approvals_houses,826,dwellings
2011-03-31,regional_vic,approvals_houses,947,dwellings
2011-04-30,regional_vic,approvals_houses,773,dwellings
2011-05-31,regional_vic,approvals_houses,907,dwellings
2011-06-30,regional_vic,approvals_houses,826,dwellings
2011-07-31,regional_vic,approvals_houses,975,dwellings
2011-08-31,regional_vic,approvals_houses,946,dwellings
2011-09-30,regional_vic,approvals_houses,844,dwellings
2011-10-31,regional_vic,approvals_houses,758,dwellings
2011-11-30,regional_vic,approvals_houses,861,dwellings
2011-12-31,regional_vic,approvals_houses,649,dwellings
2012-01-31,regional_vic,approvals_houses,663,dwellings
2012-02-29,regional_vic,approvals_houses,780,dwellings
2012-03-31,regional_vic,approvals_houses,784,dwellings
2012-04-30,regional_vic,approvals_houses,713,dwellings
2012-05-31,regional_vic,approvals_houses,890,dwellings
2012-06-30,regional_vic,approvals_houses,876,dwellings
2012-07-31,regional_vic,approvals_houses,901,dwellings
2012-08-31,regional_vic,approvals_houses,861,dwellings
2012-09-30,regional_vic,approvals_houses,836,dwellings
2012-10-31,regional_vic,approvals_houses,775,dwellings
2012-11-30,regional_vic,approvals_houses,811,dwellings
2012-12-31,regional_vic,approvals_houses,510,dwellings
2013-01-31,regional_vic,approvals_houses,534,dwellings
2013-02-28,regional_vic,approvals_houses,815,dwellings
2013-03-31,regional_vic,approvals_houses,674,dwellings
2013-04-30,regional_vic,approvals_houses,712,dwellings
2013-05-31,regional_vic,approvals_houses,891,dwellings
2013-06-30,regional_vic,approvals_houses,646,dwellings
2013-07-31,regional_vic,approvals_houses,750,dwellings
2013-08-31,regional_vic,approvals_houses,743,dwellings
2013-09-30,regional_vic,approvals_houses,762,dwellings
2013-10-31,regional_vic,approvals_houses,867,dwellings
2013-11-30,regional_vic,approvals_houses,832,dwellings
2013-12-31,regional_vic,approvals_houses,601,dwellings
2014-01-31,regional_vic,approvals_houses,626,dwellings
2014-02-28,regional_vic,approvals_houses,826,dwellings
2014-03-31,regional_vic,approvals_houses,792,dwellings
2014-04-30,regional_vic,approvals_houses,813,dwellings
2014-05-31,regional_vic,approvals_houses,993,dwellings
2014-06-30,regional_vic,approvals_houses,813,dwellings
2014-07-31,regional_vic,approvals_houses,883,dwellings
2014-08-31,regional_vic,approvals_houses,870,dwellings
2014-09-30,regional_vic,approvals_houses,869,dwellings
2014-10-31,regional_vic,approvals_houses,890,dwellings
2014-11-30,regional_vic,approvals_houses,824,dwellings
2014-12-31,regional_vic,approvals_houses,736,dwellings
2015-01-31,regional_vic,approvals_houses,626,dwellings
2015-02-28,regional_vic,approvals_houses,824,dwellings
2015-03-31,regional_vic,approvals_houses,925,dwellings
2015-04-30,regional_vic,approvals_houses,840,dwellings
2015-05-31,regional_vic,approvals_houses,875,dwellings
2015-06-30,regional_vic,approvals_houses,840,dwellings
2015-07-31,regional_vic,approvals_houses,807,dwellings
2015-08-31,regional_vic,approvals_houses,834,dwellings
2015-09-30,regional_vic,approvals_houses,838,dwellings
2015-10-31,regional_vic,approvals_houses,904,dwellings
2015-11-30,regional_vic,approvals_houses,893,dwellings
2015-12-31,regional_vic,approvals_houses,752,dwellings
2016-01-31,regional_vic,approvals_houses,628,dwellings
2016-02-29,regional_vic,approvals_houses,809,dwellings
2016-03-31,regional_vic,approvals_houses,920,dwellings
2016-04-30,regional_vic,approvals_houses,877,dwellings
2016-05-31,regional_vic,approvals_houses,957,dwellings
2016-06-30,regional_vic,approvals_houses,831,dwellings
2016-07-31,regional_vic,approvals_houses,780,dwellings
2016-08-31,regional_vic,approvals_houses,870,dwellings
2016-09-30,regional_vic,approvals_houses,868,dwellings
2016-10-31,regional_vic,approvals_houses,751,dwellings
2016-11-30,regional_vic,approvals_houses,929,dwellings
2016-12-31,regional_vic,approvals_houses,673,dwellings
2017-01-31,regional_vic,approvals_houses,541,dwellings
2017-02-28,regional_vic,approvals_houses,804,dwellings
2017-03-31,regional_vic,approvals_houses,907,dwellings
2017-04-30,regional_vic,approvals_houses,686,dwellings
2017-05-31,regional_vic,approvals_houses,896,dwellings
2017-06-30,regional_vic,approvals_houses,775,dwellings
2017-07-31,regional_vic,approvals_houses,917,dwellings
2017-08-31,regional_vic,approvals_houses,973,dwellings
2017-09-30,regional_vic,approvals_houses,947,dwellings
2017-10-31,regional_vic,approvals_houses,995,dwellings
2017-11-30,regional_vic,approvals_houses,982,dwellings
2017-12-31,regional_vic,approvals_houses,650,dwellings
2018-01-31,regional_vic,approvals_houses,716,dwellings
2018-02-28,regional_vic,approvals_houses,942,dwellings
2018-03-31,regional_vic,approvals_houses,1005,dwellings
2018-04-30,regional_vic,approvals_houses,1012,dwellings
2018-05-31,regional_vic,approvals_houses,1081,dwellings
2018-06-30,regional_vic,approvals_houses,954,dwellings
2018-07-31,regional_vic,approvals_houses,1006,dwellings
2018-08-31,regional_vic,approvals_houses,999,dwellings
2018-09-30,regional_vic,approvals_houses,918,dwellings
2018-10-31,regional_vic,approvals_houses,1123,dwellings
2018-11-30,regional_vic,approvals_houses,1114,dwellings
2018-12-31,regional_vic,approvals_houses,755,dwellings
2019-01-31,regional_vic,approvals_houses,799,dwellings
2019-02-28,regional_vic,approvals_houses,1006,dwellings
2019-03-31,regional_vic,approvals_houses,992,dwellings
2019-04-30,regional_vic,approvals_houses,839,dwellings
2019-05-31,regional_vic,approvals_houses,1119,dwellings
2019-06-30,regional_vic,approvals_houses,1060,dwellings
2019-07-31,regional_vic,approvals_houses,878,dwellings
2019-08-31,regional_vic,approvals_houses,927,dwellings
2019-09-30,regional_vic,approvals_houses,959,dwellings
2019-10-31,regional_vic,approvals_houses,871,dwellings
2019-11-30,regional_vic,approvals_houses,984,dwellings
2019-12-31,regional_vic,approvals_houses,751,dwellings
2020-01-31,regional_vic,approvals_houses,755,dwellings
2020-02-29,regional_vic,approvals_houses,968,dwellings
2020-03-31,regional_vic,approvals_houses,997,dwellings
2020-04-30,regional_vic,approvals_houses,987,dwellings
2020-05-31,regional_vic,approvals_houses,1013,dwellings
2020-06-30,regional_vic,approvals_houses,991,dwellings
2020-07-31,regional_vic,approvals_houses,1055,dwellings
2020-08-31,regional_vic,approvals_houses,1053,dwellings
2020-09-30,regional_vic,approvals_houses,1359,dwellings
2020-10-31,regional_vic,approvals_houses,1387,dwellings
2020-11-30,regional_vic,approvals_houses,1327,dwellings
2020-12-31,regional_vic,approvals_houses,1314,dwellings
2021-01-31,regional_vic,approvals_houses,1040,dwellings
2021-02-28,regional_vic,approvals_houses,1595,dwellings
2021-03-31,regional_vic,approvals_houses,1897,dwellings
2021-04-30,regional_vic,approvals_houses,1640,dwellings
2021-05-31,regional_vic,approvals_houses,1591,dwellings
2021-06-30,regional_vic,approvals_houses,1433,dwellings
2021-07-31,regional_vic,approvals_houses,1292,dwellings
2021-08-31,regional_vic,approvals_houses,1402,dwellings
2021-09-30,regional_vic,approvals_houses,1197,dwellings
2021-10-31,regional_vic,approvals_houses,1122,dwellings
2021-11-30,regional_vic,approvals_houses,1177,dwellings
2021-12-31,regional_vic,approvals_houses,974,dwellings
2022-01-31,regional_vic,approvals_houses,671,dwellings
2022-02-28,regional_vic,approvals_houses,1149,dwellings
2022-03-31,regional_vic,approvals_houses,1293,dwellings
2022-04-30,regional_vic,approvals_houses,935,dwellings
2022-05-31,regional_vic,approvals_houses,1088,dwellings
2022-06-30,regional_vic,approvals_houses,996,dwellings
2022-07-31,regional_vic,approvals_houses,946,dwellings
2022-08-31,regional_vic,approvals_houses,977,dwellings
2022-09-30,regional_vic,approvals_houses,929,dwellings
2022-10-31,regional_vic,approvals_houses,1055,dwellings
2022-11-30,regional_vic,approvals_houses,1109,dwellings
2022-12-31,regional_vic,approvals_houses,758,dwellings
2023-01-31,regional_vic,approvals_houses,655,dwellings
2023-02-28,regional_vic,approvals_houses,881,dwellings
2023-03-31,regional_vic,approvals_houses,883,dwellings
2023-04-30,regional_vic,approvals_houses,614,dwellings
2023-05-31,regional_vic,approvals_houses,878,dwellings
2023-06-30,regional_vic,approvals_houses,782,dwellings
2023-07-31,regional_vic,approvals_houses,796,dwellings
2023-08-31,regional_vic,approvals_houses,853,dwellings
2023-09-30,regional_vic,approvals_houses,689,dwellings
2023-10-31,regional_vic,approvals_houses,1080,dwellings
2023-11-30,regional_vic,approvals_houses,819,dwellings
2023-12-31,regional_vic,approvals_houses,613,dwellings
2024-01-31,regional_vic,approvals_houses,565,dwellings
2024-02-29,regional_vic,approvals_houses,794,dwellings
2024-03-31,regional_vic,approvals_houses,774,dwellings
2024-04-30,regional_vic,approvals_houses,766,dwellings
2024-05-31,regional_vic,approvals_houses,754,dwellings
2024-06-30,regional_vic,approvals_houses,722,dwellings
2024-07-31,regional_vic,approvals_houses,801,dwellings
2024-08-31,regional_vic,approvals_houses,749,dwellings
2024-09-30,regional_vic,approvals_houses,842,dwellings
2024-10-31,regional_vic,approvals_houses,800,dwellings
2024-11-30,regional_vic,approvals_houses,690,dwellings
2024-12-31,regional_vic,approvals_houses,574,dwellings
2025-01-31,regional_vic,approvals_houses,542,dwellings
2025-02-28,regional_vic,approvals_houses,729,dwellings
2025-03-31,regional_vic,approvals_houses,726,dwellings
2025-04-30,regional_vic,approvals_houses,630,dwellings
2025-05-31,regional_vic,approvals_houses,899,dwellings
2025-06-30,regional_vic,approvals_houses,752,dwellings
2025-07-31,regional_vic,approvals_houses,918,dwellings
2025-08-31,regional_vic,approvals_houses,801,dwellings
2025-09-30,regional_vic,approvals_houses,838,dwellings
2025-10-31,regional_vic,approvals_houses,925,dwellings
2025-11-30,regional_vic,approvals_houses,855,dwellings
2025-12-31,regional_vic,approvals_houses,755,dwellings
2026-01-31,regional_vic,approvals_houses,639,dwellings
2026-02-28,regional_vic,approvals_houses,1020,dwellings
2026-03-31,regional_vic,approvals_houses,1012,dwellings
2026-04-30,regional_vic,approvals_houses,1054,dwellings
2026-05-31,regional_vic,approvals_houses,1164,dwellings
2001-07-31,regional_vic,approvals_other_residential,23,dwellings
2001-08-31,regional_vic,approvals_other_residential,50,dwellings
2001-09-30,regional_vic,approvals_other_residential,40,dwellings
2001-10-31,regional_vic,approvals_other_residential,57,dwellings
2001-11-30,regional_vic,approvals_other_residential,44,dwellings
2001-12-31,regional_vic,approvals_other_residential,47,dwellings
2002-01-31,regional_vic,approvals_other_residential,80,dwellings
2002-02-28,regional_vic,approvals_other_residential,24,dwellings
2002-03-31,regional_vic,approvals_other_residential,46,dwellings
2002-04-30,regional_vic,approvals_other_residential,86,dwellings
2002-05-31,regional_vic,approvals_other_residential,81,dwellings
2002-06-30,regional_vic,approvals_other_residential,73,dwellings
2002-07-31,regional_vic,approvals_other_residential,65,dwellings
2002-08-31,regional_vic,approvals_other_residential,37,dwellings
2002-09-30,regional_vic,approvals_other_residential,60,dwellings
2002-10-31,regional_vic,approvals_other_residential,132,dwellings
2002-11-30,regional_vic,approvals_other_residential,26,dwellings
2002-12-31,regional_vic,approvals_other_residential,22,dwellings
2003-01-31,regional_vic,approvals_other_residential,51,dwellings
2003-02-28,regional_vic,approvals_other_residential,63,dwellings
2003-03-31,regional_vic,approvals_other_residential,42,dwellings
2003-04-30,regional_vic,approvals_other_residential,64,dwellings
2003-05-31,regional_vic,approvals_other_residential,146,dwellings
2003-06-30,regional_vic,approvals_other_residential,61,dwellings
2003-07-31,regional_vic,approvals_other_residential,56,dwellings
2003-08-31,regional_vic,approvals_other_residential,57,dwellings
2003-09-30,regional_vic,approvals_other_residential,61,dwellings
2003-10-31,regional_vic,approvals_other_residential,60,dwellings
2003-11-30,regional_vic,approvals_other_residential,61,dwellings
2003-12-31,regional_vic,approvals_other_residential,116,dwellings
2004-01-31,regional_vic,approvals_other_residential,30,dwellings
2004-02-29,regional_vic,approvals_other_residential,93,dwellings
2004-03-31,regional_vic,approvals_other_residential,66,dwellings
2004-04-30,regional_vic,approvals_other_residential,90,dwellings
2004-05-31,regional_vic,approvals_other_residential,97,dwellings
2004-06-30,regional_vic,approvals_other_residential,166,dwellings
2004-07-31,regional_vic,approvals_other_residential,52,dwellings
2004-08-31,regional_vic,approvals_other_residential,63,dwellings
2004-09-30,regional_vic,approvals_other_residential,117,dwellings
2004-10-31,regional_vic,approvals_other_residential,154,dwellings
2004-11-30,regional_vic,approvals_other_residential,57,dwellings
2004-12-31,regional_vic,approvals_other_residential,102,dwellings
2005-01-31,regional_vic,approvals_other_residential,73,dwellings
2005-02-28,regional_vic,approvals_other_residential,58,dwellings
2005-03-31,regional_vic,approvals_other_residential,151,dwellings
2005-04-30,regional_vic,approvals_other_residential,79,dwellings
2005-05-31,regional_vic,approvals_other_residential,131,dwellings
2005-06-30,regional_vic,approvals_other_residential,155,dwellings
2005-07-31,regional_vic,approvals_other_residential,65,dwellings
2005-08-31,regional_vic,approvals_other_residential,70,dwellings
2005-09-30,regional_vic,approvals_other_residential,113,dwellings
2005-10-31,regional_vic,approvals_other_residential,69,dwellings
2005-11-30,regional_vic,approvals_other_residential,59,dwellings
2005-12-31,regional_vic,approvals_other_residential,64,dwellings
2006-01-31,regional_vic,approvals_other_residential,154,dwellings
2006-02-28,regional_vic,approvals_other_residential,88,dwellings
2006-03-31,regional_vic,approvals_other_residential,85,dwellings
2006-04-30,regional_vic,approvals_other_residential,70,dwellings
2006-05-31,regional_vic,approvals_other_residential,75,dwellings
2006-06-30,regional_vic,approvals_other_residential,32,dwellings
2006-07-31,regional_vic,approvals_other_residential,106,dwellings
2006-08-31,regional_vic,approvals_other_residential,89,dwellings
2006-09-30,regional_vic,approvals_other_residential,59,dwellings
2006-10-31,regional_vic,approvals_other_residential,72,dwellings
2006-11-30,regional_vic,approvals_other_residential,57,dwellings
2006-12-31,regional_vic,approvals_other_residential,94,dwellings
2007-01-31,regional_vic,approvals_other_residential,16,dwellings
2007-02-28,regional_vic,approvals_other_residential,103,dwellings
2007-03-31,regional_vic,approvals_other_residential,44,dwellings
2007-04-30,regional_vic,approvals_other_residential,122,dwellings
2007-05-31,regional_vic,approvals_other_residential,58,dwellings
2007-06-30,regional_vic,approvals_other_residential,60,dwellings
2007-07-31,regional_vic,approvals_other_residential,84,dwellings
2007-08-31,regional_vic,approvals_other_residential,92,dwellings
2007-09-30,regional_vic,approvals_other_residential,35,dwellings
2007-10-31,regional_vic,approvals_other_residential,69,dwellings
2007-11-30,regional_vic,approvals_other_residential,130,dwellings
2007-12-31,regional_vic,approvals_other_residential,38,dwellings
2008-01-31,regional_vic,approvals_other_residential,54,dwellings
2008-02-29,regional_vic,approvals_other_residential,83,dwellings
2008-03-31,regional_vic,approvals_other_residential,112,dwellings
2008-04-30,regional_vic,approvals_other_residential,55,dwellings
2008-05-31,regional_vic,approvals_other_residential,67,dwellings
2008-06-30,regional_vic,approvals_other_residential,175,dwellings
2008-07-31,regional_vic,approvals_other_residential,34,dwellings
2008-08-31,regional_vic,approvals_other_residential,148,dwellings
2008-09-30,regional_vic,approvals_other_residential,113,dwellings
2008-10-31,regional_vic,approvals_other_residential,132,dwellings
2008-11-30,regional_vic,approvals_other_residential,56,dwellings
2008-12-31,regional_vic,approvals_other_residential,61,dwellings
2009-01-31,regional_vic,approvals_other_residential,37,dwellings
2009-02-28,regional_vic,approvals_other_residential,51,dwellings
2009-03-31,regional_vic,approvals_other_residential,33,dwellings
2009-04-30,regional_vic,approvals_other_residential,15,dwellings
2009-05-31,regional_vic,approvals_other_residential,35,dwellings
2009-06-30,regional_vic,approvals_other_residential,41,dwellings
2009-07-31,regional_vic,approvals_other_residential,58,dwellings
2009-08-31,regional_vic,approvals_other_residential,72,dwellings
2009-09-30,regional_vic,approvals_other_residential,69,dwellings
2009-10-31,regional_vic,approvals_other_residential,32,dwellings
2009-11-30,regional_vic,approvals_other_residential,55,dwellings
2009-12-31,regional_vic,approvals_other_residential,69,dwellings
2010-01-31,regional_vic,approvals_other_residential,157,dwellings
2010-02-28,regional_vic,approvals_other_residential,148,dwellings
2010-03-31,regional_vic,approvals_other_residential,253,dwellings
2010-04-30,regional_vic,approvals_other_residential,234,dwellings
2010-05-31,regional_vic,approvals_other_residential,134,dwellings
2010-06-30,regional_vic,approvals_other_residential,154,dwellings
2010-07-31,regional_vic,approvals_other_residential,231,dwellings
2010-08-31,regional_vic,approvals_other_residential,92,dwellings
2010-09-30,regional_vic,approvals_other_residential,96,dwellings
2010-10-31,regional_vic,approvals_other_residential,117,dwellings
2010-11-30,regional_vic,approvals_other_residential,57,dwellings
2010-12-31,regional_vic,approvals_other_residential,62,dwellings
2011-01-31,regional_vic,approvals_other_residential,97,dwellings
2011-02-28,regional_vic,approvals_other_residential,59,dwellings
2011-03-31,regional_vic,approvals_other_residential,54,dwellings
2011-04-30,regional_vic,approvals_other_residential,43,dwellings
2011-05-31,regional_vic,approvals_other_residential,64,dwellings
2011-06-30,regional_vic,approvals_other_residential,49,dwellings
2011-07-31,regional_vic,approvals_other_residential,67,dwellings
2011-08-31,regional_vic,approvals_other_residential,37,dwellings
2011-09-30,regional_vic,approvals_other_residential,89,dwellings
2011-10-31,regional_vic,approvals_other_residential,137,dwellings
2011-11-30,regional_vic,approvals_other_residential,42,dwellings
2011-12-31,regional_vic,approvals_other_residential,40,dwellings
2012-01-31,regional_vic,approvals_other_residential,59,dwellings
2012-02-29,regional_vic,approvals_other_residential,67,dwellings
2012-03-31,regional_vic,approvals_other_residential,60,dwellings
2012-04-30,regional_vic,approvals_other_residential,61,dwellings
2012-05-31,regional_vic,approvals_other_residential,84,dwellings
2012-06-30,regional_vic,approvals_other_residential,75,dwellings
2012-07-31,regional_vic,approvals_other_residential,72,dwellings
2012-08-31,regional_vic,approvals_other_residential,79,dwellings
2012-09-30,regional_vic,approvals_other_residential,148,dwellings
2012-10-31,regional_vic,approvals_other_residential,244,dwellings
2012-11-30,regional_vic,approvals_other_residential,70,dwellings
2012-12-31,regional_vic,approvals_other_residential,32,dwellings
2013-01-31,regional_vic,approvals_other_residential,29,dwellings
2013-02-28,regional_vic,approvals_other_residential,30,dwellings
2013-03-31,regional_vic,approvals_other_residential,35,dwellings
2013-04-30,regional_vic,approvals_other_residential,89,dwellings
2013-05-31,regional_vic,approvals_other_residential,92,dwellings
2013-06-30,regional_vic,approvals_other_residential,60,dwellings
2013-07-31,regional_vic,approvals_other_residential,71,dwellings
2013-08-31,regional_vic,approvals_other_residential,74,dwellings
2013-09-30,regional_vic,approvals_other_residential,46,dwellings
2013-10-31,regional_vic,approvals_other_residential,55,dwellings
2013-11-30,regional_vic,approvals_other_residential,67,dwellings
2013-12-31,regional_vic,approvals_other_residential,30,dwellings
2014-01-31,regional_vic,approvals_other_residential,89,dwellings
2014-02-28,regional_vic,approvals_other_residential,43,dwellings
2014-03-31,regional_vic,approvals_other_residential,65,dwellings
2014-04-30,regional_vic,approvals_other_residential,79,dwellings
2014-05-31,regional_vic,approvals_other_residential,59,dwellings
2014-06-30,regional_vic,approvals_other_residential,106,dwellings
2014-07-31,regional_vic,approvals_other_residential,55,dwellings
2014-08-31,regional_vic,approvals_other_residential,138,dwellings
2014-09-30,regional_vic,approvals_other_residential,56,dwellings
2014-10-31,regional_vic,approvals_other_residential,51,dwellings
2014-11-30,regional_vic,approvals_other_residential,66,dwellings
2014-12-31,regional_vic,approvals_other_residential,51,dwellings
2015-01-31,regional_vic,approvals_other_residential,42,dwellings
2015-02-28,regional_vic,approvals_other_residential,26,dwellings
2015-03-31,regional_vic,approvals_other_residential,278,dwellings
2015-04-30,regional_vic,approvals_other_residential,57,dwellings
2015-05-31,regional_vic,approvals_other_residential,50,dwellings
2015-06-30,regional_vic,approvals_other_residential,18,dwellings
2015-07-31,regional_vic,approvals_other_residential,29,dwellings
2015-08-31,regional_vic,approvals_other_residential,18,dwellings
2015-09-30,regional_vic,approvals_other_residential,66,dwellings
2015-10-31,regional_vic,approvals_other_residential,99,dwellings
2015-11-30,regional_vic,approvals_other_residential,46,dwellings
2015-12-31,regional_vic,approvals_other_residential,57,dwellings
2016-01-31,regional_vic,approvals_other_residential,61,dwellings
2016-02-29,regional_vic,approvals_other_residential,73,dwellings
2016-03-31,regional_vic,approvals_other_residential,23,dwellings
2016-04-30,regional_vic,approvals_other_residential,56,dwellings
2016-05-31,regional_vic,approvals_other_residential,88,dwellings
2016-06-30,regional_vic,approvals_other_residential,32,dwellings
2016-07-31,regional_vic,approvals_other_residential,26,dwellings
2016-08-31,regional_vic,approvals_other_residential,48,dwellings
2016-09-30,regional_vic,approvals_other_residential,56,dwellings
2016-10-31,regional_vic,approvals_other_residential,32,dwellings
2016-11-30,regional_vic,approvals_other_residential,35,dwellings
2016-12-31,regional_vic,approvals_other_residential,21,dwellings
2017-01-31,regional_vic,approvals_other_residential,14,dwellings
2017-02-28,regional_vic,approvals_other_residential,80,dwellings
2017-03-31,regional_vic,approvals_other_residential,84,dwellings
2017-04-30,regional_vic,approvals_other_residential,63,dwellings
2017-05-31,regional_vic,approvals_other_residential,96,dwellings
2017-06-30,regional_vic,approvals_other_residential,63,dwellings
2017-07-31,regional_vic,approvals_other_residential,81,dwellings
2017-08-31,regional_vic,approvals_other_residential,53,dwellings
2017-09-30,regional_vic,approvals_other_residential,39,dwellings
2017-10-31,regional_vic,approvals_other_residential,79,dwellings
2017-11-30,regional_vic,approvals_other_residential,99,dwellings
2017-12-31,regional_vic,approvals_other_residential,51,dwellings
2018-01-31,regional_vic,approvals_other_residential,94,dwellings
2018-02-28,regional_vic,approvals_other_residential,398,dwellings
2018-03-31,regional_vic,approvals_other_residential,51,dwellings
2018-04-30,regional_vic,approvals_other_residential,155,dwellings
2018-05-31,regional_vic,approvals_other_residential,213,dwellings
2018-06-30,regional_vic,approvals_other_residential,103,dwellings
2018-07-31,regional_vic,approvals_other_residential,111,dwellings
2018-08-31,regional_vic,approvals_other_residential,57,dwellings
2018-09-30,regional_vic,approvals_other_residential,88,dwellings
2018-10-31,regional_vic,approvals_other_residential,82,dwellings
2018-11-30,regional_vic,approvals_other_residential,72,dwellings
2018-12-31,regional_vic,approvals_other_residential,72,dwellings
2019-01-31,regional_vic,approvals_other_residential,54,dwellings
2019-02-28,regional_vic,approvals_other_residential,112,dwellings
2019-03-31,regional_vic,approvals_other_residential,178,dwellings
2019-04-30,regional_vic,approvals_other_residential,33,dwellings
2019-05-31,regional_vic,approvals_other_residential,90,dwellings
2019-06-30,regional_vic,approvals_other_residential,156,dwellings
2019-07-31,regional_vic,approvals_other_residential,60,dwellings
2019-08-31,regional_vic,approvals_other_residential,56,dwellings
2019-09-30,regional_vic,approvals_other_residential,76,dwellings
2019-10-31,regional_vic,approvals_other_residential,77,dwellings
2019-11-30,regional_vic,approvals_other_residential,92,dwellings
2019-12-31,regional_vic,approvals_other_residential,68,dwellings
2020-01-31,regional_vic,approvals_other_residential,60,dwellings
2020-02-29,regional_vic,approvals_other_residential,147,dwellings
2020-03-31,regional_vic,approvals_other_residential,80,dwellings
2020-04-30,regional_vic,approvals_other_residential,60,dwellings
2020-05-31,regional_vic,approvals_other_residential,71,dwellings
2020-06-30,regional_vic,approvals_other_residential,89,dwellings
2020-07-31,regional_vic,approvals_other_residential,81,dwellings
2020-08-31,regional_vic,approvals_other_residential,64,dwellings
2020-09-30,regional_vic,approvals_other_residential,64,dwellings
2020-10-31,regional_vic,approvals_other_residential,77,dwellings
2020-11-30,regional_vic,approvals_other_residential,153,dwellings
2020-12-31,regional_vic,approvals_other_residential,233,dwellings
2021-01-31,regional_vic,approvals_other_residential,56,dwellings
2021-02-28,regional_vic,approvals_other_residential,206,dwellings
2021-03-31,regional_vic,approvals_other_residential,177,dwellings
2021-04-30,regional_vic,approvals_other_residential,209,dwellings
2021-05-31,regional_vic,approvals_other_residential,140,dwellings
2021-06-30,regional_vic,approvals_other_residential,115,dwellings
2021-07-31,regional_vic,approvals_other_residential,219,dwellings
2021-08-31,regional_vic,approvals_other_residential,161,dwellings
2021-09-30,regional_vic,approvals_other_residential,104,dwellings
2021-10-31,regional_vic,approvals_other_residential,73,dwellings
2021-11-30,regional_vic,approvals_other_residential,110,dwellings
2021-12-31,regional_vic,approvals_other_residential,80,dwellings
2022-01-31,regional_vic,approvals_other_residential,41,dwellings
2022-02-28,regional_vic,approvals_other_residential,129,dwellings
2022-03-31,regional_vic,approvals_other_residential,150,dwellings
2022-04-30,regional_vic,approvals_other_residential,99,dwellings
2022-05-31,regional_vic,approvals_other_residential,176,dwellings
2022-06-30,regional_vic,approvals_other_residential,142,dwellings
2022-07-31,regional_vic,approvals_other_residential,74,dwellings
2022-08-31,regional_vic,approvals_other_residential,119,dwellings
2022-09-30,regional_vic,approvals_other_residential,121,dwellings
2022-10-31,regional_vic,approvals_other_residential,161,dwellings
2022-11-30,regional_vic,approvals_other_residential,136,dwellings
2022-12-31,regional_vic,approvals_other_residential,75,dwellings
2023-01-31,regional_vic,approvals_other_residential,69,dwellings
2023-02-28,regional_vic,approvals_other_residential,56,dwellings
2023-03-31,regional_vic,approvals_other_residential,96,dwellings
2023-04-30,regional_vic,approvals_other_residential,66,dwellings
2023-05-31,regional_vic,approvals_other_residential,101,dwellings
2023-06-30,regional_vic,approvals_other_residential,84,dwellings
2023-07-31,regional_vic,approvals_other_residential,56,dwellings
2023-08-31,regional_vic,approvals_other_residential,106,dwellings
2023-09-30,regional_vic,approvals_other_residential,460,dwellings
2023-10-31,regional_vic,approvals_other_residential,118,dwellings
2023-11-30,regional_vic,approvals_other_residential,104,dwellings
2023-12-31,regional_vic,approvals_other_residential,106,dwellings
2024-01-31,regional_vic,approvals_other_residential,176,dwellings
2024-02-29,regional_vic,approvals_other_residential,70,dwellings
2024-03-31,regional_vic,approvals_other_residential,241,dwellings
2024-04-30,regional_vic,approvals_other_residential,94,dwellings
2024-05-31,regional_vic,approvals_other_residential,184,dwellings
2024-06-30,regional_vic,approvals_other_residential,144,dwellings
2024-07-31,regional_vic,approvals_other_residential,83,dwellings
2024-08-31,regional_vic,approvals_other_residential,52,dwellings
2024-09-30,regional_vic,approvals_other_residential,84,dwellings
2024-10-31,regional_vic,approvals_other_residential,169,dwellings
2024-11-30,regional_vic,approvals_other_residential,41,dwellings
2024-12-31,regional_vic,approvals_other_residential,57,dwellings
2025-01-31,regional_vic,approvals_other_residential,112,dwellings
2025-02-28,regional_vic,approvals_other_residential,73,dwellings
2025-03-31,regional_vic,approvals_other_residential,226,dwellings
2025-04-30,regional_vic,approvals_other_residential,148,dwellings
2025-05-31,regional_vic,approvals_other_residential,175,dwellings
2025-06-30,regional_vic,approvals_other_residential,76,dwellings
2025-07-31,regional_vic,approvals_other_residential,86,dwellings
2025-08-31,regional_vic,approvals_other_residential,26,dwellings
2025-09-30,regional_vic,approvals_other_residential,118,dwellings
2025-10-31,regional_vic,approvals_other_residential,139,dwellings
2025-11-30,regional_vic,approvals_other_residential,193,dwellings
2025-12-31,regional_vic,approvals_other_residential,160,dwellings
2026-01-31,regional_vic,approvals_other_residential,74,dwellings
2026-02-28,regional_vic,approvals_other_residential,161,dwellings
2026-03-31,regional_vic,approvals_other_residential,155,dwellings
2026-04-30,regional_vic,approvals_other_residential,154,dwellings
2026-05-31,regional_vic,approvals_other_residential,197,dwellings
1956-01-31,vic,approvals_dwellings_total,1473,dwellings
1956-02-29,vic,approvals_dwellings_total,1877,dwellings
1956-03-31,vic,approvals_dwellings_total,1963,dwellings
1956-04-30,vic,approvals_dwellings_total,1653,dwellings
1956-05-31,vic,approvals_dwellings_total,1802,dwellings
1956-06-30,vic,approvals_dwellings_total,1833,dwellings
1956-07-31,vic,approvals_dwellings_total,1608,dwellings
1956-08-31,vic,approvals_dwellings_total,1635,dwellings
1956-09-30,vic,approvals_dwellings_total,1728,dwellings
1956-10-31,vic,approvals_dwellings_total,1998,dwellings
1956-11-30,vic,approvals_dwellings_total,1751,dwellings
1956-12-31,vic,approvals_dwellings_total,1208,dwellings
1957-01-31,vic,approvals_dwellings_total,1707,dwellings
1957-02-28,vic,approvals_dwellings_total,1833,dwellings
1957-03-31,vic,approvals_dwellings_total,2005,dwellings
1957-04-30,vic,approvals_dwellings_total,1712,dwellings
1957-05-31,vic,approvals_dwellings_total,2161,dwellings
1957-06-30,vic,approvals_dwellings_total,1781,dwellings
1957-07-31,vic,approvals_dwellings_total,2136,dwellings
1957-08-31,vic,approvals_dwellings_total,1964,dwellings
1957-09-30,vic,approvals_dwellings_total,1863,dwellings
1957-10-31,vic,approvals_dwellings_total,2048,dwellings
1957-11-30,vic,approvals_dwellings_total,1955,dwellings
1957-12-31,vic,approvals_dwellings_total,1959,dwellings
1958-01-31,vic,approvals_dwellings_total,1756,dwellings
1958-02-28,vic,approvals_dwellings_total,1934,dwellings
1958-03-31,vic,approvals_dwellings_total,2259,dwellings
1958-04-30,vic,approvals_dwellings_total,1854,dwellings
1958-05-31,vic,approvals_dwellings_total,2211,dwellings
1958-06-30,vic,approvals_dwellings_total,2160,dwellings
1958-07-31,vic,approvals_dwellings_total,2419,dwellings
1958-08-31,vic,approvals_dwellings_total,1848,dwellings
1958-09-30,vic,approvals_dwellings_total,2568,dwellings
1958-10-31,vic,approvals_dwellings_total,2736,dwellings
1958-11-30,vic,approvals_dwellings_total,2046,dwellings
1958-12-31,vic,approvals_dwellings_total,1681,dwellings
1959-01-31,vic,approvals_dwellings_total,1500,dwellings
1959-02-28,vic,approvals_dwellings_total,1802,dwellings
1959-03-31,vic,approvals_dwellings_total,1703,dwellings
1959-04-30,vic,approvals_dwellings_total,2367,dwellings
1959-05-31,vic,approvals_dwellings_total,1878,dwellings
1959-06-30,vic,approvals_dwellings_total,2243,dwellings
1959-07-31,vic,approvals_dwellings_total,2332,dwellings
1959-08-31,vic,approvals_dwellings_total,2175,dwellings
1959-09-30,vic,approvals_dwellings_total,2376,dwellings
1959-10-31,vic,approvals_dwellings_total,2559,dwellings
1959-11-30,vic,approvals_dwellings_total,2377,dwellings
1959-12-31,vic,approvals_dwellings_total,1929,dwellings
1960-01-31,vic,approvals_dwellings_total,1845,dwellings
1960-02-29,vic,approvals_dwellings_total,2261,dwellings
1960-03-31,vic,approvals_dwellings_total,3089,dwellings
1960-04-30,vic,approvals_dwellings_total,2242,dwellings
1960-05-31,vic,approvals_dwellings_total,2910,dwellings
1960-06-30,vic,approvals_dwellings_total,2970,dwellings
1960-07-31,vic,approvals_dwellings_total,2524,dwellings
1960-08-31,vic,approvals_dwellings_total,3153,dwellings
1960-09-30,vic,approvals_dwellings_total,2366,dwellings
1960-10-31,vic,approvals_dwellings_total,2773,dwellings
1960-11-30,vic,approvals_dwellings_total,2182,dwellings
1960-12-31,vic,approvals_dwellings_total,1738,dwellings
1961-01-31,vic,approvals_dwellings_total,1051,dwellings
1961-02-28,vic,approvals_dwellings_total,1261,dwellings
1961-03-31,vic,approvals_dwellings_total,1495,dwellings
1961-04-30,vic,approvals_dwellings_total,1240,dwellings
1961-05-31,vic,approvals_dwellings_total,1693,dwellings
1961-06-30,vic,approvals_dwellings_total,2112,dwellings
1961-07-31,vic,approvals_dwellings_total,1630,dwellings
1961-08-31,vic,approvals_dwellings_total,2016,dwellings
1961-09-30,vic,approvals_dwellings_total,1668,dwellings
1961-10-31,vic,approvals_dwellings_total,1883,dwellings
1961-11-30,vic,approvals_dwellings_total,1848,dwellings
1961-12-31,vic,approvals_dwellings_total,1616,dwellings
1962-01-31,vic,approvals_dwellings_total,1217,dwellings
1962-02-28,vic,approvals_dwellings_total,1857,dwellings
1962-03-31,vic,approvals_dwellings_total,1966,dwellings
1962-04-30,vic,approvals_dwellings_total,1614,dwellings
1962-05-31,vic,approvals_dwellings_total,2013,dwellings
1962-06-30,vic,approvals_dwellings_total,2077,dwellings
1962-07-31,vic,approvals_dwellings_total,2306,dwellings
1962-08-31,vic,approvals_dwellings_total,2108,dwellings
1962-09-30,vic,approvals_dwellings_total,2115,dwellings
1962-10-31,vic,approvals_dwellings_total,2639,dwellings
1962-11-30,vic,approvals_dwellings_total,2417,dwellings
1962-12-31,vic,approvals_dwellings_total,1602,dwellings
1963-01-31,vic,approvals_dwellings_total,1552,dwellings
1963-02-28,vic,approvals_dwellings_total,1938,dwellings
1963-03-31,vic,approvals_dwellings_total,2191,dwellings
1963-04-30,vic,approvals_dwellings_total,2623,dwellings
1963-05-31,vic,approvals_dwellings_total,2581,dwellings
1963-06-30,vic,approvals_dwellings_total,1950,dwellings
1963-07-31,vic,approvals_dwellings_total,2390,dwellings
1963-08-31,vic,approvals_dwellings_total,2473,dwellings
1963-09-30,vic,approvals_dwellings_total,2913,dwellings
1963-10-31,vic,approvals_dwellings_total,3056,dwellings
1963-11-30,vic,approvals_dwellings_total,2490,dwellings
1963-12-31,vic,approvals_dwellings_total,2233,dwellings
1964-01-31,vic,approvals_dwellings_total,1807,dwellings
1964-02-29,vic,approvals_dwellings_total,2627,dwellings
1964-03-31,vic,approvals_dwellings_total,2965,dwellings
1964-04-30,vic,approvals_dwellings_total,3188,dwellings
1964-05-31,vic,approvals_dwellings_total,2806,dwellings
1964-06-30,vic,approvals_dwellings_total,3094,dwellings
1964-07-31,vic,approvals_dwellings_total,3102,dwellings
1964-08-31,vic,approvals_dwellings_total,3010,dwellings
1964-09-30,vic,approvals_dwellings_total,3092,dwellings
1964-10-31,vic,approvals_dwellings_total,2964,dwellings
1964-11-30,vic,approvals_dwellings_total,3048,dwellings
1964-12-31,vic,approvals_dwellings_total,2547,dwellings
1965-01-31,vic,approvals_dwellings_total,1728,dwellings
1965-02-28,vic,approvals_dwellings_total,2486,dwellings
1965-03-31,vic,approvals_dwellings_total,2899,dwellings
1965-04-30,vic,approvals_dwellings_total,2553,dwellings
1965-05-31,vic,approvals_dwellings_total,2723,dwellings
1965-06-30,vic,approvals_dwellings_total,2756,dwellings
1965-07-31,vic,approvals_dwellings_total,2576,dwellings
1965-08-31,vic,approvals_dwellings_total,2610,dwellings
1965-09-30,vic,approvals_dwellings_total,2345,dwellings
1965-10-31,vic,approvals_dwellings_total,2405,dwellings
1965-11-30,vic,approvals_dwellings_total,2361,dwellings
1965-12-31,vic,approvals_dwellings_total,2463,dwellings
1966-01-31,vic,approvals_dwellings_total,1357,dwellings
1966-02-28,vic,approvals_dwellings_total,2316,dwellings
1966-03-31,vic,approvals_dwellings_total,2979,dwellings
1966-04-30,vic,approvals_dwellings_total,2503,dwellings
1966-05-31,vic,approvals_dwellings_total,2944,dwellings
1966-06-30,vic,approvals_dwellings_total,2609,dwellings
1966-07-31,vic,approvals_dwellings_total,2851,dwellings
1966-08-31,vic,approvals_dwellings_total,3358,dwellings
1966-09-30,vic,approvals_dwellings_total,3233,dwellings
1966-10-31,vic,approvals_dwellings_total,3752,dwellings
1966-11-30,vic,approvals_dwellings_total,3005,dwellings
1966-12-31,vic,approvals_dwellings_total,2580,dwellings
1967-01-31,vic,approvals_dwellings_total,1677,dwellings
1967-02-28,vic,approvals_dwellings_total,2821,dwellings
1967-03-31,vic,approvals_dwellings_total,2592,dwellings
1967-04-30,vic,approvals_dwellings_total,2662,dwellings
1967-05-31,vic,approvals_dwellings_total,3313,dwellings
1967-06-30,vic,approvals_dwellings_total,2764,dwellings
1967-07-31,vic,approvals_dwellings_total,3167,dwellings
1967-08-31,vic,approvals_dwellings_total,3548,dwellings
1967-09-30,vic,approvals_dwellings_total,2883,dwellings
1967-10-31,vic,approvals_dwellings_total,3267,dwellings
1967-11-30,vic,approvals_dwellings_total,3737,dwellings
1967-12-31,vic,approvals_dwellings_total,2918,dwellings
1968-01-31,vic,approvals_dwellings_total,2030,dwellings
1968-02-29,vic,approvals_dwellings_total,3243,dwellings
1968-03-31,vic,approvals_dwellings_total,3593,dwellings
1968-04-30,vic,approvals_dwellings_total,3311,dwellings
1968-05-31,vic,approvals_dwellings_total,3818,dwellings
1968-06-30,vic,approvals_dwellings_total,2985,dwellings
1968-07-31,vic,approvals_dwellings_total,3640,dwellings
1968-08-31,vic,approvals_dwellings_total,3631,dwellings
1968-09-30,vic,approvals_dwellings_total,3407,dwellings
1968-10-31,vic,approvals_dwellings_total,3645,dwellings
1968-11-30,vic,approvals_dwellings_total,3304,dwellings
1968-12-31,vic,approvals_dwellings_total,3602,dwellings
1969-01-31,vic,approvals_dwellings_total,1681,dwellings
1969-02-28,vic,approvals_dwellings_total,2364,dwellings
1969-03-31,vic,approvals_dwellings_total,3168,dwellings
1969-04-30,vic,approvals_dwellings_total,2656,dwellings
1969-05-31,vic,approvals_dwellings_total,4174,dwellings
1969-06-30,vic,approvals_dwellings_total,3127,dwellings
1969-07-31,vic,approvals_dwellings_total,3963,dwellings
1969-08-31,vic,approvals_dwellings_total,3543,dwellings
1969-09-30,vic,approvals_dwellings_total,3495,dwellings
1969-10-31,vic,approvals_dwellings_total,4186,dwellings
1969-11-30,vic,approvals_dwellings_total,3680,dwellings
1969-12-31,vic,approvals_dwellings_total,3294,dwellings
1970-01-31,vic,approvals_dwellings_total,1957,dwellings
1970-02-28,vic,approvals_dwellings_total,3041,dwellings
1970-03-31,vic,approvals_dwellings_total,3217,dwellings
1970-04-30,vic,approvals_dwellings_total,3238,dwellings
1970-05-31,vic,approvals_dwellings_total,3272,dwellings
1970-06-30,vic,approvals_dwellings_total,3483,dwellings
1970-07-31,vic,approvals_dwellings_total,2798,dwellings
1970-08-31,vic,approvals_dwellings_total,3182,dwellings
1970-09-30,vic,approvals_dwellings_total,3137,dwellings
1970-10-31,vic,approvals_dwellings_total,3202,dwellings
1970-11-30,vic,approvals_dwellings_total,2897,dwellings
1970-12-31,vic,approvals_dwellings_total,3178,dwellings
1971-01-31,vic,approvals_dwellings_total,1685,dwellings
1971-02-28,vic,approvals_dwellings_total,2640,dwellings
1971-03-31,vic,approvals_dwellings_total,2870,dwellings
1971-04-30,vic,approvals_dwellings_total,2751,dwellings
1971-05-31,vic,approvals_dwellings_total,2779,dwellings
1971-06-30,vic,approvals_dwellings_total,3231,dwellings
1971-07-31,vic,approvals_dwellings_total,2972,dwellings
1971-08-31,vic,approvals_dwellings_total,3170,dwellings
1971-09-30,vic,approvals_dwellings_total,3406,dwellings
1971-10-31,vic,approvals_dwellings_total,3005,dwellings
1971-11-30,vic,approvals_dwellings_total,3447,dwellings
1971-12-31,vic,approvals_dwellings_total,2921,dwellings
1972-01-31,vic,approvals_dwellings_total,1872,dwellings
1972-02-29,vic,approvals_dwellings_total,3128,dwellings
1972-03-31,vic,approvals_dwellings_total,3805,dwellings
1972-04-30,vic,approvals_dwellings_total,2981,dwellings
1972-05-31,vic,approvals_dwellings_total,4108,dwellings
1972-06-30,vic,approvals_dwellings_total,3906,dwellings
1972-07-31,vic,approvals_dwellings_total,3917,dwellings
1972-08-31,vic,approvals_dwellings_total,4307,dwellings
1972-09-30,vic,approvals_dwellings_total,4230,dwellings
1972-10-31,vic,approvals_dwellings_total,4553,dwellings
1972-11-30,vic,approvals_dwellings_total,4331,dwellings
1972-12-31,vic,approvals_dwellings_total,3299,dwellings
1973-01-31,vic,approvals_dwellings_total,2849,dwellings
1973-02-28,vic,approvals_dwellings_total,4090,dwellings
1973-03-31,vic,approvals_dwellings_total,5171,dwellings
1973-04-30,vic,approvals_dwellings_total,3726,dwellings
1973-05-31,vic,approvals_dwellings_total,5283,dwellings
1973-06-30,vic,approvals_dwellings_total,4246,dwellings
1973-07-31,vic,approvals_dwellings_total,5076,dwellings
1973-08-31,vic,approvals_dwellings_total,5014,dwellings
1973-09-30,vic,approvals_dwellings_total,3911,dwellings
1973-10-31,vic,approvals_dwellings_total,4892,dwellings
1973-11-30,vic,approvals_dwellings_total,3988,dwellings
1973-12-31,vic,approvals_dwellings_total,3305,dwellings
1974-01-31,vic,approvals_dwellings_total,2731,dwellings
1974-02-28,vic,approvals_dwellings_total,3124,dwellings
1974-03-31,vic,approvals_dwellings_total,3027,dwellings
1974-04-30,vic,approvals_dwellings_total,2993,dwellings
1974-05-31,vic,approvals_dwellings_total,3378,dwellings
1974-06-30,vic,approvals_dwellings_total,3087,dwellings
1974-07-31,vic,approvals_dwellings_total,3195,dwellings
1974-08-31,vic,approvals_dwellings_total,2205,dwellings
1974-09-30,vic,approvals_dwellings_total,2437,dwellings
1974-10-31,vic,approvals_dwellings_total,2280,dwellings
1974-11-30,vic,approvals_dwellings_total,2030,dwellings
1974-12-31,vic,approvals_dwellings_total,2470,dwellings
1975-01-31,vic,approvals_dwellings_total,1966,dwellings
1975-02-28,vic,approvals_dwellings_total,2560,dwellings
1975-03-31,vic,approvals_dwellings_total,2796,dwellings
1975-04-30,vic,approvals_dwellings_total,2690,dwellings
1975-05-31,vic,approvals_dwellings_total,3182,dwellings
1975-06-30,vic,approvals_dwellings_total,2800,dwellings
1975-07-31,vic,approvals_dwellings_total,3239,dwellings
1975-08-31,vic,approvals_dwellings_total,2883,dwellings
1975-09-30,vic,approvals_dwellings_total,3304,dwellings
1975-10-31,vic,approvals_dwellings_total,3310,dwellings
1975-11-30,vic,approvals_dwellings_total,3211,dwellings
1975-12-31,vic,approvals_dwellings_total,3509,dwellings
1976-01-31,vic,approvals_dwellings_total,1881,dwellings
1976-02-29,vic,approvals_dwellings_total,3144,dwellings
1976-03-31,vic,approvals_dwellings_total,3964,dwellings
1976-04-30,vic,approvals_dwellings_total,3416,dwellings
1976-05-31,vic,approvals_dwellings_total,3598,dwellings
1976-06-30,vic,approvals_dwellings_total,3939,dwellings
1976-07-31,vic,approvals_dwellings_total,3606,dwellings
1976-08-31,vic,approvals_dwellings_total,3251,dwellings
1976-09-30,vic,approvals_dwellings_total,3362,dwellings
1976-10-31,vic,approvals_dwellings_total,3298,dwellings
1976-11-30,vic,approvals_dwellings_total,3477,dwellings
1976-12-31,vic,approvals_dwellings_total,3137,dwellings
1977-01-31,vic,approvals_dwellings_total,1823,dwellings
1977-02-28,vic,approvals_dwellings_total,3560,dwellings
1977-03-31,vic,approvals_dwellings_total,3090,dwellings
1977-04-30,vic,approvals_dwellings_total,2411,dwellings
1977-05-31,vic,approvals_dwellings_total,2972,dwellings
1977-06-30,vic,approvals_dwellings_total,2639,dwellings
1977-07-31,vic,approvals_dwellings_total,2514,dwellings
1977-08-31,vic,approvals_dwellings_total,2499,dwellings
1977-09-30,vic,approvals_dwellings_total,2483,dwellings
1977-10-31,vic,approvals_dwellings_total,2446,dwellings
1977-11-30,vic,approvals_dwellings_total,2380,dwellings
1977-12-31,vic,approvals_dwellings_total,2264,dwellings
1978-01-31,vic,approvals_dwellings_total,1555,dwellings
1978-02-28,vic,approvals_dwellings_total,2217,dwellings
1978-03-31,vic,approvals_dwellings_total,2481,dwellings
1978-04-30,vic,approvals_dwellings_total,2477,dwellings
1978-05-31,vic,approvals_dwellings_total,2935,dwellings
1978-06-30,vic,approvals_dwellings_total,2300,dwellings
1978-07-31,vic,approvals_dwellings_total,2006,dwellings
1978-08-31,vic,approvals_dwellings_total,2157,dwellings
1978-09-30,vic,approvals_dwellings_total,2176,dwellings
1978-10-31,vic,approvals_dwellings_total,2420,dwellings
1978-11-30,vic,approvals_dwellings_total,2542,dwellings
1978-12-31,vic,approvals_dwellings_total,2069,dwellings
1979-01-31,vic,approvals_dwellings_total,1773,dwellings
1979-02-28,vic,approvals_dwellings_total,2054,dwellings
1979-03-31,vic,approvals_dwellings_total,2327,dwellings
1979-04-30,vic,approvals_dwellings_total,1937,dwellings
1979-05-31,vic,approvals_dwellings_total,2780,dwellings
1979-06-30,vic,approvals_dwellings_total,2401,dwellings
1979-07-31,vic,approvals_dwellings_total,2310,dwellings
1979-08-31,vic,approvals_dwellings_total,2410,dwellings
1979-09-30,vic,approvals_dwellings_total,2039,dwellings
1979-10-31,vic,approvals_dwellings_total,2367,dwellings
1979-11-30,vic,approvals_dwellings_total,2348,dwellings
1979-12-31,vic,approvals_dwellings_total,1970,dwellings
1980-01-31,vic,approvals_dwellings_total,1755,dwellings
1980-02-29,vic,approvals_dwellings_total,2140,dwellings
1980-03-31,vic,approvals_dwellings_total,2320,dwellings
1980-04-30,vic,approvals_dwellings_total,2434,dwellings
1980-05-31,vic,approvals_dwellings_total,2540,dwellings
1980-06-30,vic,approvals_dwellings_total,2211,dwellings
1980-07-31,vic,approvals_dwellings_total,2406,dwellings
1980-08-31,vic,approvals_dwellings_total,2178,dwellings
1980-09-30,vic,approvals_dwellings_total,2157,dwellings
1980-10-31,vic,approvals_dwellings_total,2528,dwellings
1980-11-30,vic,approvals_dwellings_total,2499,dwellings
1980-12-31,vic,approvals_dwellings_total,2319,dwellings
1981-01-31,vic,approvals_dwellings_total,1483,dwellings
1981-02-28,vic,approvals_dwellings_total,2187,dwellings
1981-03-31,vic,approvals_dwellings_total,2524,dwellings
1981-04-30,vic,approvals_dwellings_total,2383,dwellings
1981-05-31,vic,approvals_dwellings_total,2293,dwellings
1981-06-30,vic,approvals_dwellings_total,2378,dwellings
1981-07-31,vic,approvals_dwellings_total,2289,dwellings
1981-08-31,vic,approvals_dwellings_total,2287,dwellings
1981-09-30,vic,approvals_dwellings_total,2306,dwellings
1981-10-31,vic,approvals_dwellings_total,2246,dwellings
1981-11-30,vic,approvals_dwellings_total,2186,dwellings
1981-12-31,vic,approvals_dwellings_total,1883,dwellings
1982-01-31,vic,approvals_dwellings_total,1507,dwellings
1982-02-28,vic,approvals_dwellings_total,1745,dwellings
1982-03-31,vic,approvals_dwellings_total,2339,dwellings
1982-04-30,vic,approvals_dwellings_total,2036,dwellings
1982-05-31,vic,approvals_dwellings_total,2062,dwellings
1982-06-30,vic,approvals_dwellings_total,1977,dwellings
1982-07-31,vic,approvals_dwellings_total,2305,dwellings
1982-08-31,vic,approvals_dwellings_total,2092,dwellings
1982-09-30,vic,approvals_dwellings_total,2092,dwellings
1982-10-31,vic,approvals_dwellings_total,2001,dwellings
1982-11-30,vic,approvals_dwellings_total,2181,dwellings
1982-12-31,vic,approvals_dwellings_total,1994,dwellings
1983-01-31,vic,approvals_dwellings_total,1527,dwellings
1983-02-28,vic,approvals_dwellings_total,2427,dwellings
1983-03-31,vic,approvals_dwellings_total,2962,dwellings
1983-04-30,vic,approvals_dwellings_total,2990,dwellings
1983-05-31,vic,approvals_dwellings_total,3216,dwellings
1983-06-30,vic,approvals_dwellings_total,2795,dwellings
1983-07-31,vic,approvals_dwellings_total,2782,dwellings
1983-08-31,vic,approvals_dwellings_total,3233,dwellings
1983-09-30,vic,approvals_dwellings_total,2959,dwellings
1983-10-31,vic,approvals_dwellings_total,3017,dwellings
1983-11-30,vic,approvals_dwellings_total,3137,dwellings
1983-12-31,vic,approvals_dwellings_total,2823,dwellings
1984-01-31,vic,approvals_dwellings_total,2255,dwellings
1984-02-29,vic,approvals_dwellings_total,2911,dwellings
1984-03-31,vic,approvals_dwellings_total,3219,dwellings
1984-04-30,vic,approvals_dwellings_total,2937,dwellings
1984-05-31,vic,approvals_dwellings_total,4125,dwellings
1984-06-30,vic,approvals_dwellings_total,3329,dwellings
1984-07-31,vic,approvals_dwellings_total,3845,dwellings
1984-08-31,vic,approvals_dwellings_total,3890,dwellings
1984-09-30,vic,approvals_dwellings_total,3245,dwellings
1984-10-31,vic,approvals_dwellings_total,3919,dwellings
1984-11-30,vic,approvals_dwellings_total,3352,dwellings
1984-12-31,vic,approvals_dwellings_total,2479,dwellings
1985-01-31,vic,approvals_dwellings_total,2832,dwellings
1985-02-28,vic,approvals_dwellings_total,3385,dwellings
1985-03-31,vic,approvals_dwellings_total,3539,dwellings
1985-04-30,vic,approvals_dwellings_total,3543,dwellings
1985-05-31,vic,approvals_dwellings_total,3834,dwellings
1985-06-30,vic,approvals_dwellings_total,3134,dwellings
1985-07-31,vic,approvals_dwellings_total,3610,dwellings
1985-08-31,vic,approvals_dwellings_total,3891,dwellings
1985-09-30,vic,approvals_dwellings_total,3294,dwellings
1985-10-31,vic,approvals_dwellings_total,3954,dwellings
1985-11-30,vic,approvals_dwellings_total,3310,dwellings
1985-12-31,vic,approvals_dwellings_total,2898,dwellings
1986-01-31,vic,approvals_dwellings_total,2516,dwellings
1986-02-28,vic,approvals_dwellings_total,2924,dwellings
1986-03-31,vic,approvals_dwellings_total,2353,dwellings
1986-04-30,vic,approvals_dwellings_total,2906,dwellings
1986-05-31,vic,approvals_dwellings_total,2989,dwellings
1986-06-30,vic,approvals_dwellings_total,2888,dwellings
1986-07-31,vic,approvals_dwellings_total,3233,dwellings
1986-08-31,vic,approvals_dwellings_total,2823,dwellings
1986-09-30,vic,approvals_dwellings_total,3037,dwellings
1986-10-31,vic,approvals_dwellings_total,3192,dwellings
1986-11-30,vic,approvals_dwellings_total,2887,dwellings
1986-12-31,vic,approvals_dwellings_total,2931,dwellings
1987-01-31,vic,approvals_dwellings_total,2077,dwellings
1987-02-28,vic,approvals_dwellings_total,2486,dwellings
1987-03-31,vic,approvals_dwellings_total,2697,dwellings
1987-04-30,vic,approvals_dwellings_total,2342,dwellings
1987-05-31,vic,approvals_dwellings_total,2776,dwellings
1987-06-30,vic,approvals_dwellings_total,2575,dwellings
1987-07-31,vic,approvals_dwellings_total,2791,dwellings
1987-08-31,vic,approvals_dwellings_total,2699,dwellings
1987-09-30,vic,approvals_dwellings_total,3003,dwellings
1987-10-31,vic,approvals_dwellings_total,3038,dwellings
1987-11-30,vic,approvals_dwellings_total,2890,dwellings
1987-12-31,vic,approvals_dwellings_total,2947,dwellings
1988-01-31,vic,approvals_dwellings_total,2256,dwellings
1988-02-29,vic,approvals_dwellings_total,2640,dwellings
1988-03-31,vic,approvals_dwellings_total,3103,dwellings
1988-04-30,vic,approvals_dwellings_total,2856,dwellings
1988-05-31,vic,approvals_dwellings_total,2981,dwellings
1988-06-30,vic,approvals_dwellings_total,3418,dwellings
1988-07-31,vic,approvals_dwellings_total,3175,dwellings
1988-08-31,vic,approvals_dwellings_total,3623,dwellings
1988-09-30,vic,approvals_dwellings_total,3542,dwellings
1988-10-31,vic,approvals_dwellings_total,3283,dwellings
1988-11-30,vic,approvals_dwellings_total,3597,dwellings
1988-12-31,vic,approvals_dwellings_total,3276,dwellings
1989-01-31,vic,approvals_dwellings_total,2764,dwellings
1989-02-28,vic,approvals_dwellings_total,3124,dwellings
1989-03-31,vic,approvals_dwellings_total,3170,dwellings
1989-04-30,vic,approvals_dwellings_total,3356,dwellings
1989-05-31,vic,approvals_dwellings_total,4116,dwellings
1989-06-30,vic,approvals_dwellings_total,3585,dwellings
1989-07-31,vic,approvals_dwellings_total,2760,dwellings
1989-08-31,vic,approvals_dwellings_total,3024,dwellings
1989-09-30,vic,approvals_dwellings_total,2587,dwellings
1989-10-31,vic,approvals_dwellings_total,2491,dwellings
1989-11-30,vic,approvals_dwellings_total,2613,dwellings
1989-12-31,vic,approvals_dwellings_total,2237,dwellings
1990-01-31,vic,approvals_dwellings_total,2034,dwellings
1990-02-28,vic,approvals_dwellings_total,2322,dwellings
1990-03-31,vic,approvals_dwellings_total,2675,dwellings
1990-04-30,vic,approvals_dwellings_total,2056,dwellings
1990-05-31,vic,approvals_dwellings_total,2793,dwellings
1990-06-30,vic,approvals_dwellings_total,2468,dwellings
1990-07-31,vic,approvals_dwellings_total,2081,dwellings
1990-08-31,vic,approvals_dwellings_total,2156,dwellings
1990-09-30,vic,approvals_dwellings_total,1843,dwellings
1990-10-31,vic,approvals_dwellings_total,2288,dwellings
1990-11-30,vic,approvals_dwellings_total,2357,dwellings
1990-12-31,vic,approvals_dwellings_total,1505,dwellings
1991-01-31,vic,approvals_dwellings_total,1793,dwellings
1991-02-28,vic,approvals_dwellings_total,1833,dwellings
1991-03-31,vic,approvals_dwellings_total,1585,dwellings
1991-04-30,vic,approvals_dwellings_total,1807,dwellings
1991-05-31,vic,approvals_dwellings_total,2254,dwellings
1991-06-30,vic,approvals_dwellings_total,1749,dwellings
1991-07-31,vic,approvals_dwellings_total,2316,dwellings
1991-08-31,vic,approvals_dwellings_total,2009,dwellings
1991-09-30,vic,approvals_dwellings_total,2077,dwellings
1991-10-31,vic,approvals_dwellings_total,2580,dwellings
1991-11-30,vic,approvals_dwellings_total,2047,dwellings
1991-12-31,vic,approvals_dwellings_total,1832,dwellings
1992-01-31,vic,approvals_dwellings_total,1734,dwellings
1992-02-29,vic,approvals_dwellings_total,2016,dwellings
1992-03-31,vic,approvals_dwellings_total,2405,dwellings
1992-04-30,vic,approvals_dwellings_total,2345,dwellings
1992-05-31,vic,approvals_dwellings_total,2291,dwellings
1992-06-30,vic,approvals_dwellings_total,2361,dwellings
1992-07-31,vic,approvals_dwellings_total,2637,dwellings
1992-08-31,vic,approvals_dwellings_total,2359,dwellings
1992-09-30,vic,approvals_dwellings_total,2479,dwellings
1992-10-31,vic,approvals_dwellings_total,2585,dwellings
1992-11-30,vic,approvals_dwellings_total,2589,dwellings
1992-12-31,vic,approvals_dwellings_total,2488,dwellings
1993-01-31,vic,approvals_dwellings_total,2090,dwellings
1993-02-28,vic,approvals_dwellings_total,2336,dwellings
1993-03-31,vic,approvals_dwellings_total,2762,dwellings
1993-04-30,vic,approvals_dwellings_total,2301,dwellings
1993-05-31,vic,approvals_dwellings_total,2480,dwellings
1993-06-30,vic,approvals_dwellings_total,2465,dwellings
1993-07-31,vic,approvals_dwellings_total,2659,dwellings
1993-08-31,vic,approvals_dwellings_total,2510,dwellings
1993-09-30,vic,approvals_dwellings_total,2798,dwellings
1993-10-31,vic,approvals_dwellings_total,2642,dwellings
1993-11-30,vic,approvals_dwellings_total,2745,dwellings
1993-12-31,vic,approvals_dwellings_total,2436,dwellings
1994-01-31,vic,approvals_dwellings_total,2183,dwellings
1994-02-28,vic,approvals_dwellings_total,2716,dwellings
1994-03-31,vic,approvals_dwellings_total,2905,dwellings
1994-04-30,vic,approvals_dwellings_total,2422,dwellings
1994-05-31,vic,approvals_dwellings_total,3029,dwellings
1994-06-30,vic,approvals_dwellings_total,2705,dwellings
1994-07-31,vic,approvals_dwellings_total,2732,dwellings
1994-08-31,vic,approvals_dwellings_total,3041,dwellings
1994-09-30,vic,approvals_dwellings_total,2719,dwellings
1994-10-31,vic,approvals_dwellings_total,2774,dwellings
1994-11-30,vic,approvals_dwellings_total,3031,dwellings
1994-12-31,vic,approvals_dwellings_total,2511,dwellings
1995-01-31,vic,approvals_dwellings_total,1783,dwellings
1995-02-28,vic,approvals_dwellings_total,2260,dwellings
1995-03-31,vic,approvals_dwellings_total,2226,dwellings
1995-04-30,vic,approvals_dwellings_total,1875,dwellings
1995-05-31,vic,approvals_dwellings_total,2670,dwellings
1995-06-30,vic,approvals_dwellings_total,2294,dwellings
1995-07-31,vic,approvals_dwellings_total,2039,dwellings
1995-08-31,vic,approvals_dwellings_total,2098,dwellings
1995-09-30,vic,approvals_dwellings_total,2131,dwellings
1995-10-31,vic,approvals_dwellings_total,2001,dwellings
1995-11-30,vic,approvals_dwellings_total,2083,dwellings
1995-12-31,vic,approvals_dwellings_total,1755,dwellings
1996-01-31,vic,approvals_dwellings_total,1496,dwellings
1996-02-29,vic,approvals_dwellings_total,1837,dwellings
1996-03-31,vic,approvals_dwellings_total,1781,dwellings
1996-04-30,vic,approvals_dwellings_total,1787,dwellings
1996-05-31,vic,approvals_dwellings_total,2083,dwellings
1996-06-30,vic,approvals_dwellings_total,1953,dwellings
1996-07-31,vic,approvals_dwellings_total,2187,dwellings
1996-08-31,vic,approvals_dwellings_total,2469,dwellings
1996-09-30,vic,approvals_dwellings_total,1851,dwellings
1996-10-31,vic,approvals_dwellings_total,2313,dwellings
1996-11-30,vic,approvals_dwellings_total,1878,dwellings
1996-12-31,vic,approvals_dwellings_total,1789,dwellings
1997-01-31,vic,approvals_dwellings_total,2088,dwellings
1997-02-28,vic,approvals_dwellings_total,2291,dwellings
1997-03-31,vic,approvals_dwellings_total,2419,dwellings
1997-04-30,vic,approvals_dwellings_total,2457,dwellings
1997-05-31,vic,approvals_dwellings_total,2602,dwellings
1997-06-30,vic,approvals_dwellings_total,2266,dwellings
1997-07-31,vic,approvals_dwellings_total,2605,dwellings
1997-08-31,vic,approvals_dwellings_total,3163,dwellings
1997-09-30,vic,approvals_dwellings_total,2937,dwellings
1997-10-31,vic,approvals_dwellings_total,2617,dwellings
1997-11-30,vic,approvals_dwellings_total,3193,dwellings
1997-12-31,vic,approvals_dwellings_total,2765,dwellings
1998-01-31,vic,approvals_dwellings_total,2362,dwellings
1998-02-28,vic,approvals_dwellings_total,2691,dwellings
1998-03-31,vic,approvals_dwellings_total,3462,dwellings
1998-04-30,vic,approvals_dwellings_total,3264,dwellings
1998-05-31,vic,approvals_dwellings_total,3101,dwellings
1998-06-30,vic,approvals_dwellings_total,3189,dwellings
1998-07-31,vic,approvals_dwellings_total,2925,dwellings
1998-08-31,vic,approvals_dwellings_total,3067,dwellings
1998-09-30,vic,approvals_dwellings_total,3240,dwellings
1998-10-31,vic,approvals_dwellings_total,3024,dwellings
1998-11-30,vic,approvals_dwellings_total,3082,dwellings
1998-12-31,vic,approvals_dwellings_total,3142,dwellings
1999-01-31,vic,approvals_dwellings_total,2452,dwellings
1999-02-28,vic,approvals_dwellings_total,3552,dwellings
1999-03-31,vic,approvals_dwellings_total,3528,dwellings
1999-04-30,vic,approvals_dwellings_total,3254,dwellings
1999-05-31,vic,approvals_dwellings_total,3558,dwellings
1999-06-30,vic,approvals_dwellings_total,3283,dwellings
1999-07-31,vic,approvals_dwellings_total,3719,dwellings
1999-08-31,vic,approvals_dwellings_total,4729,dwellings
1999-09-30,vic,approvals_dwellings_total,4077,dwellings
1999-10-31,vic,approvals_dwellings_total,3899,dwellings
1999-11-30,vic,approvals_dwellings_total,4283,dwellings
1999-12-31,vic,approvals_dwellings_total,4158,dwellings
2000-01-31,vic,approvals_dwellings_total,4097,dwellings
2000-02-29,vic,approvals_dwellings_total,4734,dwellings
2000-03-31,vic,approvals_dwellings_total,4891,dwellings
2000-04-30,vic,approvals_dwellings_total,3374,dwellings
2000-05-31,vic,approvals_dwellings_total,3384,dwellings
2000-06-30,vic,approvals_dwellings_total,3175,dwellings
2000-07-31,vic,approvals_dwellings_total,2889,dwellings
2000-08-31,vic,approvals_dwellings_total,2571,dwellings
2000-09-30,vic,approvals_dwellings_total,2531,dwellings
2000-10-31,vic,approvals_dwellings_total,2034,dwellings
2000-11-30,vic,approvals_dwellings_total,2979,dwellings
2000-12-31,vic,approvals_dwellings_total,2956,dwellings
2001-01-31,vic,approvals_dwellings_total,2572,dwellings
2001-02-28,vic,approvals_dwellings_total,3160,dwellings
2001-03-31,vic,approvals_dwellings_total,3260,dwellings
2001-04-30,vic,approvals_dwellings_total,2429,dwellings
2001-05-31,vic,approvals_dwellings_total,3657,dwellings
2001-06-30,vic,approvals_dwellings_total,3224,dwellings
2001-07-31,vic,approvals_dwellings_total,3741,dwellings
2001-08-31,vic,approvals_dwellings_total,5650,dwellings
2001-09-30,vic,approvals_dwellings_total,4003,dwellings
2001-10-31,vic,approvals_dwellings_total,4168,dwellings
2001-11-30,vic,approvals_dwellings_total,3785,dwellings
2001-12-31,vic,approvals_dwellings_total,3758,dwellings
2002-01-31,vic,approvals_dwellings_total,3368,dwellings
2002-02-28,vic,approvals_dwellings_total,3764,dwellings
2002-03-31,vic,approvals_dwellings_total,3492,dwellings
2002-04-30,vic,approvals_dwellings_total,4341,dwellings
2002-05-31,vic,approvals_dwellings_total,4290,dwellings
2002-06-30,vic,approvals_dwellings_total,3965,dwellings
2002-07-31,vic,approvals_dwellings_total,4092,dwellings
2002-08-31,vic,approvals_dwellings_total,5700,dwellings
2002-09-30,vic,approvals_dwellings_total,3775,dwellings
2002-10-31,vic,approvals_dwellings_total,4698,dwellings
2002-11-30,vic,approvals_dwellings_total,3244,dwellings
2002-12-31,vic,approvals_dwellings_total,3442,dwellings
2003-01-31,vic,approvals_dwellings_total,3203,dwellings
2003-02-28,vic,approvals_dwellings_total,3397,dwellings
2003-03-31,vic,approvals_dwellings_total,3338,dwellings
2003-04-30,vic,approvals_dwellings_total,4420,dwellings
2003-05-31,vic,approvals_dwellings_total,3875,dwellings
2003-06-30,vic,approvals_dwellings_total,3995,dwellings
2003-07-31,vic,approvals_dwellings_total,3933,dwellings
2003-08-31,vic,approvals_dwellings_total,3665,dwellings
2003-09-30,vic,approvals_dwellings_total,4223,dwellings
2003-10-31,vic,approvals_dwellings_total,5113,dwellings
2003-11-30,vic,approvals_dwellings_total,3486,dwellings
2003-12-31,vic,approvals_dwellings_total,3329,dwellings
2004-01-31,vic,approvals_dwellings_total,3622,dwellings
2004-02-29,vic,approvals_dwellings_total,3324,dwellings
2004-03-31,vic,approvals_dwellings_total,3809,dwellings
2004-04-30,vic,approvals_dwellings_total,3629,dwellings
2004-05-31,vic,approvals_dwellings_total,3887,dwellings
2004-06-30,vic,approvals_dwellings_total,3580,dwellings
2004-07-31,vic,approvals_dwellings_total,3484,dwellings
2004-08-31,vic,approvals_dwellings_total,3471,dwellings
2004-09-30,vic,approvals_dwellings_total,3336,dwellings
2004-10-31,vic,approvals_dwellings_total,3540,dwellings
2004-11-30,vic,approvals_dwellings_total,3468,dwellings
2004-12-31,vic,approvals_dwellings_total,2754,dwellings
2005-01-31,vic,approvals_dwellings_total,2300,dwellings
2005-02-28,vic,approvals_dwellings_total,3055,dwellings
2005-03-31,vic,approvals_dwellings_total,3328,dwellings
2005-04-30,vic,approvals_dwellings_total,3628,dwellings
2005-05-31,vic,approvals_dwellings_total,4116,dwellings
2005-06-30,vic,approvals_dwellings_total,4829,dwellings
2005-07-31,vic,approvals_dwellings_total,2661,dwellings
2005-08-31,vic,approvals_dwellings_total,3050,dwellings
2005-09-30,vic,approvals_dwellings_total,3053,dwellings
2005-10-31,vic,approvals_dwellings_total,2983,dwellings
2005-11-30,vic,approvals_dwellings_total,3408,dwellings
2005-12-31,vic,approvals_dwellings_total,2457,dwellings
2006-01-31,vic,approvals_dwellings_total,2425,dwellings
2006-02-28,vic,approvals_dwellings_total,2946,dwellings
2006-03-31,vic,approvals_dwellings_total,3600,dwellings
2006-04-30,vic,approvals_dwellings_total,2509,dwellings
2006-05-31,vic,approvals_dwellings_total,3690,dwellings
2006-06-30,vic,approvals_dwellings_total,3135,dwellings
2006-07-31,vic,approvals_dwellings_total,3543,dwellings
2006-08-31,vic,approvals_dwellings_total,3722,dwellings
2006-09-30,vic,approvals_dwellings_total,3008,dwellings
2006-10-31,vic,approvals_dwellings_total,3223,dwellings
2006-11-30,vic,approvals_dwellings_total,3383,dwellings
2006-12-31,vic,approvals_dwellings_total,2420,dwellings
2007-01-31,vic,approvals_dwellings_total,2108,dwellings
2007-02-28,vic,approvals_dwellings_total,3350,dwellings
2007-03-31,vic,approvals_dwellings_total,3114,dwellings
2007-04-30,vic,approvals_dwellings_total,2881,dwellings
2007-05-31,vic,approvals_dwellings_total,3515,dwellings
2007-06-30,vic,approvals_dwellings_total,3238,dwellings
2007-07-31,vic,approvals_dwellings_total,3630,dwellings
2007-08-31,vic,approvals_dwellings_total,3850,dwellings
2007-09-30,vic,approvals_dwellings_total,3670,dwellings
2007-10-31,vic,approvals_dwellings_total,4395,dwellings
2007-11-30,vic,approvals_dwellings_total,3617,dwellings
2007-12-31,vic,approvals_dwellings_total,2895,dwellings
2008-01-31,vic,approvals_dwellings_total,2821,dwellings
2008-02-29,vic,approvals_dwellings_total,3622,dwellings
2008-03-31,vic,approvals_dwellings_total,3201,dwellings
2008-04-30,vic,approvals_dwellings_total,3351,dwellings
2008-05-31,vic,approvals_dwellings_total,3585,dwellings
2008-06-30,vic,approvals_dwellings_total,3777,dwellings
2008-07-31,vic,approvals_dwellings_total,4070,dwellings
2008-08-31,vic,approvals_dwellings_total,3560,dwellings
2008-09-30,vic,approvals_dwellings_total,3676,dwellings
2008-10-31,vic,approvals_dwellings_total,3832,dwellings
2008-11-30,vic,approvals_dwellings_total,2883,dwellings
2008-12-31,vic,approvals_dwellings_total,2720,dwellings
2009-01-31,vic,approvals_dwellings_total,2421,dwellings
2009-02-28,vic,approvals_dwellings_total,3484,dwellings
2009-03-31,vic,approvals_dwellings_total,4006,dwellings
2009-04-30,vic,approvals_dwellings_total,3238,dwellings
2009-05-31,vic,approvals_dwellings_total,3228,dwellings
2009-06-30,vic,approvals_dwellings_total,4325,dwellings
2009-07-31,vic,approvals_dwellings_total,5000,dwellings
2009-08-31,vic,approvals_dwellings_total,4118,dwellings
2009-09-30,vic,approvals_dwellings_total,4861,dwellings
2009-10-31,vic,approvals_dwellings_total,4825,dwellings
2009-11-30,vic,approvals_dwellings_total,4709,dwellings
2009-12-31,vic,approvals_dwellings_total,4656,dwellings
2010-01-31,vic,approvals_dwellings_total,3530,dwellings
2010-02-28,vic,approvals_dwellings_total,4656,dwellings
2010-03-31,vic,approvals_dwellings_total,6011,dwellings
2010-04-30,vic,approvals_dwellings_total,4907,dwellings
2010-05-31,vic,approvals_dwellings_total,4760,dwellings
2010-06-30,vic,approvals_dwellings_total,5394,dwellings
2010-07-31,vic,approvals_dwellings_total,5975,dwellings
2010-08-31,vic,approvals_dwellings_total,5978,dwellings
2010-09-30,vic,approvals_dwellings_total,5523,dwellings
2010-10-31,vic,approvals_dwellings_total,5248,dwellings
2010-11-30,vic,approvals_dwellings_total,4999,dwellings
2010-12-31,vic,approvals_dwellings_total,5160,dwellings
2011-01-31,vic,approvals_dwellings_total,3890,dwellings
2011-02-28,vic,approvals_dwellings_total,3930,dwellings
2011-03-31,vic,approvals_dwellings_total,5596,dwellings
2011-04-30,vic,approvals_dwellings_total,4537,dwellings
2011-05-31,vic,approvals_dwellings_total,4154,dwellings
2011-06-30,vic,approvals_dwellings_total,4832,dwellings
2011-07-31,vic,approvals_dwellings_total,4703,dwellings
2011-08-31,vic,approvals_dwellings_total,4898,dwellings
2011-09-30,vic,approvals_dwellings_total,4243,dwellings
2011-10-31,vic,approvals_dwellings_total,3427,dwellings
2011-11-30,vic,approvals_dwellings_total,4260,dwellings
2011-12-31,vic,approvals_dwellings_total,3193,dwellings
2012-01-31,vic,approvals_dwellings_total,2643,dwellings
2012-02-29,vic,approvals_dwellings_total,4310,dwellings
2012-03-31,vic,approvals_dwellings_total,3676,dwellings
2012-04-30,vic,approvals_dwellings_total,3544,dwellings
2012-05-31,vic,approvals_dwellings_total,5216,dwellings
2012-06-30,vic,approvals_dwellings_total,5837,dwellings
2012-07-31,vic,approvals_dwellings_total,3706,dwellings
2012-08-31,vic,approvals_dwellings_total,4963,dwellings
2012-09-30,vic,approvals_dwellings_total,4798,dwellings
2012-10-31,vic,approvals_dwellings_total,4420,dwellings
2012-11-30,vic,approvals_dwellings_total,4474,dwellings
2012-12-31,vic,approvals_dwellings_total,3588,dwellings
2013-01-31,vic,approvals_dwellings_total,2832,dwellings
2013-02-28,vic,approvals_dwellings_total,3478,dwellings
2013-03-31,vic,approvals_dwellings_total,3568,dwellings
2013-04-30,vic,approvals_dwellings_total,4249,dwellings
2013-05-31,vic,approvals_dwellings_total,4448,dwellings
2013-06-30,vic,approvals_dwellings_total,3144,dwellings
2013-07-31,vic,approvals_dwellings_total,4672,dwellings
2013-08-31,vic,approvals_dwellings_total,3972,dwellings
2013-09-30,vic,approvals_dwellings_total,4905,dwellings
2013-10-31,vic,approvals_dwellings_total,5543,dwellings
2013-11-30,vic,approvals_dwellings_total,4669,dwellings
2013-12-31,vic,approvals_dwellings_total,3781,dwellings
2014-01-31,vic,approvals_dwellings_total,3606,dwellings
2014-02-28,vic,approvals_dwellings_total,4768,dwellings
2014-03-31,vic,approvals_dwellings_total,4113,dwellings
2014-04-30,vic,approvals_dwellings_total,5500,dwellings
2014-05-31,vic,approvals_dwellings_total,4464,dwellings
2014-06-30,vic,approvals_dwellings_total,4509,dwellings
2014-07-31,vic,approvals_dwellings_total,5077,dwellings
2014-08-31,vic,approvals_dwellings_total,5469,dwellings
2014-09-30,vic,approvals_dwellings_total,4813,dwellings
2014-10-31,vic,approvals_dwellings_total,5853,dwellings
2014-11-30,vic,approvals_dwellings_total,6895,dwellings
2014-12-31,vic,approvals_dwellings_total,5330,dwellings
2015-01-31,vic,approvals_dwellings_total,3821,dwellings
2015-02-28,vic,approvals_dwellings_total,6459,dwellings
2015-03-31,vic,approvals_dwellings_total,6287,dwellings
2015-04-30,vic,approvals_dwellings_total,5776,dwellings
2015-05-31,vic,approvals_dwellings_total,6588,dwellings
2015-06-30,vic,approvals_dwellings_total,4677,dwellings
2015-07-31,vic,approvals_dwellings_total,5853,dwellings
2015-08-31,vic,approvals_dwellings_total,5409,dwellings
2015-09-30,vic,approvals_dwellings_total,6157,dwellings
2015-10-31,vic,approvals_dwellings_total,7263,dwellings
2015-11-30,vic,approvals_dwellings_total,4491,dwellings
2015-12-31,vic,approvals_dwellings_total,5410,dwellings
2016-01-31,vic,approvals_dwellings_total,4175,dwellings
2016-02-29,vic,approvals_dwellings_total,5583,dwellings
2016-03-31,vic,approvals_dwellings_total,5532,dwellings
2016-04-30,vic,approvals_dwellings_total,5483,dwellings
2016-05-31,vic,approvals_dwellings_total,6069,dwellings
2016-06-30,vic,approvals_dwellings_total,5745,dwellings
2016-07-31,vic,approvals_dwellings_total,6905,dwellings
2016-08-31,vic,approvals_dwellings_total,6462,dwellings
2016-09-30,vic,approvals_dwellings_total,5385,dwellings
2016-10-31,vic,approvals_dwellings_total,4543,dwellings
2016-11-30,vic,approvals_dwellings_total,5850,dwellings
2016-12-31,vic,approvals_dwellings_total,6180,dwellings
2017-01-31,vic,approvals_dwellings_total,4331,dwellings
2017-02-28,vic,approvals_dwellings_total,5733,dwellings
2017-03-31,vic,approvals_dwellings_total,5523,dwellings
2017-04-30,vic,approvals_dwellings_total,4341,dwellings
2017-05-31,vic,approvals_dwellings_total,5381,dwellings
2017-06-30,vic,approvals_dwellings_total,5185,dwellings
2017-07-31,vic,approvals_dwellings_total,5579,dwellings
2017-08-31,vic,approvals_dwellings_total,5893,dwellings
2017-09-30,vic,approvals_dwellings_total,5479,dwellings
2017-10-31,vic,approvals_dwellings_total,7126,dwellings
2017-11-30,vic,approvals_dwellings_total,10145,dwellings
2017-12-31,vic,approvals_dwellings_total,5399,dwellings
2018-01-31,vic,approvals_dwellings_total,5734,dwellings
2018-02-28,vic,approvals_dwellings_total,6166,dwellings
2018-03-31,vic,approvals_dwellings_total,6662,dwellings
2018-04-30,vic,approvals_dwellings_total,5795,dwellings
2018-05-31,vic,approvals_dwellings_total,6413,dwellings
2018-06-30,vic,approvals_dwellings_total,5245,dwellings
2018-07-31,vic,approvals_dwellings_total,5362,dwellings
2018-08-31,vic,approvals_dwellings_total,5046,dwellings
2018-09-30,vic,approvals_dwellings_total,5781,dwellings
2018-10-31,vic,approvals_dwellings_total,6371,dwellings
2018-11-30,vic,approvals_dwellings_total,5297,dwellings
2018-12-31,vic,approvals_dwellings_total,3902,dwellings
2019-01-31,vic,approvals_dwellings_total,3552,dwellings
2019-02-28,vic,approvals_dwellings_total,5854,dwellings
2019-03-31,vic,approvals_dwellings_total,5204,dwellings
2019-04-30,vic,approvals_dwellings_total,3716,dwellings
2019-05-31,vic,approvals_dwellings_total,5047,dwellings
2019-06-30,vic,approvals_dwellings_total,4994,dwellings
2019-07-31,vic,approvals_dwellings_total,4180,dwellings
2019-08-31,vic,approvals_dwellings_total,4504,dwellings
2019-09-30,vic,approvals_dwellings_total,4568,dwellings
2019-10-31,vic,approvals_dwellings_total,5225,dwellings
2019-11-30,vic,approvals_dwellings_total,5086,dwellings
2019-12-31,vic,approvals_dwellings_total,6100,dwellings
2020-01-31,vic,approvals_dwellings_total,3554,dwellings
2020-02-29,vic,approvals_dwellings_total,7040,dwellings
2020-03-31,vic,approvals_dwellings_total,5196,dwellings
2020-04-30,vic,approvals_dwellings_total,5469,dwellings
2020-05-31,vic,approvals_dwellings_total,4792,dwellings
2020-06-30,vic,approvals_dwellings_total,4624,dwellings
2020-07-31,vic,approvals_dwellings_total,6062,dwellings
2020-08-31,vic,approvals_dwellings_total,5367,dwellings
2020-09-30,vic,approvals_dwellings_total,6075,dwellings
2020-10-31,vic,approvals_dwellings_total,5449,dwellings
2020-11-30,vic,approvals_dwellings_total,4957,dwellings
2020-12-31,vic,approvals_dwellings_total,4749,dwellings
2021-01-31,vic,approvals_dwellings_total,3549,dwellings
2021-02-28,vic,approvals_dwellings_total,5871,dwellings
2021-03-31,vic,approvals_dwellings_total,7727,dwellings
2021-04-30,vic,approvals_dwellings_total,5877,dwellings
2021-05-31,vic,approvals_dwellings_total,6078,dwellings
2021-06-30,vic,approvals_dwellings_total,6818,dwellings
2021-07-31,vic,approvals_dwellings_total,5986,dwellings
2021-08-31,vic,approvals_dwellings_total,6712,dwellings
2021-09-30,vic,approvals_dwellings_total,5838,dwellings
2021-10-31,vic,approvals_dwellings_total,5521,dwellings
2021-11-30,vic,approvals_dwellings_total,6255,dwellings
2021-12-31,vic,approvals_dwellings_total,5305,dwellings
2022-01-31,vic,approvals_dwellings_total,3076,dwellings
2022-02-28,vic,approvals_dwellings_total,6875,dwellings
2022-03-31,vic,approvals_dwellings_total,5186,dwellings
2022-04-30,vic,approvals_dwellings_total,5155,dwellings
2022-05-31,vic,approvals_dwellings_total,4853,dwellings
2022-06-30,vic,approvals_dwellings_total,5293,dwellings
2022-07-31,vic,approvals_dwellings_total,4276,dwellings
2022-08-31,vic,approvals_dwellings_total,5581,dwellings
2022-09-30,vic,approvals_dwellings_total,5350,dwellings
2022-10-31,vic,approvals_dwellings_total,5737,dwellings
2022-11-30,vic,approvals_dwellings_total,5313,dwellings
2022-12-31,vic,approvals_dwellings_total,5409,dwellings
2023-01-31,vic,approvals_dwellings_total,2889,dwellings
2023-02-28,vic,approvals_dwellings_total,4195,dwellings
2023-03-31,vic,approvals_dwellings_total,4482,dwellings
2023-04-30,vic,approvals_dwellings_total,3137,dwellings
2023-05-31,vic,approvals_dwellings_total,4413,dwellings
2023-06-30,vic,approvals_dwellings_total,4552,dwellings
2023-07-31,vic,approvals_dwellings_total,4008,dwellings
2023-08-31,vic,approvals_dwellings_total,5270,dwellings
2023-09-30,vic,approvals_dwellings_total,4780,dwellings
2023-10-31,vic,approvals_dwellings_total,4888,dwellings
2023-11-30,vic,approvals_dwellings_total,5355,dwellings
2023-12-31,vic,approvals_dwellings_total,3615,dwellings
2024-01-31,vic,approvals_dwellings_total,3331,dwellings
2024-02-29,vic,approvals_dwellings_total,3985,dwellings
2024-03-31,vic,approvals_dwellings_total,3993,dwellings
2024-04-30,vic,approvals_dwellings_total,4083,dwellings
2024-05-31,vic,approvals_dwellings_total,4858,dwellings
2024-06-30,vic,approvals_dwellings_total,3660,dwellings
2024-07-31,vic,approvals_dwellings_total,5114,dwellings
2024-08-31,vic,approvals_dwellings_total,4780,dwellings
2024-09-30,vic,approvals_dwellings_total,4723,dwellings
2024-10-31,vic,approvals_dwellings_total,6392,dwellings
2024-11-30,vic,approvals_dwellings_total,4876,dwellings
2024-12-31,vic,approvals_dwellings_total,3908,dwellings
2025-01-31,vic,approvals_dwellings_total,3872,dwellings
2025-02-28,vic,approvals_dwellings_total,5813,dwellings
2025-03-31,vic,approvals_dwellings_total,4342,dwellings
2025-04-30,vic,approvals_dwellings_total,3892,dwellings
2025-05-31,vic,approvals_dwellings_total,4615,dwellings
2025-06-30,vic,approvals_dwellings_total,4197,dwellings
2025-07-31,vic,approvals_dwellings_total,4843,dwellings
2025-08-31,vic,approvals_dwellings_total,4178,dwellings
2025-09-30,vic,approvals_dwellings_total,5583,dwellings
2025-10-31,vic,approvals_dwellings_total,4818,dwellings
2025-11-30,vic,approvals_dwellings_total,4951,dwellings
2025-12-31,vic,approvals_dwellings_total,3440,dwellings
2026-01-31,vic,approvals_dwellings_total,2322,dwellings
2026-02-28,vic,approvals_dwellings_total,6034,dwellings
2026-03-31,vic,approvals_dwellings_total,5247,dwellings
2026-04-30,vic,approvals_dwellings_total,5204,dwellings
2026-05-31,vic,approvals_dwellings_total,4704,dwellings
1970-07-31,vic,approvals_houses,2137,dwellings
1970-08-31,vic,approvals_houses,2047,dwellings
1970-09-30,vic,approvals_houses,2200,dwellings
1970-10-31,vic,approvals_houses,2375,dwellings
1970-11-30,vic,approvals_houses,2170,dwellings
1970-12-31,vic,approvals_houses,2083,dwellings
1971-01-31,vic,approvals_houses,1284,dwellings
1971-02-28,vic,approvals_houses,1959,dwellings
1971-03-31,vic,approvals_houses,2108,dwellings
1971-04-30,vic,approvals_houses,1871,dwellings
1971-05-31,vic,approvals_houses,2063,dwellings
1971-06-30,vic,approvals_houses,2382,dwellings
1971-07-31,vic,approvals_houses,2264,dwellings
1971-08-31,vic,approvals_houses,2421,dwellings
1971-09-30,vic,approvals_houses,2358,dwellings
1971-10-31,vic,approvals_houses,2332,dwellings
1971-11-30,vic,approvals_houses,2538,dwellings
1971-12-31,vic,approvals_houses,2165,dwellings
1972-01-31,vic,approvals_houses,1502,dwellings
1972-02-29,vic,approvals_houses,2305,dwellings
1972-03-31,vic,approvals_houses,2596,dwellings
1972-04-30,vic,approvals_houses,2310,dwellings
1972-05-31,vic,approvals_houses,2979,dwellings
1972-06-30,vic,approvals_houses,2648,dwellings
1972-07-31,vic,approvals_houses,2749,dwellings
1972-08-31,vic,approvals_houses,3189,dwellings
1972-09-30,vic,approvals_houses,3091,dwellings
1972-10-31,vic,approvals_houses,3382,dwellings
1972-11-30,vic,approvals_houses,3031,dwellings
1972-12-31,vic,approvals_houses,2413,dwellings
1973-01-31,vic,approvals_houses,1976,dwellings
1973-02-28,vic,approvals_houses,3126,dwellings
1973-03-31,vic,approvals_houses,3721,dwellings
1973-04-30,vic,approvals_houses,2828,dwellings
1973-05-31,vic,approvals_houses,3750,dwellings
1973-06-30,vic,approvals_houses,3077,dwellings
1973-07-31,vic,approvals_houses,3508,dwellings
1973-08-31,vic,approvals_houses,3695,dwellings
1973-09-30,vic,approvals_houses,2777,dwellings
1973-10-31,vic,approvals_houses,3529,dwellings
1973-11-30,vic,approvals_houses,2748,dwellings
1973-12-31,vic,approvals_houses,2286,dwellings
1974-01-31,vic,approvals_houses,2041,dwellings
1974-02-28,vic,approvals_houses,2148,dwellings
1974-03-31,vic,approvals_houses,2014,dwellings
1974-04-30,vic,approvals_houses,2049,dwellings
1974-05-31,vic,approvals_houses,2571,dwellings
1974-06-30,vic,approvals_houses,2264,dwellings
1974-07-31,vic,approvals_houses,2492,dwellings
1974-08-31,vic,approvals_houses,1680,dwellings
1974-09-30,vic,approvals_houses,1845,dwellings
1974-10-31,vic,approvals_houses,1696,dwellings
1974-11-30,vic,approvals_houses,1505,dwellings
1974-12-31,vic,approvals_houses,1973,dwellings
1975-01-31,vic,approvals_houses,1598,dwellings
1975-02-28,vic,approvals_houses,1886,dwellings
1975-03-31,vic,approvals_houses,2101,dwellings
1975-04-30,vic,approvals_houses,2187,dwellings
1975-05-31,vic,approvals_houses,2361,dwellings
1975-06-30,vic,approvals_houses,2182,dwellings
1975-07-31,vic,approvals_houses,2526,dwellings
1975-08-31,vic,approvals_houses,2221,dwellings
1975-09-30,vic,approvals_houses,2548,dwellings
1975-10-31,vic,approvals_houses,2579,dwellings
1975-11-30,vic,approvals_houses,2397,dwellings
1975-12-31,vic,approvals_houses,2611,dwellings
1976-01-31,vic,approvals_houses,1443,dwellings
1976-02-29,vic,approvals_houses,2399,dwellings
1976-03-31,vic,approvals_houses,3206,dwellings
1976-04-30,vic,approvals_houses,2736,dwellings
1976-05-31,vic,approvals_houses,2820,dwellings
1976-06-30,vic,approvals_houses,3144,dwellings
1976-07-31,vic,approvals_houses,2804,dwellings
1976-08-31,vic,approvals_houses,2587,dwellings
1976-09-30,vic,approvals_houses,2763,dwellings
1976-10-31,vic,approvals_houses,2736,dwellings
1976-11-30,vic,approvals_houses,2639,dwellings
1976-12-31,vic,approvals_houses,2308,dwellings
1977-01-31,vic,approvals_houses,1503,dwellings
1977-02-28,vic,approvals_houses,2945,dwellings
1977-03-31,vic,approvals_houses,2540,dwellings
1977-04-30,vic,approvals_houses,1961,dwellings
1977-05-31,vic,approvals_houses,2307,dwellings
1977-06-30,vic,approvals_houses,2151,dwellings
1977-07-31,vic,approvals_houses,2097,dwellings
1977-08-31,vic,approvals_houses,2070,dwellings
1977-09-30,vic,approvals_houses,2010,dwellings
1977-10-31,vic,approvals_houses,2105,dwellings
1977-11-30,vic,approvals_houses,1994,dwellings
1977-12-31,vic,approvals_houses,1951,dwellings
1978-01-31,vic,approvals_houses,1354,dwellings
1978-02-28,vic,approvals_houses,1929,dwellings
1978-03-31,vic,approvals_houses,2064,dwellings
1978-04-30,vic,approvals_houses,2089,dwellings
1978-05-31,vic,approvals_houses,2419,dwellings
1978-06-30,vic,approvals_houses,1926,dwellings
1978-07-31,vic,approvals_houses,1693,dwellings
1978-08-31,vic,approvals_houses,1790,dwellings
1978-09-30,vic,approvals_houses,1868,dwellings
1978-10-31,vic,approvals_houses,2073,dwellings
1978-11-30,vic,approvals_houses,2280,dwellings
1978-12-31,vic,approvals_houses,1819,dwellings
1979-01-31,vic,approvals_houses,1380,dwellings
1979-02-28,vic,approvals_houses,1753,dwellings
1979-03-31,vic,approvals_houses,1977,dwellings
1979-04-30,vic,approvals_houses,1692,dwellings
1979-05-31,vic,approvals_houses,2434,dwellings
1979-06-30,vic,approvals_houses,1986,dwellings
1979-07-31,vic,approvals_houses,2075,dwellings
1979-08-31,vic,approvals_houses,2131,dwellings
1979-09-30,vic,approvals_houses,1803,dwellings
1979-10-31,vic,approvals_houses,2055,dwellings
1979-11-30,vic,approvals_houses,1969,dwellings
1979-12-31,vic,approvals_houses,1541,dwellings
1980-01-31,vic,approvals_houses,1496,dwellings
1980-02-29,vic,approvals_houses,1868,dwellings
1980-03-31,vic,approvals_houses,2025,dwellings
1980-04-30,vic,approvals_houses,1988,dwellings
1980-05-31,vic,approvals_houses,2000,dwellings
1980-06-30,vic,approvals_houses,1833,dwellings
1980-07-31,vic,approvals_houses,2002,dwellings
1980-08-31,vic,approvals_houses,1848,dwellings
1980-09-30,vic,approvals_houses,1721,dwellings
1980-10-31,vic,approvals_houses,2171,dwellings
1980-11-30,vic,approvals_houses,2023,dwellings
1980-12-31,vic,approvals_houses,1881,dwellings
1981-01-31,vic,approvals_houses,1213,dwellings
1981-02-28,vic,approvals_houses,1833,dwellings
1981-03-31,vic,approvals_houses,2144,dwellings
1981-04-30,vic,approvals_houses,1907,dwellings
1981-05-31,vic,approvals_houses,1984,dwellings
1981-06-30,vic,approvals_houses,1866,dwellings
1981-07-31,vic,approvals_houses,1928,dwellings
1981-08-31,vic,approvals_houses,1814,dwellings
1981-09-30,vic,approvals_houses,1844,dwellings
1981-10-31,vic,approvals_houses,1667,dwellings
1981-11-30,vic,approvals_houses,1667,dwellings
1981-12-31,vic,approvals_houses,1522,dwellings
1982-01-31,vic,approvals_houses,1063,dwellings
1982-02-28,vic,approvals_houses,1356,dwellings
1982-03-31,vic,approvals_houses,1769,dwellings
1982-04-30,vic,approvals_houses,1599,dwellings
1982-05-31,vic,approvals_houses,1712,dwellings
1982-06-30,vic,approvals_houses,1653,dwellings
1982-07-31,vic,approvals_houses,1646,dwellings
1982-08-31,vic,approvals_houses,1734,dwellings
1982-09-30,vic,approvals_houses,1685,dwellings
1982-10-31,vic,approvals_houses,1547,dwellings
1982-11-30,vic,approvals_houses,1767,dwellings
1982-12-31,vic,approvals_houses,1641,dwellings
1983-01-31,vic,approvals_houses,1200,dwellings
1983-02-28,vic,approvals_houses,1977,dwellings
1983-03-31,vic,approvals_houses,2279,dwellings
1983-04-30,vic,approvals_houses,2595,dwellings
1983-05-31,vic,approvals_houses,2640,dwellings
1983-06-30,vic,approvals_houses,2161,dwellings
1983-07-31,vic,approvals_houses,2442,dwellings
1983-08-31,vic,approvals_houses,2679,dwellings
1983-09-30,vic,approvals_houses,2540,dwellings
1983-10-31,vic,approvals_houses,2628,dwellings
1983-11-30,vic,approvals_houses,2678,dwellings
1983-12-31,vic,approvals_houses,2320,dwellings
1984-01-31,vic,approvals_houses,1861,dwellings
1984-02-29,vic,approvals_houses,2491,dwellings
1984-03-31,vic,approvals_houses,2768,dwellings
1984-04-30,vic,approvals_houses,2427,dwellings
1984-05-31,vic,approvals_houses,3324,dwellings
1984-06-30,vic,approvals_houses,2850,dwellings
1984-07-31,vic,approvals_houses,3045,dwellings
1984-08-31,vic,approvals_houses,3231,dwellings
1984-09-30,vic,approvals_houses,2663,dwellings
1984-10-31,vic,approvals_houses,3125,dwellings
1984-11-30,vic,approvals_houses,2811,dwellings
1984-12-31,vic,approvals_houses,2061,dwellings
1985-01-31,vic,approvals_houses,2285,dwellings
1985-02-28,vic,approvals_houses,2682,dwellings
1985-03-31,vic,approvals_houses,2806,dwellings
1985-04-30,vic,approvals_houses,2954,dwellings
1985-05-31,vic,approvals_houses,3328,dwellings
1985-06-30,vic,approvals_houses,2678,dwellings
1985-07-31,vic,approvals_houses,2969,dwellings
1985-08-31,vic,approvals_houses,3153,dwellings
1985-09-30,vic,approvals_houses,2729,dwellings
1985-10-31,vic,approvals_houses,3304,dwellings
1985-11-30,vic,approvals_houses,2796,dwellings
1985-12-31,vic,approvals_houses,2416,dwellings
1986-01-31,vic,approvals_houses,2195,dwellings
1986-02-28,vic,approvals_houses,2298,dwellings
1986-03-31,vic,approvals_houses,1987,dwellings
1986-04-30,vic,approvals_houses,2515,dwellings
1986-05-31,vic,approvals_houses,2564,dwellings
1986-06-30,vic,approvals_houses,2441,dwellings
1986-07-31,vic,approvals_houses,2633,dwellings
1986-08-31,vic,approvals_houses,2480,dwellings
1986-09-30,vic,approvals_houses,2580,dwellings
1986-10-31,vic,approvals_houses,2700,dwellings
1986-11-30,vic,approvals_houses,2442,dwellings
1986-12-31,vic,approvals_houses,2486,dwellings
1987-01-31,vic,approvals_houses,1758,dwellings
1987-02-28,vic,approvals_houses,2141,dwellings
1987-03-31,vic,approvals_houses,2322,dwellings
1987-04-30,vic,approvals_houses,2087,dwellings
1987-05-31,vic,approvals_houses,2380,dwellings
1987-06-30,vic,approvals_houses,2269,dwellings
1987-07-31,vic,approvals_houses,2399,dwellings
1987-08-31,vic,approvals_houses,2250,dwellings
1987-09-30,vic,approvals_houses,2499,dwellings
1987-10-31,vic,approvals_houses,2659,dwellings
1987-11-30,vic,approvals_houses,2479,dwellings
1987-12-31,vic,approvals_houses,2555,dwellings
1988-01-31,vic,approvals_houses,1813,dwellings
1988-02-29,vic,approvals_houses,2284,dwellings
1988-03-31,vic,approvals_houses,2687,dwellings
1988-04-30,vic,approvals_houses,2650,dwellings
1988-05-31,vic,approvals_houses,2634,dwellings
1988-06-30,vic,approvals_houses,2947,dwellings
1988-07-31,vic,approvals_houses,2739,dwellings
1988-08-31,vic,approvals_houses,3309,dwellings
1988-09-30,vic,approvals_houses,3304,dwellings
1988-10-31,vic,approvals_houses,2988,dwellings
1988-11-30,vic,approvals_houses,3273,dwellings
1988-12-31,vic,approvals_houses,2889,dwellings
1989-01-31,vic,approvals_houses,2580,dwellings
1989-02-28,vic,approvals_houses,3032,dwellings
1989-03-31,vic,approvals_houses,2950,dwellings
1989-04-30,vic,approvals_houses,3156,dwellings
1989-05-31,vic,approvals_houses,3821,dwellings
1989-06-30,vic,approvals_houses,3014,dwellings
1989-07-31,vic,approvals_houses,2604,dwellings
1989-08-31,vic,approvals_houses,2855,dwellings
1989-09-30,vic,approvals_houses,2446,dwellings
1989-10-31,vic,approvals_houses,2438,dwellings
1989-11-30,vic,approvals_houses,2440,dwellings
1989-12-31,vic,approvals_houses,2153,dwellings
1990-01-31,vic,approvals_houses,1926,dwellings
1990-02-28,vic,approvals_houses,2054,dwellings
1990-03-31,vic,approvals_houses,2322,dwellings
1990-04-30,vic,approvals_houses,1834,dwellings
1990-05-31,vic,approvals_houses,2425,dwellings
1990-06-30,vic,approvals_houses,2091,dwellings
1990-07-31,vic,approvals_houses,1878,dwellings
1990-08-31,vic,approvals_houses,2004,dwellings
1990-09-30,vic,approvals_houses,1678,dwellings
1990-10-31,vic,approvals_houses,1970,dwellings
1990-11-30,vic,approvals_houses,2076,dwellings
1990-12-31,vic,approvals_houses,1363,dwellings
1991-01-31,vic,approvals_houses,1618,dwellings
1991-02-28,vic,approvals_houses,1699,dwellings
1991-03-31,vic,approvals_houses,1459,dwellings
1991-04-30,vic,approvals_houses,1576,dwellings
1991-05-31,vic,approvals_houses,1980,dwellings
1991-06-30,vic,approvals_houses,1614,dwellings
1991-07-31,vic,approvals_houses,2076,dwellings
1991-08-31,vic,approvals_houses,1803,dwellings
1991-09-30,vic,approvals_houses,1823,dwellings
1991-10-31,vic,approvals_houses,2157,dwellings
1991-11-30,vic,approvals_houses,1833,dwellings
1991-12-31,vic,approvals_houses,1690,dwellings
1992-01-31,vic,approvals_houses,1544,dwellings
1992-02-29,vic,approvals_houses,1832,dwellings
1992-03-31,vic,approvals_houses,2008,dwellings
1992-04-30,vic,approvals_houses,2084,dwellings
1992-05-31,vic,approvals_houses,2014,dwellings
1992-06-30,vic,approvals_houses,2201,dwellings
1992-07-31,vic,approvals_houses,2440,dwellings
1992-08-31,vic,approvals_houses,2118,dwellings
1992-09-30,vic,approvals_houses,2380,dwellings
1992-10-31,vic,approvals_houses,2449,dwellings
1992-11-30,vic,approvals_houses,2254,dwellings
1992-12-31,vic,approvals_houses,2255,dwellings
1993-01-31,vic,approvals_houses,1951,dwellings
1993-02-28,vic,approvals_houses,2072,dwellings
1993-03-31,vic,approvals_houses,2563,dwellings
1993-04-30,vic,approvals_houses,2061,dwellings
1993-05-31,vic,approvals_houses,2297,dwellings
1993-06-30,vic,approvals_houses,2318,dwellings
1993-07-31,vic,approvals_houses,2255,dwellings
1993-08-31,vic,approvals_houses,2306,dwellings
1993-09-30,vic,approvals_houses,2454,dwellings
1993-10-31,vic,approvals_houses,2363,dwellings
1993-11-30,vic,approvals_houses,2491,dwellings
1993-12-31,vic,approvals_houses,2170,dwellings
1994-01-31,vic,approvals_houses,1802,dwellings
1994-02-28,vic,approvals_houses,2388,dwellings
1994-03-31,vic,approvals_houses,2594,dwellings
1994-04-30,vic,approvals_houses,2091,dwellings
1994-05-31,vic,approvals_houses,2649,dwellings
1994-06-30,vic,approvals_houses,2494,dwellings
1994-07-31,vic,approvals_houses,2513,dwellings
1994-08-31,vic,approvals_houses,2753,dwellings
1994-09-30,vic,approvals_houses,2526,dwellings
1994-10-31,vic,approvals_houses,2437,dwellings
1994-11-30,vic,approvals_houses,2672,dwellings
1994-12-31,vic,approvals_houses,1924,dwellings
1995-01-31,vic,approvals_houses,1596,dwellings
1995-02-28,vic,approvals_houses,1898,dwellings
1995-03-31,vic,approvals_houses,1997,dwellings
1995-04-30,vic,approvals_houses,1622,dwellings
1995-05-31,vic,approvals_houses,1960,dwellings
1995-06-30,vic,approvals_houses,1985,dwellings
1995-07-31,vic,approvals_houses,1859,dwellings
1995-08-31,vic,approvals_houses,1896,dwellings
1995-09-30,vic,approvals_houses,1746,dwellings
1995-10-31,vic,approvals_houses,1717,dwellings
1995-11-30,vic,approvals_houses,1811,dwellings
1995-12-31,vic,approvals_houses,1426,dwellings
1996-01-31,vic,approvals_houses,1330,dwellings
1996-02-29,vic,approvals_houses,1310,dwellings
1996-03-31,vic,approvals_houses,1356,dwellings
1996-04-30,vic,approvals_houses,1388,dwellings
1996-05-31,vic,approvals_houses,1593,dwellings
1996-06-30,vic,approvals_houses,1457,dwellings
1996-07-31,vic,approvals_houses,1545,dwellings
1996-08-31,vic,approvals_houses,1602,dwellings
1996-09-30,vic,approvals_houses,1484,dwellings
1996-10-31,vic,approvals_houses,1579,dwellings
1996-11-30,vic,approvals_houses,1413,dwellings
1996-12-31,vic,approvals_houses,1464,dwellings
1997-01-31,vic,approvals_houses,1398,dwellings
1997-02-28,vic,approvals_houses,1619,dwellings
1997-03-31,vic,approvals_houses,1907,dwellings
1997-04-30,vic,approvals_houses,1955,dwellings
1997-05-31,vic,approvals_houses,2015,dwellings
1997-06-30,vic,approvals_houses,1824,dwellings
1997-07-31,vic,approvals_houses,2053,dwellings
1997-08-31,vic,approvals_houses,2266,dwellings
1997-09-30,vic,approvals_houses,2413,dwellings
1997-10-31,vic,approvals_houses,2248,dwellings
1997-11-30,vic,approvals_houses,2339,dwellings
1997-12-31,vic,approvals_houses,2234,dwellings
1998-01-31,vic,approvals_houses,1810,dwellings
1998-02-28,vic,approvals_houses,2145,dwellings
1998-03-31,vic,approvals_houses,2622,dwellings
1998-04-30,vic,approvals_houses,2507,dwellings
1998-05-31,vic,approvals_houses,2619,dwellings
1998-06-30,vic,approvals_houses,2681,dwellings
1998-07-31,vic,approvals_houses,2387,dwellings
1998-08-31,vic,approvals_houses,2401,dwellings
1998-09-30,vic,approvals_houses,2738,dwellings
1998-10-31,vic,approvals_houses,2331,dwellings
1998-11-30,vic,approvals_houses,2342,dwellings
1998-12-31,vic,approvals_houses,2200,dwellings
1999-01-31,vic,approvals_houses,1809,dwellings
1999-02-28,vic,approvals_houses,2470,dwellings
1999-03-31,vic,approvals_houses,2792,dwellings
1999-04-30,vic,approvals_houses,2254,dwellings
1999-05-31,vic,approvals_houses,2780,dwellings
1999-06-30,vic,approvals_houses,2742,dwellings
1999-07-31,vic,approvals_houses,2786,dwellings
1999-08-31,vic,approvals_houses,3125,dwellings
1999-09-30,vic,approvals_houses,3402,dwellings
1999-10-31,vic,approvals_houses,2958,dwellings
1999-11-30,vic,approvals_houses,3484,dwellings
1999-12-31,vic,approvals_houses,3332,dwellings
2000-01-31,vic,approvals_houses,2563,dwellings
2000-02-29,vic,approvals_houses,3626,dwellings
2000-03-31,vic,approvals_houses,3650,dwellings
2000-04-30,vic,approvals_houses,2575,dwellings
2000-05-31,vic,approvals_houses,2566,dwellings
2000-06-30,vic,approvals_houses,2408,dwellings
2000-07-31,vic,approvals_houses,1854,dwellings
2000-08-31,vic,approvals_houses,1820,dwellings
2000-09-30,vic,approvals_houses,1884,dwellings
2000-10-31,vic,approvals_houses,1558,dwellings
2000-11-30,vic,approvals_houses,2360,dwellings
2000-12-31,vic,approvals_houses,1711,dwellings
2001-01-31,vic,approvals_houses,1675,dwellings
2001-02-28,vic,approvals_houses,2302,dwellings
2001-03-31,vic,approvals_houses,2199,dwellings
2001-04-30,vic,approvals_houses,1831,dwellings
2001-05-31,vic,approvals_houses,2672,dwellings
2001-06-30,vic,approvals_houses,2643,dwellings
2001-07-31,vic,approvals_houses,2934,dwellings
2001-08-31,vic,approvals_houses,3702,dwellings
2001-09-30,vic,approvals_houses,3059,dwellings
2001-10-31,vic,approvals_houses,3334,dwellings
2001-11-30,vic,approvals_houses,3145,dwellings
2001-12-31,vic,approvals_houses,2809,dwellings
2002-01-31,vic,approvals_houses,2375,dwellings
2002-02-28,vic,approvals_houses,3075,dwellings
2002-03-31,vic,approvals_houses,2958,dwellings
2002-04-30,vic,approvals_houses,3251,dwellings
2002-05-31,vic,approvals_houses,3442,dwellings
2002-06-30,vic,approvals_houses,2936,dwellings
2002-07-31,vic,approvals_houses,2993,dwellings
2002-08-31,vic,approvals_houses,3174,dwellings
2002-09-30,vic,approvals_houses,2906,dwellings
2002-10-31,vic,approvals_houses,3173,dwellings
2002-11-30,vic,approvals_houses,2424,dwellings
2002-12-31,vic,approvals_houses,2681,dwellings
2003-01-31,vic,approvals_houses,2071,dwellings
2003-02-28,vic,approvals_houses,2789,dwellings
2003-03-31,vic,approvals_houses,2479,dwellings
2003-04-30,vic,approvals_houses,2712,dwellings
2003-05-31,vic,approvals_houses,2947,dwellings
2003-06-30,vic,approvals_houses,3131,dwellings
2003-07-31,vic,approvals_houses,3380,dwellings
2003-08-31,vic,approvals_houses,2899,dwellings
2003-09-30,vic,approvals_houses,3008,dwellings
2003-10-31,vic,approvals_houses,3287,dwellings
2003-11-30,vic,approvals_houses,2934,dwellings
2003-12-31,vic,approvals_houses,2572,dwellings
2004-01-31,vic,approvals_houses,2212,dwellings
2004-02-29,vic,approvals_houses,2644,dwellings
2004-03-31,vic,approvals_houses,3113,dwellings
2004-04-30,vic,approvals_houses,2757,dwellings
2004-05-31,vic,approvals_houses,2807,dwellings
2004-06-30,vic,approvals_houses,2979,dwellings
2004-07-31,vic,approvals_houses,2972,dwellings
2004-08-31,vic,approvals_houses,2569,dwellings
2004-09-30,vic,approvals_houses,2581,dwellings
2004-10-31,vic,approvals_houses,2517,dwellings
2004-11-30,vic,approvals_houses,2725,dwellings
2004-12-31,vic,approvals_houses,2021,dwellings
2005-01-31,vic,approvals_houses,1884,dwellings
2005-02-28,vic,approvals_houses,2364,dwellings
2005-03-31,vic,approvals_houses,2475,dwellings
2005-04-30,vic,approvals_houses,2627,dwellings
2005-05-31,vic,approvals_houses,2982,dwellings
2005-06-30,vic,approvals_houses,3545,dwellings
2005-07-31,vic,approvals_houses,2265,dwellings
2005-08-31,vic,approvals_houses,2528,dwellings
2005-09-30,vic,approvals_houses,2384,dwellings
2005-10-31,vic,approvals_houses,2192,dwellings
2005-11-30,vic,approvals_houses,2851,dwellings
2005-12-31,vic,approvals_houses,2077,dwellings
2006-01-31,vic,approvals_houses,1872,dwellings
2006-02-28,vic,approvals_houses,2415,dwellings
2006-03-31,vic,approvals_houses,2711,dwellings
2006-04-30,vic,approvals_houses,2014,dwellings
2006-05-31,vic,approvals_houses,2878,dwellings
2006-06-30,vic,approvals_houses,2591,dwellings
2006-07-31,vic,approvals_houses,2553,dwellings
2006-08-31,vic,approvals_houses,3161,dwellings
2006-09-30,vic,approvals_houses,2552,dwellings
2006-10-31,vic,approvals_houses,2445,dwellings
2006-11-30,vic,approvals_houses,2671,dwellings
2006-12-31,vic,approvals_houses,1692,dwellings
2007-01-31,vic,approvals_houses,1774,dwellings
2007-02-28,vic,approvals_houses,2277,dwellings
2007-03-31,vic,approvals_houses,2465,dwellings
2007-04-30,vic,approvals_houses,2131,dwellings
2007-05-31,vic,approvals_houses,2608,dwellings
2007-06-30,vic,approvals_houses,2522,dwellings
2007-07-31,vic,approvals_houses,2811,dwellings
2007-08-31,vic,approvals_houses,2920,dwellings
2007-09-30,vic,approvals_houses,2454,dwellings
2007-10-31,vic,approvals_houses,2969,dwellings
2007-11-30,vic,approvals_houses,2828,dwellings
2007-12-31,vic,approvals_houses,2247,dwellings
2008-01-31,vic,approvals_houses,1918,dwellings
2008-02-29,vic,approvals_houses,2630,dwellings
2008-03-31,vic,approvals_houses,2546,dwellings
2008-04-30,vic,approvals_houses,2805,dwellings
2008-05-31,vic,approvals_houses,2574,dwellings
2008-06-30,vic,approvals_houses,2809,dwellings
2008-07-31,vic,approvals_houses,2723,dwellings
2008-08-31,vic,approvals_houses,2748,dwellings
2008-09-30,vic,approvals_houses,2681,dwellings
2008-10-31,vic,approvals_houses,2620,dwellings
2008-11-30,vic,approvals_houses,2309,dwellings
2008-12-31,vic,approvals_houses,2016,dwellings
2009-01-31,vic,approvals_houses,1749,dwellings
2009-02-28,vic,approvals_houses,2451,dwellings
2009-03-31,vic,approvals_houses,2665,dwellings
2009-04-30,vic,approvals_houses,2671,dwellings
2009-05-31,vic,approvals_houses,2659,dwellings
2009-06-30,vic,approvals_houses,3186,dwellings
2009-07-31,vic,approvals_houses,3455,dwellings
2009-08-31,vic,approvals_houses,3310,dwellings
2009-09-30,vic,approvals_houses,3377,dwellings
2009-10-31,vic,approvals_houses,3875,dwellings
2009-11-30,vic,approvals_houses,3415,dwellings
2009-12-31,vic,approvals_houses,2862,dwellings
2010-01-31,vic,approvals_houses,2435,dwellings
2010-02-28,vic,approvals_houses,3465,dwellings
2010-03-31,vic,approvals_houses,3718,dwellings
2010-04-30,vic,approvals_houses,3034,dwellings
2010-05-31,vic,approvals_houses,3210,dwellings
2010-06-30,vic,approvals_houses,3333,dwellings
2010-07-31,vic,approvals_houses,3514,dwellings
2010-08-31,vic,approvals_houses,3230,dwellings
2010-09-30,vic,approvals_houses,3198,dwellings
2010-10-31,vic,approvals_houses,3187,dwellings
2010-11-30,vic,approvals_houses,3068,dwellings
2010-12-31,vic,approvals_houses,2641,dwellings
2011-01-31,vic,approvals_houses,2234,dwellings
2011-02-28,vic,approvals_houses,2783,dwellings
2011-03-31,vic,approvals_houses,3200,dwellings
2011-04-30,vic,approvals_houses,2463,dwellings
2011-05-31,vic,approvals_houses,2986,dwellings
2011-06-30,vic,approvals_houses,2926,dwellings
2011-07-31,vic,approvals_houses,3067,dwellings
2011-08-31,vic,approvals_houses,2999,dwellings
2011-09-30,vic,approvals_houses,2811,dwellings
2011-10-31,vic,approvals_houses,2435,dwellings
2011-11-30,vic,approvals_houses,2762,dwellings
2011-12-31,vic,approvals_houses,2074,dwellings
2012-01-31,vic,approvals_houses,1707,dwellings
2012-02-29,vic,approvals_houses,2430,dwellings
2012-03-31,vic,approvals_houses,2406,dwellings
2012-04-30,vic,approvals_houses,1987,dwellings
2012-05-31,vic,approvals_houses,2643,dwellings
2012-06-30,vic,approvals_houses,2505,dwellings
2012-07-31,vic,approvals_houses,2637,dwellings
2012-08-31,vic,approvals_houses,2675,dwellings
2012-09-30,vic,approvals_houses,2467,dwellings
2012-10-31,vic,approvals_houses,2605,dwellings
2012-11-30,vic,approvals_houses,2374,dwellings
2012-12-31,vic,approvals_houses,1711,dwellings
2013-01-31,vic,approvals_houses,1578,dwellings
2013-02-28,vic,approvals_houses,2216,dwellings
2013-03-31,vic,approvals_houses,2003,dwellings
2013-04-30,vic,approvals_houses,2226,dwellings
2013-05-31,vic,approvals_houses,2756,dwellings
2013-06-30,vic,approvals_houses,2069,dwellings
2013-07-31,vic,approvals_houses,2444,dwellings
2013-08-31,vic,approvals_houses,2457,dwellings
2013-09-30,vic,approvals_houses,2353,dwellings
2013-10-31,vic,approvals_houses,2651,dwellings
2013-11-30,vic,approvals_houses,2666,dwellings
2013-12-31,vic,approvals_houses,1957,dwellings
2014-01-31,vic,approvals_houses,2216,dwellings
2014-02-28,vic,approvals_houses,2631,dwellings
2014-03-31,vic,approvals_houses,2573,dwellings
2014-04-30,vic,approvals_houses,2543,dwellings
2014-05-31,vic,approvals_houses,3019,dwellings
2014-06-30,vic,approvals_houses,2609,dwellings
2014-07-31,vic,approvals_houses,2955,dwellings
2014-08-31,vic,approvals_houses,2888,dwellings
2014-09-30,vic,approvals_houses,2718,dwellings
2014-10-31,vic,approvals_houses,3083,dwellings
2014-11-30,vic,approvals_houses,2768,dwellings
2014-12-31,vic,approvals_houses,2291,dwellings
2015-01-31,vic,approvals_houses,2073,dwellings
2015-02-28,vic,approvals_houses,2908,dwellings
2015-03-31,vic,approvals_houses,3049,dwellings
2015-04-30,vic,approvals_houses,2786,dwellings
2015-05-31,vic,approvals_houses,2836,dwellings
2015-06-30,vic,approvals_houses,2811,dwellings
2015-07-31,vic,approvals_houses,3068,dwellings
2015-08-31,vic,approvals_houses,3007,dwellings
2015-09-30,vic,approvals_houses,3220,dwellings
2015-10-31,vic,approvals_houses,3163,dwellings
2015-11-30,vic,approvals_houses,2957,dwellings
2015-12-31,vic,approvals_houses,2552,dwellings
2016-01-31,vic,approvals_houses,2096,dwellings
2016-02-29,vic,approvals_houses,3134,dwellings
2016-03-31,vic,approvals_houses,3293,dwellings
2016-04-30,vic,approvals_houses,3057,dwellings
2016-05-31,vic,approvals_houses,3312,dwellings
2016-06-30,vic,approvals_houses,3098,dwellings
2016-07-31,vic,approvals_houses,3202,dwellings
2016-08-31,vic,approvals_houses,3442,dwellings
2016-09-30,vic,approvals_houses,3117,dwellings
2016-10-31,vic,approvals_houses,2972,dwellings
2016-11-30,vic,approvals_houses,3256,dwellings
2016-12-31,vic,approvals_houses,2448,dwellings
2017-01-31,vic,approvals_houses,2101,dwellings
2017-02-28,vic,approvals_houses,2947,dwellings
2017-03-31,vic,approvals_houses,3266,dwellings
2017-04-30,vic,approvals_houses,2622,dwellings
2017-05-31,vic,approvals_houses,3438,dwellings
2017-06-30,vic,approvals_houses,3093,dwellings
2017-07-31,vic,approvals_houses,3250,dwellings
2017-08-31,vic,approvals_houses,3547,dwellings
2017-09-30,vic,approvals_houses,3230,dwellings
2017-10-31,vic,approvals_houses,3585,dwellings
2017-11-30,vic,approvals_houses,3567,dwellings
2017-12-31,vic,approvals_houses,2423,dwellings
2018-01-31,vic,approvals_houses,2528,dwellings
2018-02-28,vic,approvals_houses,3469,dwellings
2018-03-31,vic,approvals_houses,3672,dwellings
2018-04-30,vic,approvals_houses,3383,dwellings
2018-05-31,vic,approvals_houses,3700,dwellings
2018-06-30,vic,approvals_houses,3236,dwellings
2018-07-31,vic,approvals_houses,3374,dwellings
2018-08-31,vic,approvals_houses,3608,dwellings
2018-09-30,vic,approvals_houses,3042,dwellings
2018-10-31,vic,approvals_houses,3810,dwellings
2018-11-30,vic,approvals_houses,3374,dwellings
2018-12-31,vic,approvals_houses,2364,dwellings
2019-01-31,vic,approvals_houses,2311,dwellings
2019-02-28,vic,approvals_houses,3110,dwellings
2019-03-31,vic,approvals_houses,3030,dwellings
2019-04-30,vic,approvals_houses,2546,dwellings
2019-05-31,vic,approvals_houses,3249,dwellings
2019-06-30,vic,approvals_houses,2967,dwellings
2019-07-31,vic,approvals_houses,2927,dwellings
2019-08-31,vic,approvals_houses,3115,dwellings
2019-09-30,vic,approvals_houses,3022,dwellings
2019-10-31,vic,approvals_houses,2977,dwellings
2019-11-30,vic,approvals_houses,3307,dwellings
2019-12-31,vic,approvals_houses,2529,dwellings
2020-01-31,vic,approvals_houses,2424,dwellings
2020-02-29,vic,approvals_houses,3168,dwellings
2020-03-31,vic,approvals_houses,3187,dwellings
2020-04-30,vic,approvals_houses,3289,dwellings
2020-05-31,vic,approvals_houses,3209,dwellings
2020-06-30,vic,approvals_houses,3122,dwellings
2020-07-31,vic,approvals_houses,3615,dwellings
2020-08-31,vic,approvals_houses,3317,dwellings
2020-09-30,vic,approvals_houses,3776,dwellings
2020-10-31,vic,approvals_houses,3826,dwellings
2020-11-30,vic,approvals_houses,3586,dwellings
2020-12-31,vic,approvals_houses,3328,dwellings
2021-01-31,vic,approvals_houses,2658,dwellings
2021-02-28,vic,approvals_houses,4232,dwellings
2021-03-31,vic,approvals_houses,5030,dwellings
2021-04-30,vic,approvals_houses,4531,dwellings
2021-05-31,vic,approvals_houses,4374,dwellings
2021-06-30,vic,approvals_houses,4322,dwellings
2021-07-31,vic,approvals_houses,4062,dwellings
2021-08-31,vic,approvals_houses,4330,dwellings
2021-09-30,vic,approvals_houses,3685,dwellings
2021-10-31,vic,approvals_houses,3657,dwellings
2021-11-30,vic,approvals_houses,3692,dwellings
2021-12-31,vic,approvals_houses,2823,dwellings
2022-01-31,vic,approvals_houses,1872,dwellings
2022-02-28,vic,approvals_houses,3251,dwellings
2022-03-31,vic,approvals_houses,3576,dwellings
2022-04-30,vic,approvals_houses,2728,dwellings
2022-05-31,vic,approvals_houses,3037,dwellings
2022-06-30,vic,approvals_houses,3208,dwellings
2022-07-31,vic,approvals_houses,3146,dwellings
2022-08-31,vic,approvals_houses,3478,dwellings
2022-09-30,vic,approvals_houses,3096,dwellings
2022-10-31,vic,approvals_houses,3216,dwellings
2022-11-30,vic,approvals_houses,3202,dwellings
2022-12-31,vic,approvals_houses,2408,dwellings
2023-01-31,vic,approvals_houses,1848,dwellings
2023-02-28,vic,approvals_houses,2971,dwellings
2023-03-31,vic,approvals_houses,3178,dwellings
2023-04-30,vic,approvals_houses,2134,dwellings
2023-05-31,vic,approvals_houses,2877,dwellings
2023-06-30,vic,approvals_houses,2618,dwellings
2023-07-31,vic,approvals_houses,2578,dwellings
2023-08-31,vic,approvals_houses,3134,dwellings
2023-09-30,vic,approvals_houses,2592,dwellings
2023-10-31,vic,approvals_houses,3161,dwellings
2023-11-30,vic,approvals_houses,3180,dwellings
2023-12-31,vic,approvals_houses,2403,dwellings
2024-01-31,vic,approvals_houses,1861,dwellings
2024-02-29,vic,approvals_houses,2942,dwellings
2024-03-31,vic,approvals_houses,2959,dwellings
2024-04-30,vic,approvals_houses,2851,dwellings
2024-05-31,vic,approvals_houses,3051,dwellings
2024-06-30,vic,approvals_houses,2722,dwellings
2024-07-31,vic,approvals_houses,3000,dwellings
2024-08-31,vic,approvals_houses,3226,dwellings
2024-09-30,vic,approvals_houses,2724,dwellings
2024-10-31,vic,approvals_houses,3139,dwellings
2024-11-30,vic,approvals_houses,2916,dwellings
2024-12-31,vic,approvals_houses,2257,dwellings
2025-01-31,vic,approvals_houses,1913,dwellings
2025-02-28,vic,approvals_houses,2818,dwellings
2025-03-31,vic,approvals_houses,2708,dwellings
2025-04-30,vic,approvals_houses,2321,dwellings
2025-05-31,vic,approvals_houses,3028,dwellings
2025-06-30,vic,approvals_houses,2752,dwellings
2025-07-31,vic,approvals_houses,3185,dwellings
2025-08-31,vic,approvals_houses,2803,dwellings
2025-09-30,vic,approvals_houses,2927,dwellings
2025-10-31,vic,approvals_houses,3092,dwellings
2025-11-30,vic,approvals_houses,2666,dwellings
2025-12-31,vic,approvals_houses,2476,dwellings
2026-01-31,vic,approvals_houses,1761,dwellings
2026-02-28,vic,approvals_houses,3101,dwellings
2026-03-31,vic,approvals_houses,3046,dwellings
2026-04-30,vic,approvals_houses,2977,dwellings
2026-05-31,vic,approvals_houses,3011,dwellings
1970-07-31,vic,approvals_other_residential,661,dwellings
1970-08-31,vic,approvals_other_residential,1135,dwellings
1970-09-30,vic,approvals_other_residential,937,dwellings
1970-10-31,vic,approvals_other_residential,827,dwellings
1970-11-30,vic,approvals_other_residential,727,dwellings
1970-12-31,vic,approvals_other_residential,1095,dwellings
1971-01-31,vic,approvals_other_residential,401,dwellings
1971-02-28,vic,approvals_other_residential,681,dwellings
1971-03-31,vic,approvals_other_residential,762,dwellings
1971-04-30,vic,approvals_other_residential,880,dwellings
1971-05-31,vic,approvals_other_residential,716,dwellings
1971-06-30,vic,approvals_other_residential,849,dwellings
1971-07-31,vic,approvals_other_residential,708,dwellings
1971-08-31,vic,approvals_other_residential,749,dwellings
1971-09-30,vic,approvals_other_residential,1048,dwellings
1971-10-31,vic,approvals_other_residential,673,dwellings
1971-11-30,vic,approvals_other_residential,909,dwellings
1971-12-31,vic,approvals_other_residential,756,dwellings
1972-01-31,vic,approvals_other_residential,370,dwellings
1972-02-29,vic,approvals_other_residential,823,dwellings
1972-03-31,vic,approvals_other_residential,1209,dwellings
1972-04-30,vic,approvals_other_residential,671,dwellings
1972-05-31,vic,approvals_other_residential,1129,dwellings
1972-06-30,vic,approvals_other_residential,1258,dwellings
1972-07-31,vic,approvals_other_residential,1168,dwellings
1972-08-31,vic,approvals_other_residential,1118,dwellings
1972-09-30,vic,approvals_other_residential,1139,dwellings
1972-10-31,vic,approvals_other_residential,1171,dwellings
1972-11-30,vic,approvals_other_residential,1300,dwellings
1972-12-31,vic,approvals_other_residential,886,dwellings
1973-01-31,vic,approvals_other_residential,873,dwellings
1973-02-28,vic,approvals_other_residential,964,dwellings
1973-03-31,vic,approvals_other_residential,1450,dwellings
1973-04-30,vic,approvals_other_residential,898,dwellings
1973-05-31,vic,approvals_other_residential,1533,dwellings
1973-06-30,vic,approvals_other_residential,1169,dwellings
1973-07-31,vic,approvals_other_residential,1568,dwellings
1973-08-31,vic,approvals_other_residential,1319,dwellings
1973-09-30,vic,approvals_other_residential,1134,dwellings
1973-10-31,vic,approvals_other_residential,1363,dwellings
1973-11-30,vic,approvals_other_residential,1240,dwellings
1973-12-31,vic,approvals_other_residential,1019,dwellings
1974-01-31,vic,approvals_other_residential,690,dwellings
1974-02-28,vic,approvals_other_residential,976,dwellings
1974-03-31,vic,approvals_other_residential,1013,dwellings
1974-04-30,vic,approvals_other_residential,944,dwellings
1974-05-31,vic,approvals_other_residential,807,dwellings
1974-06-30,vic,approvals_other_residential,823,dwellings
1974-07-31,vic,approvals_other_residential,703,dwellings
1974-08-31,vic,approvals_other_residential,525,dwellings
1974-09-30,vic,approvals_other_residential,592,dwellings
1974-10-31,vic,approvals_other_residential,584,dwellings
1974-11-30,vic,approvals_other_residential,525,dwellings
1974-12-31,vic,approvals_other_residential,497,dwellings
1975-01-31,vic,approvals_other_residential,368,dwellings
1975-02-28,vic,approvals_other_residential,674,dwellings
1975-03-31,vic,approvals_other_residential,695,dwellings
1975-04-30,vic,approvals_other_residential,503,dwellings
1975-05-31,vic,approvals_other_residential,821,dwellings
1975-06-30,vic,approvals_other_residential,618,dwellings
1975-07-31,vic,approvals_other_residential,713,dwellings
1975-08-31,vic,approvals_other_residential,662,dwellings
1975-09-30,vic,approvals_other_residential,756,dwellings
1975-10-31,vic,approvals_other_residential,731,dwellings
1975-11-30,vic,approvals_other_residential,814,dwellings
1975-12-31,vic,approvals_other_residential,898,dwellings
1976-01-31,vic,approvals_other_residential,438,dwellings
1976-02-29,vic,approvals_other_residential,745,dwellings
1976-03-31,vic,approvals_other_residential,758,dwellings
1976-04-30,vic,approvals_other_residential,680,dwellings
1976-05-31,vic,approvals_other_residential,778,dwellings
1976-06-30,vic,approvals_other_residential,795,dwellings
1976-07-31,vic,approvals_other_residential,802,dwellings
1976-08-31,vic,approvals_other_residential,664,dwellings
1976-09-30,vic,approvals_other_residential,599,dwellings
1976-10-31,vic,approvals_other_residential,562,dwellings
1976-11-30,vic,approvals_other_residential,838,dwellings
1976-12-31,vic,approvals_other_residential,829,dwellings
1977-01-31,vic,approvals_other_residential,320,dwellings
1977-02-28,vic,approvals_other_residential,615,dwellings
1977-03-31,vic,approvals_other_residential,550,dwellings
1977-04-30,vic,approvals_other_residential,450,dwellings
1977-05-31,vic,approvals_other_residential,665,dwellings
1977-06-30,vic,approvals_other_residential,488,dwellings
1977-07-31,vic,approvals_other_residential,417,dwellings
1977-08-31,vic,approvals_other_residential,429,dwellings
1977-09-30,vic,approvals_other_residential,473,dwellings
1977-10-31,vic,approvals_other_residential,341,dwellings
1977-11-30,vic,approvals_other_residential,386,dwellings
1977-12-31,vic,approvals_other_residential,313,dwellings
1978-01-31,vic,approvals_other_residential,201,dwellings
1978-02-28,vic,approvals_other_residential,288,dwellings
1978-03-31,vic,approvals_other_residential,417,dwellings
1978-04-30,vic,approvals_other_residential,388,dwellings
1978-05-31,vic,approvals_other_residential,516,dwellings
1978-06-30,vic,approvals_other_residential,374,dwellings
1978-07-31,vic,approvals_other_residential,313,dwellings
1978-08-31,vic,approvals_other_residential,367,dwellings
1978-09-30,vic,approvals_other_residential,308,dwellings
1978-10-31,vic,approvals_other_residential,347,dwellings
1978-11-30,vic,approvals_other_residential,262,dwellings
1978-12-31,vic,approvals_other_residential,250,dwellings
1979-01-31,vic,approvals_other_residential,393,dwellings
1979-02-28,vic,approvals_other_residential,301,dwellings
1979-03-31,vic,approvals_other_residential,350,dwellings
1979-04-30,vic,approvals_other_residential,245,dwellings
1979-05-31,vic,approvals_other_residential,346,dwellings
1979-06-30,vic,approvals_other_residential,415,dwellings
1979-07-31,vic,approvals_other_residential,235,dwellings
1979-08-31,vic,approvals_other_residential,279,dwellings
1979-09-30,vic,approvals_other_residential,236,dwellings
1979-10-31,vic,approvals_other_residential,312,dwellings
1979-11-30,vic,approvals_other_residential,378,dwellings
1979-12-31,vic,approvals_other_residential,429,dwellings
1980-01-31,vic,approvals_other_residential,259,dwellings
1980-02-29,vic,approvals_other_residential,272,dwellings
1980-03-31,vic,approvals_other_residential,298,dwellings
1980-04-30,vic,approvals_other_residential,446,dwellings
1980-05-31,vic,approvals_other_residential,514,dwellings
1980-06-30,vic,approvals_other_residential,381,dwellings
1980-07-31,vic,approvals_other_residential,404,dwellings
1980-08-31,vic,approvals_other_residential,330,dwellings
1980-09-30,vic,approvals_other_residential,436,dwellings
1980-10-31,vic,approvals_other_residential,357,dwellings
1980-11-30,vic,approvals_other_residential,476,dwellings
1980-12-31,vic,approvals_other_residential,438,dwellings
1981-01-31,vic,approvals_other_residential,270,dwellings
1981-02-28,vic,approvals_other_residential,354,dwellings
1981-03-31,vic,approvals_other_residential,380,dwellings
1981-04-30,vic,approvals_other_residential,476,dwellings
1981-05-31,vic,approvals_other_residential,309,dwellings
1981-06-30,vic,approvals_other_residential,512,dwellings
1981-07-31,vic,approvals_other_residential,361,dwellings
1981-08-31,vic,approvals_other_residential,473,dwellings
1981-09-30,vic,approvals_other_residential,462,dwellings
1981-10-31,vic,approvals_other_residential,579,dwellings
1981-11-30,vic,approvals_other_residential,519,dwellings
1981-12-31,vic,approvals_other_residential,361,dwellings
1982-01-31,vic,approvals_other_residential,444,dwellings
1982-02-28,vic,approvals_other_residential,389,dwellings
1982-03-31,vic,approvals_other_residential,570,dwellings
1982-04-30,vic,approvals_other_residential,437,dwellings
1982-05-31,vic,approvals_other_residential,350,dwellings
1982-06-30,vic,approvals_other_residential,324,dwellings
1982-07-31,vic,approvals_other_residential,659,dwellings
1982-08-31,vic,approvals_other_residential,358,dwellings
1982-09-30,vic,approvals_other_residential,406,dwellings
1982-10-31,vic,approvals_other_residential,454,dwellings
1982-11-30,vic,approvals_other_residential,414,dwellings
1982-12-31,vic,approvals_other_residential,353,dwellings
1983-01-31,vic,approvals_other_residential,327,dwellings
1983-02-28,vic,approvals_other_residential,450,dwellings
1983-03-31,vic,approvals_other_residential,683,dwellings
1983-04-30,vic,approvals_other_residential,395,dwellings
1983-05-31,vic,approvals_other_residential,576,dwellings
1983-06-30,vic,approvals_other_residential,634,dwellings
1983-07-31,vic,approvals_other_residential,340,dwellings
1983-08-31,vic,approvals_other_residential,554,dwellings
1983-09-30,vic,approvals_other_residential,419,dwellings
1983-10-31,vic,approvals_other_residential,389,dwellings
1983-11-30,vic,approvals_other_residential,459,dwellings
1983-12-31,vic,approvals_other_residential,503,dwellings
1984-01-31,vic,approvals_other_residential,394,dwellings
1984-02-29,vic,approvals_other_residential,420,dwellings
1984-03-31,vic,approvals_other_residential,451,dwellings
1984-04-30,vic,approvals_other_residential,510,dwellings
1984-05-31,vic,approvals_other_residential,801,dwellings
1984-06-30,vic,approvals_other_residential,479,dwellings
1984-07-31,vic,approvals_other_residential,800,dwellings
1984-08-31,vic,approvals_other_residential,659,dwellings
1984-09-30,vic,approvals_other_residential,582,dwellings
1984-10-31,vic,approvals_other_residential,794,dwellings
1984-11-30,vic,approvals_other_residential,541,dwellings
1984-12-31,vic,approvals_other_residential,418,dwellings
1985-01-31,vic,approvals_other_residential,547,dwellings
1985-02-28,vic,approvals_other_residential,703,dwellings
1985-03-31,vic,approvals_other_residential,733,dwellings
1985-04-30,vic,approvals_other_residential,589,dwellings
1985-05-31,vic,approvals_other_residential,506,dwellings
1985-06-30,vic,approvals_other_residential,456,dwellings
1985-07-31,vic,approvals_other_residential,641,dwellings
1985-08-31,vic,approvals_other_residential,738,dwellings
1985-09-30,vic,approvals_other_residential,565,dwellings
1985-10-31,vic,approvals_other_residential,650,dwellings
1985-11-30,vic,approvals_other_residential,514,dwellings
1985-12-31,vic,approvals_other_residential,482,dwellings
1986-01-31,vic,approvals_other_residential,321,dwellings
1986-02-28,vic,approvals_other_residential,626,dwellings
1986-03-31,vic,approvals_other_residential,366,dwellings
1986-04-30,vic,approvals_other_residential,391,dwellings
1986-05-31,vic,approvals_other_residential,425,dwellings
1986-06-30,vic,approvals_other_residential,447,dwellings
1986-07-31,vic,approvals_other_residential,600,dwellings
1986-08-31,vic,approvals_other_residential,343,dwellings
1986-09-30,vic,approvals_other_residential,457,dwellings
1986-10-31,vic,approvals_other_residential,492,dwellings
1986-11-30,vic,approvals_other_residential,445,dwellings
1986-12-31,vic,approvals_other_residential,445,dwellings
1987-01-31,vic,approvals_other_residential,319,dwellings
1987-02-28,vic,approvals_other_residential,345,dwellings
1987-03-31,vic,approvals_other_residential,375,dwellings
1987-04-30,vic,approvals_other_residential,255,dwellings
1987-05-31,vic,approvals_other_residential,396,dwellings
1987-06-30,vic,approvals_other_residential,306,dwellings
1987-07-31,vic,approvals_other_residential,392,dwellings
1987-08-31,vic,approvals_other_residential,449,dwellings
1987-09-30,vic,approvals_other_residential,504,dwellings
1987-10-31,vic,approvals_other_residential,379,dwellings
1987-11-30,vic,approvals_other_residential,411,dwellings
1987-12-31,vic,approvals_other_residential,392,dwellings
1988-01-31,vic,approvals_other_residential,443,dwellings
1988-02-29,vic,approvals_other_residential,356,dwellings
1988-03-31,vic,approvals_other_residential,416,dwellings
1988-04-30,vic,approvals_other_residential,206,dwellings
1988-05-31,vic,approvals_other_residential,347,dwellings
1988-06-30,vic,approvals_other_residential,471,dwellings
1988-07-31,vic,approvals_other_residential,436,dwellings
1988-08-31,vic,approvals_other_residential,314,dwellings
1988-09-30,vic,approvals_other_residential,238,dwellings
1988-10-31,vic,approvals_other_residential,295,dwellings
1988-11-30,vic,approvals_other_residential,324,dwellings
1988-12-31,vic,approvals_other_residential,387,dwellings
1989-01-31,vic,approvals_other_residential,184,dwellings
1989-02-28,vic,approvals_other_residential,92,dwellings
1989-03-31,vic,approvals_other_residential,220,dwellings
1989-04-30,vic,approvals_other_residential,200,dwellings
1989-05-31,vic,approvals_other_residential,295,dwellings
1989-06-30,vic,approvals_other_residential,571,dwellings
1989-07-31,vic,approvals_other_residential,156,dwellings
1989-08-31,vic,approvals_other_residential,169,dwellings
1989-09-30,vic,approvals_other_residential,141,dwellings
1989-10-31,vic,approvals_other_residential,53,dwellings
1989-11-30,vic,approvals_other_residential,173,dwellings
1989-12-31,vic,approvals_other_residential,84,dwellings
1990-01-31,vic,approvals_other_residential,108,dwellings
1990-02-28,vic,approvals_other_residential,268,dwellings
1990-03-31,vic,approvals_other_residential,353,dwellings
1990-04-30,vic,approvals_other_residential,222,dwellings
1990-05-31,vic,approvals_other_residential,368,dwellings
1990-06-30,vic,approvals_other_residential,377,dwellings
1990-07-31,vic,approvals_other_residential,203,dwellings
1990-08-31,vic,approvals_other_residential,152,dwellings
1990-09-30,vic,approvals_other_residential,165,dwellings
1990-10-31,vic,approvals_other_residential,318,dwellings
1990-11-30,vic,approvals_other_residential,281,dwellings
1990-12-31,vic,approvals_other_residential,142,dwellings
1991-01-31,vic,approvals_other_residential,175,dwellings
1991-02-28,vic,approvals_other_residential,134,dwellings
1991-03-31,vic,approvals_other_residential,126,dwellings
1991-04-30,vic,approvals_other_residential,231,dwellings
1991-05-31,vic,approvals_other_residential,274,dwellings
1991-06-30,vic,approvals_other_residential,135,dwellings
1991-07-31,vic,approvals_other_residential,240,dwellings
1991-08-31,vic,approvals_other_residential,206,dwellings
1991-09-30,vic,approvals_other_residential,254,dwellings
1991-10-31,vic,approvals_other_residential,423,dwellings
1991-11-30,vic,approvals_other_residential,214,dwellings
1991-12-31,vic,approvals_other_residential,142,dwellings
1992-01-31,vic,approvals_other_residential,190,dwellings
1992-02-29,vic,approvals_other_residential,184,dwellings
1992-03-31,vic,approvals_other_residential,397,dwellings
1992-04-30,vic,approvals_other_residential,261,dwellings
1992-05-31,vic,approvals_other_residential,277,dwellings
1992-06-30,vic,approvals_other_residential,160,dwellings
1992-07-31,vic,approvals_other_residential,197,dwellings
1992-08-31,vic,approvals_other_residential,241,dwellings
1992-09-30,vic,approvals_other_residential,99,dwellings
1992-10-31,vic,approvals_other_residential,136,dwellings
1992-11-30,vic,approvals_other_residential,335,dwellings
1992-12-31,vic,approvals_other_residential,233,dwellings
1993-01-31,vic,approvals_other_residential,139,dwellings
1993-02-28,vic,approvals_other_residential,264,dwellings
1993-03-31,vic,approvals_other_residential,199,dwellings
1993-04-30,vic,approvals_other_residential,240,dwellings
1993-05-31,vic,approvals_other_residential,183,dwellings
1993-06-30,vic,approvals_other_residential,147,dwellings
1993-07-31,vic,approvals_other_residential,404,dwellings
1993-08-31,vic,approvals_other_residential,204,dwellings
1993-09-30,vic,approvals_other_residential,344,dwellings
1993-10-31,vic,approvals_other_residential,279,dwellings
1993-11-30,vic,approvals_other_residential,254,dwellings
1993-12-31,vic,approvals_other_residential,266,dwellings
1994-01-31,vic,approvals_other_residential,381,dwellings
1994-02-28,vic,approvals_other_residential,328,dwellings
1994-03-31,vic,approvals_other_residential,311,dwellings
1994-04-30,vic,approvals_other_residential,331,dwellings
1994-05-31,vic,approvals_other_residential,380,dwellings
1994-06-30,vic,approvals_other_residential,211,dwellings
1994-07-31,vic,approvals_other_residential,219,dwellings
1994-08-31,vic,approvals_other_residential,288,dwellings
1994-09-30,vic,approvals_other_residential,193,dwellings
1994-10-31,vic,approvals_other_residential,337,dwellings
1994-11-30,vic,approvals_other_residential,359,dwellings
1994-12-31,vic,approvals_other_residential,587,dwellings
1995-01-31,vic,approvals_other_residential,187,dwellings
1995-02-28,vic,approvals_other_residential,362,dwellings
1995-03-31,vic,approvals_other_residential,229,dwellings
1995-04-30,vic,approvals_other_residential,253,dwellings
1995-05-31,vic,approvals_other_residential,710,dwellings
1995-06-30,vic,approvals_other_residential,309,dwellings
1995-07-31,vic,approvals_other_residential,180,dwellings
1995-08-31,vic,approvals_other_residential,202,dwellings
1995-09-30,vic,approvals_other_residential,385,dwellings
1995-10-31,vic,approvals_other_residential,284,dwellings
1995-11-30,vic,approvals_other_residential,272,dwellings
1995-12-31,vic,approvals_other_residential,329,dwellings
1996-01-31,vic,approvals_other_residential,166,dwellings
1996-02-29,vic,approvals_other_residential,527,dwellings
1996-03-31,vic,approvals_other_residential,425,dwellings
1996-04-30,vic,approvals_other_residential,399,dwellings
1996-05-31,vic,approvals_other_residential,490,dwellings
1996-06-30,vic,approvals_other_residential,496,dwellings
1996-07-31,vic,approvals_other_residential,642,dwellings
1996-08-31,vic,approvals_other_residential,867,dwellings
1996-09-30,vic,approvals_other_residential,367,dwellings
1996-10-31,vic,approvals_other_residential,734,dwellings
1996-11-30,vic,approvals_other_residential,465,dwellings
1996-12-31,vic,approvals_other_residential,325,dwellings
1997-01-31,vic,approvals_other_residential,690,dwellings
1997-02-28,vic,approvals_other_residential,672,dwellings
1997-03-31,vic,approvals_other_residential,512,dwellings
1997-04-30,vic,approvals_other_residential,502,dwellings
1997-05-31,vic,approvals_other_residential,587,dwellings
1997-06-30,vic,approvals_other_residential,442,dwellings
1997-07-31,vic,approvals_other_residential,552,dwellings
1997-08-31,vic,approvals_other_residential,897,dwellings
1997-09-30,vic,approvals_other_residential,524,dwellings
1997-10-31,vic,approvals_other_residential,369,dwellings
1997-11-30,vic,approvals_other_residential,854,dwellings
1997-12-31,vic,approvals_other_residential,531,dwellings
1998-01-31,vic,approvals_other_residential,552,dwellings
1998-02-28,vic,approvals_other_residential,546,dwellings
1998-03-31,vic,approvals_other_residential,840,dwellings
1998-04-30,vic,approvals_other_residential,757,dwellings
1998-05-31,vic,approvals_other_residential,482,dwellings
1998-06-30,vic,approvals_other_residential,508,dwellings
1998-07-31,vic,approvals_other_residential,538,dwellings
1998-08-31,vic,approvals_other_residential,666,dwellings
1998-09-30,vic,approvals_other_residential,502,dwellings
1998-10-31,vic,approvals_other_residential,693,dwellings
1998-11-30,vic,approvals_other_residential,740,dwellings
1998-12-31,vic,approvals_other_residential,942,dwellings
1999-01-31,vic,approvals_other_residential,643,dwellings
1999-02-28,vic,approvals_other_residential,1082,dwellings
1999-03-31,vic,approvals_other_residential,736,dwellings
1999-04-30,vic,approvals_other_residential,1000,dwellings
1999-05-31,vic,approvals_other_residential,778,dwellings
1999-06-30,vic,approvals_other_residential,541,dwellings
1999-07-31,vic,approvals_other_residential,933,dwellings
1999-08-31,vic,approvals_other_residential,1604,dwellings
1999-09-30,vic,approvals_other_residential,675,dwellings
1999-10-31,vic,approvals_other_residential,941,dwellings
1999-11-30,vic,approvals_other_residential,799,dwellings
1999-12-31,vic,approvals_other_residential,826,dwellings
2000-01-31,vic,approvals_other_residential,1534,dwellings
2000-02-29,vic,approvals_other_residential,1108,dwellings
2000-03-31,vic,approvals_other_residential,1241,dwellings
2000-04-30,vic,approvals_other_residential,799,dwellings
2000-05-31,vic,approvals_other_residential,818,dwellings
2000-06-30,vic,approvals_other_residential,767,dwellings
2000-07-31,vic,approvals_other_residential,1035,dwellings
2000-08-31,vic,approvals_other_residential,751,dwellings
2000-09-30,vic,approvals_other_residential,647,dwellings
2000-10-31,vic,approvals_other_residential,476,dwellings
2000-11-30,vic,approvals_other_residential,619,dwellings
2000-12-31,vic,approvals_other_residential,1245,dwellings
2001-01-31,vic,approvals_other_residential,897,dwellings
2001-02-28,vic,approvals_other_residential,858,dwellings
2001-03-31,vic,approvals_other_residential,1061,dwellings
2001-04-30,vic,approvals_other_residential,598,dwellings
2001-05-31,vic,approvals_other_residential,985,dwellings
2001-06-30,vic,approvals_other_residential,581,dwellings
2001-07-31,vic,approvals_other_residential,807,dwellings
2001-08-31,vic,approvals_other_residential,1948,dwellings
2001-09-30,vic,approvals_other_residential,944,dwellings
2001-10-31,vic,approvals_other_residential,834,dwellings
2001-11-30,vic,approvals_other_residential,640,dwellings
2001-12-31,vic,approvals_other_residential,949,dwellings
2002-01-31,vic,approvals_other_residential,993,dwellings
2002-02-28,vic,approvals_other_residential,689,dwellings
2002-03-31,vic,approvals_other_residential,534,dwellings
2002-04-30,vic,approvals_other_residential,1090,dwellings
2002-05-31,vic,approvals_other_residential,848,dwellings
2002-06-30,vic,approvals_other_residential,1029,dwellings
2002-07-31,vic,approvals_other_residential,1099,dwellings
2002-08-31,vic,approvals_other_residential,2526,dwellings
2002-09-30,vic,approvals_other_residential,869,dwellings
2002-10-31,vic,approvals_other_residential,1525,dwellings
2002-11-30,vic,approvals_other_residential,820,dwellings
2002-12-31,vic,approvals_other_residential,761,dwellings
2003-01-31,vic,approvals_other_residential,1132,dwellings
2003-02-28,vic,approvals_other_residential,608,dwellings
2003-03-31,vic,approvals_other_residential,859,dwellings
2003-04-30,vic,approvals_other_residential,1708,dwellings
2003-05-31,vic,approvals_other_residential,928,dwellings
2003-06-30,vic,approvals_other_residential,864,dwellings
2003-07-31,vic,approvals_other_residential,553,dwellings
2003-08-31,vic,approvals_other_residential,766,dwellings
2003-09-30,vic,approvals_other_residential,1215,dwellings
2003-10-31,vic,approvals_other_residential,1826,dwellings
2003-11-30,vic,approvals_other_residential,552,dwellings
2003-12-31,vic,approvals_other_residential,757,dwellings
2004-01-31,vic,approvals_other_residential,1410,dwellings
2004-02-29,vic,approvals_other_residential,680,dwellings
2004-03-31,vic,approvals_other_residential,696,dwellings
2004-04-30,vic,approvals_other_residential,872,dwellings
2004-05-31,vic,approvals_other_residential,1080,dwellings
2004-06-30,vic,approvals_other_residential,601,dwellings
2004-07-31,vic,approvals_other_residential,512,dwellings
2004-08-31,vic,approvals_other_residential,902,dwellings
2004-09-30,vic,approvals_other_residential,755,dwellings
2004-10-31,vic,approvals_other_residential,1023,dwellings
2004-11-30,vic,approvals_other_residential,743,dwellings
2004-12-31,vic,approvals_other_residential,733,dwellings
2005-01-31,vic,approvals_other_residential,416,dwellings
2005-02-28,vic,approvals_other_residential,691,dwellings
2005-03-31,vic,approvals_other_residential,853,dwellings
2005-04-30,vic,approvals_other_residential,1001,dwellings
2005-05-31,vic,approvals_other_residential,1134,dwellings
2005-06-30,vic,approvals_other_residential,1284,dwellings
2005-07-31,vic,approvals_other_residential,396,dwellings
2005-08-31,vic,approvals_other_residential,522,dwellings
2005-09-30,vic,approvals_other_residential,669,dwellings
2005-10-31,vic,approvals_other_residential,791,dwellings
2005-11-30,vic,approvals_other_residential,557,dwellings
2005-12-31,vic,approvals_other_residential,380,dwellings
2006-01-31,vic,approvals_other_residential,553,dwellings
2006-02-28,vic,approvals_other_residential,531,dwellings
2006-03-31,vic,approvals_other_residential,889,dwellings
2006-04-30,vic,approvals_other_residential,495,dwellings
2006-05-31,vic,approvals_other_residential,812,dwellings
2006-06-30,vic,approvals_other_residential,544,dwellings
2006-07-31,vic,approvals_other_residential,990,dwellings
2006-08-31,vic,approvals_other_residential,561,dwellings
2006-09-30,vic,approvals_other_residential,456,dwellings
2006-10-31,vic,approvals_other_residential,778,dwellings
2006-11-30,vic,approvals_other_residential,712,dwellings
2006-12-31,vic,approvals_other_residential,728,dwellings
2007-01-31,vic,approvals_other_residential,334,dwellings
2007-02-28,vic,approvals_other_residential,1073,dwellings
2007-03-31,vic,approvals_other_residential,649,dwellings
2007-04-30,vic,approvals_other_residential,750,dwellings
2007-05-31,vic,approvals_other_residential,907,dwellings
2007-06-30,vic,approvals_other_residential,716,dwellings
2007-07-31,vic,approvals_other_residential,819,dwellings
2007-08-31,vic,approvals_other_residential,930,dwellings
2007-09-30,vic,approvals_other_residential,1216,dwellings
2007-10-31,vic,approvals_other_residential,1426,dwellings
2007-11-30,vic,approvals_other_residential,789,dwellings
2007-12-31,vic,approvals_other_residential,648,dwellings
2008-01-31,vic,approvals_other_residential,903,dwellings
2008-02-29,vic,approvals_other_residential,992,dwellings
2008-03-31,vic,approvals_other_residential,655,dwellings
2008-04-30,vic,approvals_other_residential,546,dwellings
2008-05-31,vic,approvals_other_residential,1011,dwellings
2008-06-30,vic,approvals_other_residential,968,dwellings
2008-07-31,vic,approvals_other_residential,1347,dwellings
2008-08-31,vic,approvals_other_residential,812,dwellings
2008-09-30,vic,approvals_other_residential,995,dwellings
2008-10-31,vic,approvals_other_residential,1212,dwellings
2008-11-30,vic,approvals_other_residential,574,dwellings
2008-12-31,vic,approvals_other_residential,704,dwellings
2009-01-31,vic,approvals_other_residential,672,dwellings
2009-02-28,vic,approvals_other_residential,1033,dwellings
2009-03-31,vic,approvals_other_residential,1341,dwellings
2009-04-30,vic,approvals_other_residential,567,dwellings
2009-05-31,vic,approvals_other_residential,569,dwellings
2009-06-30,vic,approvals_other_residential,1139,dwellings
2009-07-31,vic,approvals_other_residential,1545,dwellings
2009-08-31,vic,approvals_other_residential,808,dwellings
2009-09-30,vic,approvals_other_residential,1484,dwellings
2009-10-31,vic,approvals_other_residential,950,dwellings
2009-11-30,vic,approvals_other_residential,1294,dwellings
2009-12-31,vic,approvals_other_residential,1794,dwellings
2010-01-31,vic,approvals_other_residential,1095,dwellings
2010-02-28,vic,approvals_other_residential,1191,dwellings
2010-03-31,vic,approvals_other_residential,2293,dwellings
2010-04-30,vic,approvals_other_residential,1873,dwellings
2010-05-31,vic,approvals_other_residential,1550,dwellings
2010-06-30,vic,approvals_other_residential,2061,dwellings
2010-07-31,vic,approvals_other_residential,2461,dwellings
2010-08-31,vic,approvals_other_residential,2748,dwellings
2010-09-30,vic,approvals_other_residential,2325,dwellings
2010-10-31,vic,approvals_other_residential,2061,dwellings
2010-11-30,vic,approvals_other_residential,1931,dwellings
2010-12-31,vic,approvals_other_residential,2519,dwellings
2011-01-31,vic,approvals_other_residential,1656,dwellings
2011-02-28,vic,approvals_other_residential,1147,dwellings
2011-03-31,vic,approvals_other_residential,2396,dwellings
2011-04-30,vic,approvals_other_residential,2074,dwellings
2011-05-31,vic,approvals_other_residential,1168,dwellings
2011-06-30,vic,approvals_other_residential,1906,dwellings
2011-07-31,vic,approvals_other_residential,1636,dwellings
2011-08-31,vic,approvals_other_residential,1899,dwellings
2011-09-30,vic,approvals_other_residential,1432,dwellings
2011-10-31,vic,approvals_other_residential,992,dwellings
2011-11-30,vic,approvals_other_residential,1498,dwellings
2011-12-31,vic,approvals_other_residential,1119,dwellings
2012-01-31,vic,approvals_other_residential,936,dwellings
2012-02-29,vic,approvals_other_residential,1880,dwellings
2012-03-31,vic,approvals_other_residential,1270,dwellings
2012-04-30,vic,approvals_other_residential,1557,dwellings
2012-05-31,vic,approvals_other_residential,2573,dwellings
2012-06-30,vic,approvals_other_residential,3332,dwellings
2012-07-31,vic,approvals_other_residential,1069,dwellings
2012-08-31,vic,approvals_other_residential,2288,dwellings
2012-09-30,vic,approvals_other_residential,2331,dwellings
2012-10-31,vic,approvals_other_residential,1815,dwellings
2012-11-30,vic,approvals_other_residential,2100,dwellings
2012-12-31,vic,approvals_other_residential,1877,dwellings
2013-01-31,vic,approvals_other_residential,1254,dwellings
2013-02-28,vic,approvals_other_residential,1262,dwellings
2013-03-31,vic,approvals_other_residential,1565,dwellings
2013-04-30,vic,approvals_other_residential,2023,dwellings
2013-05-31,vic,approvals_other_residential,1692,dwellings
2013-06-30,vic,approvals_other_residential,1075,dwellings
2013-07-31,vic,approvals_other_residential,2228,dwellings
2013-08-31,vic,approvals_other_residential,1515,dwellings
2013-09-30,vic,approvals_other_residential,2552,dwellings
2013-10-31,vic,approvals_other_residential,2892,dwellings
2013-11-30,vic,approvals_other_residential,2003,dwellings
2013-12-31,vic,approvals_other_residential,1824,dwellings
2014-01-31,vic,approvals_other_residential,1390,dwellings
2014-02-28,vic,approvals_other_residential,2137,dwellings
2014-03-31,vic,approvals_other_residential,1540,dwellings
2014-04-30,vic,approvals_other_residential,2957,dwellings
2014-05-31,vic,approvals_other_residential,1445,dwellings
2014-06-30,vic,approvals_other_residential,1900,dwellings
2014-07-31,vic,approvals_other_residential,2122,dwellings
2014-08-31,vic,approvals_other_residential,2581,dwellings
2014-09-30,vic,approvals_other_residential,2095,dwellings
2014-10-31,vic,approvals_other_residential,2770,dwellings
2014-11-30,vic,approvals_other_residential,4127,dwellings
2014-12-31,vic,approvals_other_residential,3039,dwellings
2015-01-31,vic,approvals_other_residential,1748,dwellings
2015-02-28,vic,approvals_other_residential,3551,dwellings
2015-03-31,vic,approvals_other_residential,3238,dwellings
2015-04-30,vic,approvals_other_residential,2990,dwellings
2015-05-31,vic,approvals_other_residential,3752,dwellings
2015-06-30,vic,approvals_other_residential,1866,dwellings
2015-07-31,vic,approvals_other_residential,2785,dwellings
2015-08-31,vic,approvals_other_residential,2402,dwellings
2015-09-30,vic,approvals_other_residential,2937,dwellings
2015-10-31,vic,approvals_other_residential,4100,dwellings
2015-11-30,vic,approvals_other_residential,1534,dwellings
2015-12-31,vic,approvals_other_residential,2858,dwellings
2016-01-31,vic,approvals_other_residential,2079,dwellings
2016-02-29,vic,approvals_other_residential,2449,dwellings
2016-03-31,vic,approvals_other_residential,2239,dwellings
2016-04-30,vic,approvals_other_residential,2426,dwellings
2016-05-31,vic,approvals_other_residential,2757,dwellings
2016-06-30,vic,approvals_other_residential,2647,dwellings
2016-07-31,vic,approvals_other_residential,3703,dwellings
2016-08-31,vic,approvals_other_residential,3020,dwellings
2016-09-30,vic,approvals_other_residential,2268,dwellings
2016-10-31,vic,approvals_other_residential,1571,dwellings
2016-11-30,vic,approvals_other_residential,2594,dwellings
2016-12-31,vic,approvals_other_residential,3732,dwellings
2017-01-31,vic,approvals_other_residential,2230,dwellings
2017-02-28,vic,approvals_other_residential,2786,dwellings
2017-03-31,vic,approvals_other_residential,2257,dwellings
2017-04-30,vic,approvals_other_residential,1719,dwellings
2017-05-31,vic,approvals_other_residential,1943,dwellings
2017-06-30,vic,approvals_other_residential,2092,dwellings
2017-07-31,vic,approvals_other_residential,2329,dwellings
2017-08-31,vic,approvals_other_residential,2346,dwellings
2017-09-30,vic,approvals_other_residential,2249,dwellings
2017-10-31,vic,approvals_other_residential,3541,dwellings
2017-11-30,vic,approvals_other_residential,6578,dwellings
2017-12-31,vic,approvals_other_residential,2976,dwellings
2018-01-31,vic,approvals_other_residential,3206,dwellings
2018-02-28,vic,approvals_other_residential,2697,dwellings
2018-03-31,vic,approvals_other_residential,2990,dwellings
2018-04-30,vic,approvals_other_residential,2412,dwellings
2018-05-31,vic,approvals_other_residential,2713,dwellings
2018-06-30,vic,approvals_other_residential,2009,dwellings
2018-07-31,vic,approvals_other_residential,1988,dwellings
2018-08-31,vic,approvals_other_residential,1438,dwellings
2018-09-30,vic,approvals_other_residential,2739,dwellings
2018-10-31,vic,approvals_other_residential,2561,dwellings
2018-11-30,vic,approvals_other_residential,1923,dwellings
2018-12-31,vic,approvals_other_residential,1538,dwellings
2019-01-31,vic,approvals_other_residential,1241,dwellings
2019-02-28,vic,approvals_other_residential,2744,dwellings
2019-03-31,vic,approvals_other_residential,2174,dwellings
2019-04-30,vic,approvals_other_residential,1170,dwellings
2019-05-31,vic,approvals_other_residential,1798,dwellings
2019-06-30,vic,approvals_other_residential,2027,dwellings
2019-07-31,vic,approvals_other_residential,1253,dwellings
2019-08-31,vic,approvals_other_residential,1389,dwellings
2019-09-30,vic,approvals_other_residential,1546,dwellings
2019-10-31,vic,approvals_other_residential,2248,dwellings
2019-11-30,vic,approvals_other_residential,1779,dwellings
2019-12-31,vic,approvals_other_residential,3571,dwellings
2020-01-31,vic,approvals_other_residential,1130,dwellings
2020-02-29,vic,approvals_other_residential,3872,dwellings
2020-03-31,vic,approvals_other_residential,2009,dwellings
2020-04-30,vic,approvals_other_residential,2180,dwellings
2020-05-31,vic,approvals_other_residential,1583,dwellings
2020-06-30,vic,approvals_other_residential,1502,dwellings
2020-07-31,vic,approvals_other_residential,2447,dwellings
2020-08-31,vic,approvals_other_residential,2050,dwellings
2020-09-30,vic,approvals_other_residential,2299,dwellings
2020-10-31,vic,approvals_other_residential,1623,dwellings
2020-11-30,vic,approvals_other_residential,1371,dwellings
2020-12-31,vic,approvals_other_residential,1421,dwellings
2021-01-31,vic,approvals_other_residential,891,dwellings
2021-02-28,vic,approvals_other_residential,1639,dwellings
2021-03-31,vic,approvals_other_residential,2697,dwellings
2021-04-30,vic,approvals_other_residential,1346,dwellings
2021-05-31,vic,approvals_other_residential,1704,dwellings
2021-06-30,vic,approvals_other_residential,2496,dwellings
2021-07-31,vic,approvals_other_residential,1924,dwellings
2021-08-31,vic,approvals_other_residential,2382,dwellings
2021-09-30,vic,approvals_other_residential,2153,dwellings
2021-10-31,vic,approvals_other_residential,1864,dwellings
2021-11-30,vic,approvals_other_residential,2563,dwellings
2021-12-31,vic,approvals_other_residential,2482,dwellings
2022-01-31,vic,approvals_other_residential,1204,dwellings
2022-02-28,vic,approvals_other_residential,3624,dwellings
2022-03-31,vic,approvals_other_residential,1610,dwellings
2022-04-30,vic,approvals_other_residential,2427,dwellings
2022-05-31,vic,approvals_other_residential,1816,dwellings
2022-06-30,vic,approvals_other_residential,2085,dwellings
2022-07-31,vic,approvals_other_residential,1130,dwellings
2022-08-31,vic,approvals_other_residential,2103,dwellings
2022-09-30,vic,approvals_other_residential,2254,dwellings
2022-10-31,vic,approvals_other_residential,2521,dwellings
2022-11-30,vic,approvals_other_residential,2111,dwellings
2022-12-31,vic,approvals_other_residential,3001,dwellings
2023-01-31,vic,approvals_other_residential,1041,dwellings
2023-02-28,vic,approvals_other_residential,1224,dwellings
2023-03-31,vic,approvals_other_residential,1304,dwellings
2023-04-30,vic,approvals_other_residential,1003,dwellings
2023-05-31,vic,approvals_other_residential,1536,dwellings
2023-06-30,vic,approvals_other_residential,1934,dwellings
2023-07-31,vic,approvals_other_residential,1430,dwellings
2023-08-31,vic,approvals_other_residential,2136,dwellings
2023-09-30,vic,approvals_other_residential,2188,dwellings
2023-10-31,vic,approvals_other_residential,1727,dwellings
2023-11-30,vic,approvals_other_residential,2175,dwellings
2023-12-31,vic,approvals_other_residential,1212,dwellings
2024-01-31,vic,approvals_other_residential,1470,dwellings
2024-02-29,vic,approvals_other_residential,1043,dwellings
2024-03-31,vic,approvals_other_residential,1034,dwellings
2024-04-30,vic,approvals_other_residential,1232,dwellings
2024-05-31,vic,approvals_other_residential,1807,dwellings
2024-06-30,vic,approvals_other_residential,938,dwellings
2024-07-31,vic,approvals_other_residential,2114,dwellings
2024-08-31,vic,approvals_other_residential,1554,dwellings
2024-09-30,vic,approvals_other_residential,1999,dwellings
2024-10-31,vic,approvals_other_residential,3253,dwellings
2024-11-30,vic,approvals_other_residential,1960,dwellings
2024-12-31,vic,approvals_other_residential,1651,dwellings
2025-01-31,vic,approvals_other_residential,1959,dwellings
2025-02-28,vic,approvals_other_residential,2995,dwellings
2025-03-31,vic,approvals_other_residential,1634,dwellings
2025-04-30,vic,approvals_other_residential,1571,dwellings
2025-05-31,vic,approvals_other_residential,1587,dwellings
2025-06-30,vic,approvals_other_residential,1445,dwellings
2025-07-31,vic,approvals_other_residential,1658,dwellings
2025-08-31,vic,approvals_other_residential,1375,dwellings
2025-09-30,vic,approvals_other_residential,2656,dwellings
2025-10-31,vic,approvals_other_residential,1726,dwellings
2025-11-30,vic,approvals_other_residential,2285,dwellings
2025-12-31,vic,approvals_other_residential,964,dwellings
2026-01-31,vic,approvals_other_residential,561,dwellings
2026-02-28,vic,approvals_other_residential,2933,dwellings
2026-03-31,vic,approvals_other_residential,2201,dwellings
2026-04-30,vic,approvals_other_residential,2227,dwellings
2026-05-31,vic,approvals_other_residential,1693,dwellings
